{
  "dir_read_c": {
    "metric": {
      "instance": "172.17.0.1:8000", 
      "hostname": "longz-experiment", 
      "pid": "17126", 
      "directory": "/data/blockchain/eth-data", 
      "job": "syscall_monitoring", 
      "application_name": "openethereum", 
      "__name__": "dir_reads_total"
    }, 
    "values": [
      [
        1632262002, 
        "126584"
      ], 
      [
        1632262017, 
        "90695"
      ], 
      [
        1632262032, 
        "88032"
      ], 
      [
        1632262047, 
        "18371"
      ], 
      [
        1632262062, 
        "23728"
      ], 
      [
        1632262077, 
        "26721"
      ], 
      [
        1632262092, 
        "24084"
      ], 
      [
        1632262107, 
        "24097"
      ], 
      [
        1632262122, 
        "24830"
      ], 
      [
        1632262137, 
        "13160"
      ], 
      [
        1632262152, 
        "14172"
      ], 
      [
        1632262167, 
        "11111"
      ], 
      [
        1632262182, 
        "12127"
      ], 
      [
        1632262197, 
        "26525"
      ], 
      [
        1632262212, 
        "25435"
      ], 
      [
        1632262227, 
        "24820"
      ], 
      [
        1632262242, 
        "27400"
      ], 
      [
        1632262257, 
        "26484"
      ], 
      [
        1632262272, 
        "24479"
      ], 
      [
        1632262287, 
        "5008"
      ], 
      [
        1632262302, 
        "5008"
      ]
    ]
  }, 
  "stat": {
    "dir_read_c": {
      "max": 90695.0, 
      "mean": 31565.285714285714, 
      "variance": 913305244.6802726, 
      "min": 5008.0
    }, 
    "dir_reads": {
      "max": 1817165824.0, 
      "mean": 498498462.47619045, 
      "variance": 4.0975835553497075e+17, 
      "min": 53931008.0
    }, 
    "tcp_conn": {
      "max": 225.0, 
      "mean": 170.66666666666666, 
      "variance": 4386.793650793649, 
      "min": 41.0
    }, 
    "kvdb_bytes_read": {
      "max": 27600.625940000384, 
      "mean": 27073.76594, 
      "variance": 13895123545.457611, 
      "min": 0.0
    }, 
    "tcp_sends": {
      "max": 64512.0, 
      "mean": 28330.666666666668, 
      "variance": 219834790.60317472, 
      "min": 22528.0
    }, 
    "dir_writes": {
      "max": 287995904.0, 
      "mean": 245152865.52380952, 
      "variance": 5273428640751858.0, 
      "min": 54782976.0
    }, 
    "kvdb_bytes_write": {
      "max": 38141.08778400054, 
      "mean": 38141.087784, 
      "variance": 27640108969.5891, 
      "min": 0.0
    }, 
    "dir_write_c": {
      "max": 1545.0, 
      "mean": 2408.3809523809523, 
      "variance": 87426050.33106576, 
      "min": 65.0
    }, 
    "peer_stats": {
      "max": 0.0, 
      "mean": 0.0, 
      "variance": 0.0, 
      "min": 0.0
    }, 
    "tcp_recvs": {
      "max": 130048.0, 
      "mean": 30037.333333333332, 
      "variance": 10376541655.365074, 
      "min": 0.0
    }
  }, 
  "dir_reads": {
    "metric": {
      "instance": "172.17.0.1:8000", 
      "hostname": "longz-experiment", 
      "pid": "17126", 
      "directory": "/data/blockchain/eth-data", 
      "job": "syscall_monitoring", 
      "application_name": "openethereum"
    }, 
    "values": [
      [
        1632262002, 
        "2496708608"
      ], 
      [
        1632262017, 
        "1817165824"
      ], 
      [
        1632262032, 
        "1762169856"
      ], 
      [
        1632262047, 
        "267534336"
      ], 
      [
        1632262062, 
        "261228544"
      ], 
      [
        1632262077, 
        "425908224"
      ], 
      [
        1632262092, 
        "253981696"
      ], 
      [
        1632262107, 
        "254208000"
      ], 
      [
        1632262122, 
        "264070144"
      ], 
      [
        1632262137, 
        "264711168"
      ], 
      [
        1632262152, 
        "288594944"
      ], 
      [
        1632262167, 
        "233377792"
      ], 
      [
        1632262182, 
        "253305856"
      ], 
      [
        1632262197, 
        "264517632"
      ], 
      [
        1632262212, 
        "248114176"
      ], 
      [
        1632262227, 
        "241969152"
      ], 
      [
        1632262242, 
        "267954176"
      ], 
      [
        1632262257, 
        "258483200"
      ], 
      [
        1632262272, 
        "236602368"
      ], 
      [
        1632262287, 
        "53931008"
      ], 
      [
        1632262302, 
        "53931008"
      ]
    ]
  }, 
  "tcp_conn": {
    "metric": {}, 
    "values": [
      [
        1632262002, 
        "58"
      ], 
      [
        1632262017, 
        "41"
      ], 
      [
        1632262032, 
        "26"
      ], 
      [
        1632262047, 
        "225"
      ], 
      [
        1632262062, 
        "359"
      ], 
      [
        1632262077, 
        "188"
      ], 
      [
        1632262092, 
        "186"
      ], 
      [
        1632262107, 
        "185"
      ], 
      [
        1632262122, 
        "181"
      ], 
      [
        1632262137, 
        "174"
      ], 
      [
        1632262152, 
        "188"
      ], 
      [
        1632262167, 
        "192"
      ], 
      [
        1632262182, 
        "186"
      ], 
      [
        1632262197, 
        "184"
      ], 
      [
        1632262212, 
        "174"
      ], 
      [
        1632262227, 
        "178"
      ], 
      [
        1632262242, 
        "177"
      ], 
      [
        1632262257, 
        "168"
      ], 
      [
        1632262272, 
        "191"
      ], 
      [
        1632262287, 
        "178"
      ], 
      [
        1632262302, 
        "145"
      ]
    ]
  }, 
  "kvdb_bytes_read": {
    "metric": {
      "instance": "172.17.0.1:3033", 
      "job": "openethereum"
    }, 
    "values": [
      [
        1632262002, 
        "540889.9188"
      ], 
      [
        1632262032, 
        "585.4"
      ], 
      [
        1632262047, 
        "0"
      ], 
      [
        1632262062, 
        "0"
      ], 
      [
        1632262077, 
        "0"
      ], 
      [
        1632262092, 
        "0"
      ], 
      [
        1632262107, 
        "0"
      ], 
      [
        1632262122, 
        "0"
      ], 
      [
        1632262137, 
        "0"
      ], 
      [
        1632262152, 
        "0"
      ], 
      [
        1632262167, 
        "0"
      ], 
      [
        1632262182, 
        "0"
      ], 
      [
        1632262197, 
        "0"
      ], 
      [
        1632262212, 
        "0"
      ], 
      [
        1632262227, 
        "0"
      ], 
      [
        1632262242, 
        "0"
      ], 
      [
        1632262257, 
        "0"
      ], 
      [
        1632262272, 
        "0"
      ], 
      [
        1632262287, 
        "0"
      ], 
      [
        1632262302, 
        "0"
      ]
    ]
  }, 
  "tcp_sends": {
    "metric": {},