{
  "dir_read_c": {
    "metric": {
      "instance": "172.17.0.1:8000", 
      "hostname": "longz-experiment", 
      "pid": "17126", 
      "directory": "/data/blockchain/eth-data", 
      "job": "syscall_monitoring", 
      "application_name": "openethereum", 
      "__name__": "dir_reads_total"
    }, 
    "values": [
      [
        1632261701, 
        "40679"
      ], 
      [
        1632261716, 
        "167387"
      ], 
      [
        1632261731, 
        "135888"
      ], 
      [
        1632261746, 
        "193912"
      ], 
      [
        1632261761, 
        "106277"
      ], 
      [
        1632261776, 
        "61362"
      ], 
      [
        1632261791, 
        "131386"
      ], 
      [
        1632261806, 
        "116711"
      ], 
      [
        1632261821, 
        "97331"
      ], 
      [
        1632261836, 
        "137785"
      ], 
      [
        1632261851, 
        "101915"
      ], 
      [
        1632261866, 
        "66953"
      ], 
      [
        1632261881, 
        "97267"
      ], 
      [
        1632261896, 
        "151172"
      ], 
      [
        1632261911, 
        "163446"
      ], 
      [
        1632261926, 
        "211969"
      ], 
      [
        1632261941, 
        "221782"
      ], 
      [
        1632261956, 
        "197538"
      ], 
      [
        1632261971, 
        "178731"
      ], 
      [
        1632261986, 
        "165112"
      ], 
      [
        1632262001, 
        "126584"
      ]
    ]
  }, 
  "stat": {
    "dir_read_c": {
      "max": 211969.0, 
      "mean": 136723.19047619047, 
      "variance": 2373907294.9161, 
      "min": 61362.0
    }, 
    "dir_reads": {
      "max": 4373076992.0, 
      "mean": 2771126808.3809524, 
      "variance": 1.0644886717677903e+18, 
      "min": 1164763136.0
    }, 
    "tcp_conn": {
      "max": 289.0, 
      "mean": 112.61904761904762, 
      "variance": 13376.712018140588, 
      "min": 10.0
    }, 
    "kvdb_bytes_read": {
      "max": 864637.81, 
      "mean": 455104.775916, 
      "variance": 58252901397.30788, 
      "min": 120140.55
    }, 
    "tcp_sends": {
      "max": 596992.0, 
      "mean": 261607.61904761905, 
      "variance": 93492196488.99774, 
      "min": 21504.0
    }, 
    "dir_writes": {
      "max": 636192768.0, 
      "mean": 262202758.0952381, 
      "variance": 2.0080014887720236e+16, 
      "min": 145687552.0
    }, 
    "kvdb_bytes_write": {
      "max": 2236270.885, 
      "mean": 501947.87730933336, 
      "variance": 576734390927.1011, 
      "min": 0.0
    }, 
    "dir_write_c": {
      "max": 10076.0, 
      "mean": 3839.0476190476193, 
      "variance": 97088190.42630386, 
      "min": 190.0
    }, 
    "peer_stats": {
      "max": 19.5, 
      "mean": 15.1875, 
      "variance": 8.65234375, 
      "min": 10.75
    }, 
    "tcp_recvs": {
      "max": 3969024.0, 
      "mean": 3200000.0, 
      "variance": 46321039935000.38, 
      "min": 315392.0
    }
  }, 
  "dir_reads": {
    "metric": {
      "instance": "172.17.0.1:8000", 
      "hostname": "longz-experiment", 
      "pid": "17126", 
      "directory": "/data/blockchain/eth-data", 
      "job": "syscall_monitoring", 
      "application_name": "openethereum"
    }, 
    "values": [
      [
        1632261701, 
        "803189760"
      ], 
      [
        1632261716, 
        "3397499904"
      ], 
      [
        1632261731, 
        "2926359552"
      ], 
      [
        1632261746, 
        "4316574720"
      ], 
      [
        1632261761, 
        "2085636096"
      ], 
      [
        1632261776, 
        "1164763136"
      ], 
      [
        1632261791, 
        "2582980608"
      ], 
      [
        1632261806, 
        "2304778240"
      ], 
      [
        1632261821, 
        "1992067072"
      ], 
      [
        1632261836, 
        "2759235584"
      ], 
      [
        1632261851, 
        "1991181312"
      ], 
      [
        1632261866, 
        "1258907648"
      ], 
      [
        1632261881, 
        "1961513984"
      ], 
      [
        1632261896, 
        "3240768512"
      ], 
      [
        1632261911, 
        "3442037760"
      ], 
      [
        1632261926, 
        "4373076992"
      ], 
      [
        1632261941, 
        "4487733248"
      ], 
      [
        1632261956, 
        "3861970944"
      ], 
      [
        1632261971, 
        "3517475840"
      ], 
      [
        1632261986, 
        "3229203456"
      ], 
      [
        1632262001, 
        "2496708608"
      ]
    ]
  }, 
  "tcp_conn": {
    "metric": {}, 
    "values": [
      [
        1632261701, 
        "214"
      ], 
      [
        1632261716, 
        "64"
      ], 
      [
        1632261731, 
        "204"
      ], 
      [
        1632261746, 
        "2"
      ], 
      [
        1632261761, 
        "70"
      ], 
      [
        1632261776, 
        "416"
      ], 
      [
        1632261791, 
        "80"
      ], 
      [
        1632261806, 
        "63"
      ], 
      [
        1632261821, 
        "187"
      ], 
      [
        1632261836, 
        "10"
      ], 
      [
        1632261851, 
        "255"
      ], 
      [
        1632261866, 
        "289"
      ], 
      [
        1632261881, 
        "273"
      ], 
      [
        1632261896, 
        "26"
      ], 
      [
        1632261911, 
        "38"
      ], 
      [
        1632261926, 
        "30"
      ], 
      [
        1632261941, 
        "10"
      ], 
      [
        1632261956, 
        "17"
      ], 
      [
        1632261971, 
        "10"
      ], 
      [
        1632261986, 
        "49"
      ], 
      [
        1632262001, 
        "58"
      ]
    ]
  }, 
  "kvdb_bytes_read": {
    "metric": {
      "instance": "172.17.0.1:3033", 
      "job": "openethereum"
    }, 
    "values": [
      [
        1632261701, 
        "860796.9"
      ], 
      [
        1632261716, 
        "457787.7"
      ], 
      [
        1632261731, 
        "937615.1"
      ], 
      [
        1632261746, 
        "615914.4"
      ], 
      [
        1632261761, 
        "177348.3"
      ], 
      [
        1632261776, 
        "450234.3"
      ], 
      [
        1632261791, 
        "723268.6"
      ], 
      [
        1632261806, 
        "364232"
      ], 
      [
        1632261821, 
        "204812.22306666666"
      ], 
      [
        1632261836, 
        "287668.8"
      ], 
      [
        1632261851, 
        "91548.4"
      ], 
      [
        1632261866, 
        "393838.1"
      ], 
      [
        1632261881, 
        "678534.5"
      ], 
      [
        1632261896, 
        "619620"
      ], 
      [
        1632261926, 
        "447347.2"
      ], 
      [
        1632261941, 
        "121645.4"
      ], 
      [
        1632261956, 
        "493816.6"
      ], 
      [
        1632261971, 
        "217867.40829333334"
      ], 
      [
        1632261986, 
        "243870.58696"
      ], 
      [
        1632262001, 
        "714329"
      ]
    ]
  }, 
  "tcp_sends": {
    "metric": {},