{
  "dir_read_c": {
    "metric": {
      "instance": "172.17.0.1:8000", 
      "hostname": "longz-experiment", 
      "pid": "17126", 
      "directory": "/data/blockchain/eth-data", 
      "job": "syscall_monitoring", 
      "application_name": "openethereum", 
      "__name__": "dir_reads_total"
    }, 
    "values": [
      [
        1632262605, 
        "192522"
      ], 
      [
        1632262620, 
        "176323"
      ], 
      [
        1632262635, 
        "160067"
      ], 
      [
        1632262650, 
        "212847"
      ], 
      [
        1632262665, 
        "144005"
      ], 
      [
        1632262680, 
        "196165"
      ], 
      [
        1632262695, 
        "194975"
      ], 
      [
        1632262710, 
        "149296"
      ], 
      [
        1632262725, 
        "80050"
      ], 
      [
        1632262740, 
        "26015"
      ], 
      [
        1632262755, 
        "76910"
      ], 
      [
        1632262770, 
        "97711"
      ], 
      [
        1632262785, 
        "101170"
      ], 
      [
        1632262800, 
        "96608"
      ], 
      [
        1632262815, 
        "125952"
      ], 
      [
        1632262830, 
        "80953"
      ], 
      [
        1632262845, 
        "103115"
      ], 
      [
        1632262860, 
        "160768"
      ], 
      [
        1632262875, 
        "155028"
      ], 
      [
        1632262890, 
        "92743"
      ], 
      [
        1632262905, 
        "110492"
      ]
    ]
  }, 
  "stat": {
    "dir_read_c": {
      "max": 196165.0, 
      "mean": 130176.90476190476, 
      "variance": 2313884112.8480725, 
      "min": 76910.0
    }, 
    "dir_reads": {
      "max": 4018044928.0, 
      "mean": 2602208743.6190476, 
      "variance": 9.668943295688271e+17, 
      "min": 1490875392.0
    }, 
    "tcp_conn": {
      "max": 292.0, 
      "mean": 119.9047619047619, 
      "variance": 13453.22902494331, 
      "min": 7.0
    }, 
    "kvdb_bytes_read": {
      "max": 1006717.555, 
      "mean": 515891.87029999995, 
      "variance": 94956766519.05605, 
      "min": 173383.835
    }, 
    "tcp_sends": {
      "max": 211968.0, 
      "mean": 105862.09523809524, 
      "variance": 4655724994.467122, 
      "min": 18432.0
    }, 
    "dir_writes": {
      "max": 789936128.0, 
      "mean": 248109738.66666666, 
      "variance": 6.113693355752898e+16, 
      "min": 5592064.0
    }, 
    "kvdb_bytes_write": {
      "max": 1249582.5590160014, 
      "mean": 439644.05655200005, 
      "variance": 424528823111.8038, 
      "min": 0.0
    }, 
    "dir_write_c": {
      "max": 18274.0, 
      "mean": 3546.3809523809523, 
      "variance": 98711669.4739229, 
      "min": 179.0
    }, 
    "peer_stats": {
      "max": 9.0, 
      "mean": 3.6666666666666665, 
      "variance": 7.0, 
      "min": 1.0
    }, 
    "tcp_recvs": {
      "max": 24699904.0, 
      "mean": 5810614.857142857, 
      "variance": 78327113412914.48, 
      "min": 20480.0
    }
  }, 
  "dir_reads": {
    "metric": {
      "instance": "172.17.0.1:8000", 
      "hostname": "longz-experiment", 
      "pid": "17126", 
      "directory": "/data/blockchain/eth-data", 
      "job": "syscall_monitoring", 
      "application_name": "openethereum"
    }, 
    "values": [
      [
        1632262605, 
        "3901831168"
      ], 
      [
        1632262620, 
        "3468650496"
      ], 
      [
        1632262635, 
        "3134778368"
      ], 
      [
        1632262650, 
        "4329187328"
      ], 
      [
        1632262665, 
        "2855124992"
      ], 
      [
        1632262680, 
        "3968005120"
      ], 
      [
        1632262695, 
        "4018044928"
      ], 
      [
        1632262710, 
        "2782048256"
      ], 
      [
        1632262725, 
        "1490875392"
      ], 
      [
        1632262740, 
        "482944000"
      ], 
      [
        1632262755, 
        "1547028480"
      ], 
      [
        1632262770, 
        "1930659840"
      ], 
      [
        1632262785, 
        "2026394624"
      ], 
      [
        1632262800, 
        "1937827840"
      ], 
      [
        1632262815, 
        "2532951040"
      ], 
      [
        1632262830, 
        "1626607616"
      ], 
      [
        1632262845, 
        "2050414592"
      ], 
      [
        1632262860, 
        "3298043904"
      ], 
      [
        1632262875, 
        "3094681600"
      ], 
      [
        1632262890, 
        "1932728320"
      ], 
      [
        1632262905, 
        "2237555712"
      ]
    ]
  }, 
  "tcp_conn": {
    "metric": {}, 
    "values": [
      [
        1632262605, 
        "43"
      ], 
      [
        1632262620, 
        "12"
      ], 
      [
        1632262635, 
        "148"
      ], 
      [
        1632262650, 
        "7"
      ], 
      [
        1632262665, 
        "53"
      ], 
      [
        1632262680, 
        "41"
      ], 
      [
        1632262695, 
        "70"
      ], 
      [
        1632262710, 
        "14"
      ], 
      [
        1632262725, 
        "164"
      ], 
      [
        1632262740, 
        "464"
      ], 
      [
        1632262755, 
        "129"
      ], 
      [
        1632262770, 
        "278"
      ], 
      [
        1632262785, 
        "243"
      ], 
      [
        1632262800, 
        "171"
      ], 
      [
        1632262815, 
        "42"
      ], 
      [
        1632262830, 
        "66"
      ], 
      [
        1632262845, 
        "20"
      ], 
      [
        1632262860, 
        "97"
      ], 
      [
        1632262875, 
        "5"
      ], 
      [
        1632262890, 
        "159"
      ], 
      [
        1632262905, 
        "292"
      ]
    ]
  }, 
  "kvdb_bytes_read": {
    "metric": {
      "instance": "172.17.0.1:3033", 
      "job": "openethereum"
    }, 
    "values": [
      [
        1632262605, 
        "939449.2"
      ], 
      [
        1632262620, 
        "821312.8"
      ], 
      [
        1632262635, 
        "438103.7376800001"
      ], 
      [
        1632262650, 
        "1000461.2"
      ], 
      [
        1632262665, 
        "642134.9999199999"
      ], 
      [
        1632262680, 
        "921763.7"
      ], 
      [
        1632262710, 
        "207431.6"
      ], 
      [
        1632262725, 
        "0"
      ], 
      [
        1632262740, 
        "418775.7"
      ], 
      [
        1632262755, 
        "540157.7"
      ], 
      [
        1632262770, 
        "182509.3"
      ], 
      [
        1632262785, 
        "200367.2"
      ], 
      [
        1632262800, 
        "571439.6"
      ], 
      [
        1632262815, 
        "220785.5"
      ], 
      [
        1632262830, 
        "277038.1684"
      ], 
      [
        1632262845, 
        "561970.2"
      ], 
      [
        1632262860, 
        "480756.9"
      ], 
      [
        1632262875, 
        "565217.1"
      ], 
      [
        1632262890, 
        "202574.5"
      ], 
      [
        1632262905, 
        "1125588.3"
      ]
    ]
  }, 
  "tcp_sends": {
    "metric": {},