{
  "stat": {
    "max": 43.0, 
    "mean": 42.76190476190476, 
    "variance": 0.18140589569161, 
    "min": 42.0
  }, 
  "values": [
    [
      1623158190, 
      42
    ], 
    [
      1623158205, 
      42
    ], 
    [
      1623158220, 
      42
    ], 
    [
      1623158235, 
      43
    ], 
    [
      1623158250, 
      43
    ], 
    [
      1623158265, 
      43
    ], 
    [
      1623158280, 
      43
    ], 
    [
      1623158295, 
      43
    ], 
    [
      1623158310, 
      43
    ], 
    [
      1623158325, 
      43
    ], 
    [
      1623158340, 
      43
    ], 
    [
      1623158355, 
      43
    ], 
    [
      1623158370, 
      43
    ], 
    [
      1623158385, 
      43
    ], 
    [
      1623158400, 
      43
    ], 
    [
      1623158415, 
      43
    ], 
    [
      1623158430, 
      43
    ], 
    [
      1623158445, 
      43
    ], 
    [
      1623158460, 
      43
    ], 
    [
      1623158475, 
      42
    ], 
    [
      1623158490, 
      42
    ]
  ], 
  "name": "geth.p2p/peers.gauge", 
  "columns": [
    "time", 
    "median"
  ]
}