{
  "stat": {
    "max": 41.050000000000004, 
    "mean": 40.05, 
    "variance": 0.3474999999999998, 
    "min": 39.0
  }, 
  "values": [
    [
      1623158565, 
      40
    ], 
    [
      1623158580, 
      40.5
    ], 
    [
      1623158595, 
      42
    ], 
    [
      1623158610, 
      40
    ], 
    [
      1623158625, 
      40
    ], 
    [
      1623158640, 
      40.5
    ], 
    [
      1623158655, 
      40
    ], 
    [
      1623158670, 
      40
    ], 
    [
      1623158685, 
      40
    ], 
    [
      1623158700, 
      41
    ], 
    [
      1623158715, 
      40
    ], 
    [
      1623158730, 
      39.5
    ], 
    [
      1623158745, 
      40
    ], 
    [
      1623158760, 
      40
    ], 
    [
      1623158775, 
      40
    ], 
    [
      1623158790, 
      40
    ], 
    [
      1623158805, 
      40
    ], 
    [
      1623158820, 
      40
    ], 
    [
      1623158835, 
      40
    ], 
    [
      1623158850, 
      39.5
    ]
  ], 
  "name": "geth.p2p/peers.gauge", 
  "columns": [
    "time", 
    "median"
  ]
}