{
  "dir_read_c": {
    "metric": {
      "instance": "172.17.0.1:8000", 
      "hostname": "longz-experiment", 
      "pid": "15341", 
      "directory": "/data/blockchain/eth-data", 
      "job": "syscall_monitoring", 
      "application_name": "openethereum", 
      "__name__": "dir_reads_total"
    }, 
    "values": [
      [
        1632258653, 
        "64870"
      ], 
      [
        1632258668, 
        "202062"
      ], 
      [
        1632258683, 
        "197852"
      ], 
      [
        1632258698, 
        "248945"
      ], 
      [
        1632258713, 
        "192529"
      ], 
      [
        1632258728, 
        "274370"
      ], 
      [
        1632258743, 
        "241950"
      ], 
      [
        1632258758, 
        "46517"
      ], 
      [
        1632258773, 
        "141769"
      ], 
      [
        1632258788, 
        "278124"
      ], 
      [
        1632258803, 
        "274329"
      ], 
      [
        1632258818, 
        "268350"
      ], 
      [
        1632258833, 
        "251478"
      ], 
      [
        1632258848, 
        "278820"
      ], 
      [
        1632258863, 
        "281711"
      ], 
      [
        1632258878, 
        "251761"
      ], 
      [
        1632258893, 
        "267075"
      ], 
      [
        1632258908, 
        "284842"
      ], 
      [
        1632258923, 
        "287545"
      ], 
      [
        1632258938, 
        "279179"
      ], 
      [
        1632258953, 
        "273242"
      ]
    ]
  }, 
  "stat": {
    "dir_read_c": {
      "max": 284842.0, 
      "mean": 232729.52380952382, 
      "variance": 4665558815.297053, 
      "min": 64870.0
    }, 
    "dir_reads": {
      "max": 5730770944.0, 
      "mean": 4675242666.666667, 
      "variance": 1.9286731427426824e+18, 
      "min": 1196621824.0
    }, 
    "tcp_conn": {
      "max": 227.0, 
      "mean": 77.14285714285714, 
      "variance": 14148.122448979591, 
      "min": 3.0
    }, 
    "kvdb_bytes_read": {
      "max": 1642435.025, 
      "mean": 944627.3502199999, 
      "variance": 287634365877.8395, 
      "min": 148397.70792
    }, 
    "tcp_sends": {
      "max": 138240.0, 
      "mean": 56661.333333333336, 
      "variance": 5374334813.460319, 
      "min": 14336.0
    }, 
    "dir_writes": {
      "max": 445086720.0, 
      "mean": 285418788.5714286, 
      "variance": 5212001060609099.0, 
      "min": 227315712.0
    }, 
    "kvdb_bytes_write": {
      "max": 2521629.975, 
      "mean": 578792.78125, 
      "variance": 3687842787155.9585, 
      "min": 0.0
    }, 
    "dir_write_c": {
      "max": 8269.0, 
      "mean": 2796.6666666666665, 
      "variance": 88711380.60317461, 
      "min": 225.0
    }, 
    "peer_stats": {
      "max": 3.0, 
      "mean": 1.2352941176470589, 
      "variance": 0.6505190311418689, 
      "min": 0.0
    }, 
    "tcp_recvs": {
      "max": 1821696.0, 
      "mean": 911408.7619047619, 
      "variance": 6773883894990.656, 
      "min": 0.0
    }
  }, 
  "dir_reads": {
    "metric": {
      "instance": "172.17.0.1:8000", 
      "hostname": "longz-experiment", 
      "pid": "15341", 
      "directory": "/data/blockchain/eth-data", 
      "job": "syscall_monitoring", 
      "application_name": "openethereum"
    }, 
    "values": [
      [
        1632258653, 
        "1196621824"
      ], 
      [
        1632258668, 
        "4157317120"
      ], 
      [
        1632258683, 
        "4030276608"
      ], 
      [
        1632258698, 
        "4958752768"
      ], 
      [
        1632258713, 
        "3819543552"
      ], 
      [
        1632258728, 
        "5307738112"
      ], 
      [
        1632258743, 
        "4913890304"
      ], 
      [
        1632258758, 
        "894942208"
      ], 
      [
        1632258773, 
        "2823947264"
      ], 
      [
        1632258788, 
        "5640941568"
      ], 
      [
        1632258803, 
        "5568633856"
      ], 
      [
        1632258818, 
        "5327897600"
      ], 
      [
        1632258833, 
        "5183268864"
      ], 
      [
        1632258848, 
        "5730770944"
      ], 
      [
        1632258863, 
        "5817997312"
      ], 
      [
        1632258878, 
        "5198525440"
      ], 
      [
        1632258893, 
        "5437057024"
      ], 
      [
        1632258908, 
        "5591310336"
      ], 
      [
        1632258923, 
        "5646204928"
      ], 
      [
        1632258938, 
        "5512606720"
      ], 
      [
        1632258953, 
        "5421851648"
      ]
    ]
  }, 
  "tcp_conn": {
    "metric": {}, 
    "values": [
      [
        1632258653, 
        "539"
      ], 
      [
        1632258668, 
        "126"
      ], 
      [
        1632258683, 
        "227"
      ], 
      [
        1632258698, 
        "73"
      ], 
      [
        1632258713, 
        "5"
      ], 
      [
        1632258728, 
        "12"
      ], 
      [
        1632258743, 
        "3"
      ], 
      [
        1632258758, 
        "118"
      ], 
      [
        1632258773, 
        "162"
      ], 
      [
        1632258788, 
        "97"
      ], 
      [
        1632258803, 
        "38"
      ], 
      [
        1632258818, 
        "15"
      ], 
      [
        1632258833, 
        "50"
      ], 
      [
        1632258848, 
        "4"
      ], 
      [
        1632258863, 
        "45"
      ], 
      [
        1632258878, 
        "9"
      ], 
      [
        1632258893, 
        "30"
      ], 
      [
        1632258908, 
        "10"
      ], 
      [
        1632258923, 
        "2"
      ], 
      [
        1632258938, 
        "39"
      ], 
      [
        1632258953, 
        "16"
      ]
    ]
  }, 
  "kvdb_bytes_read": {
    "metric": {
      "instance": "172.17.0.1:3033", 
      "job": "openethereum"
    }, 
    "values": [
      [
        1632258653, 
        "1159377.1"
      ], 
      [
        1632258668, 
        "815034.9"
      ], 
      [
        1632258683, 
        "1229635.5"
      ], 
      [
        1632258698, 
        "1219772.3"
      ], 
      [
        1632258713, 
        "1416613.8"
      ], 
      [
        1632258728, 
        "1421325.5"
      ], 
      [
        1632258743, 
        "350666.1"
      ], 
      [
        1632258758, 
        "720147.7"
      ], 
      [
        1632258773, 
        "1538108.7"
      ], 
      [
        1632258803, 
        "0"
      ], 
      [
        1632258818, 
        "835939.4162399999"
      ], 
      [
        1632258848, 
        "1354782.4"
      ], 
      [
        1632258863, 
        "1955414"
      ], 
      [
        1632258893, 
        "197863.61055999997"
      ], 
      [
        1632258923, 
        "582407.96672"
      ], 
      [
        1632258938, 
        "316948.61"
      ]
    ]
  }, 
  "tcp_sends": {
    "metric": {},