{
  "dir_read_c": {
    "metric": {
      "instance": "172.17.0.1:8000", 
      "hostname": "longz-chaosevm", 
      "pid": "22334", 
      "directory": "/data/eth-data", 
      "job": "syscall_monitoring", 
      "application_name": "geth", 
      "__name__": "dir_reads_total"
    }, 
    "values": [
      [
        1633119680, 
        "52101"
      ], 
      [
        1633119695, 
        "42961"
      ], 
      [
        1633119710, 
        "49826"
      ], 
      [
        1633119725, 
        "44651"
      ], 
      [
        1633119740, 
        "42585"
      ], 
      [
        1633119755, 
        "42733"
      ], 
      [
        1633119770, 
        "44012"
      ], 
      [
        1633119785, 
        "40640"
      ], 
      [
        1633119800, 
        "32350"
      ], 
      [
        1633119815, 
        "37063"
      ], 
      [
        1633119830, 
        "30004"
      ], 
      [
        1633119845, 
        "30618"
      ], 
      [
        1633119860, 
        "27944"
      ], 
      [
        1633119875, 
        "22424"
      ], 
      [
        1633119890, 
        "23050"
      ], 
      [
        1633119905, 
        "21416"
      ], 
      [
        1633119920, 
        "23387"
      ], 
      [
        1633119935, 
        "21736"
      ], 
      [
        1633119950, 
        "23463"
      ], 
      [
        1633119965, 
        "23166"
      ], 
      [
        1633119980, 
        "21075"
      ]
    ]
  }, 
  "stat": {
    "dir_read_c": {
      "max": 49826.0, 
      "mean": 33200.23809523809, 
      "variance": 104746045.13378689, 
      "pvalue": 2.63421236234443e-05, 
      "min": 21416.0
    }, 
    "dir_reads": {
      "max": 608869376.0, 
      "mean": 399685729.52380955, 
      "variance": 1.707445262058081e+16, 
      "pvalue": 1.4451485160701548e-05, 
      "min": 247829504.0
    }, 
    "tcp_conn": {
      "max": 63.0, 
      "mean": 55.42857142857143, 
      "variance": 17.673469387755105, 
      "pvalue": 1.6526653304976648e-19, 
      "min": 49.0
    }, 
    "tcp_sends": {
      "max": 445440.0, 
      "mean": 190561.52380952382, 
      "variance": 14554824555.39229, 
      "pvalue": 0.17057235278656244, 
      "min": 79872.0
    }, 
    "dir_writes": {
      "max": 403456.0, 
      "mean": 215430.09523809524, 
      "variance": 10826644686.657597, 
      "pvalue": 0.004210327483451346, 
      "min": 69632.0
    }, 
    "dir_write_c": {
      "max": 223.0, 
      "mean": 111.38095238095238, 
      "variance": 8542.331065759638, 
      "pvalue": 1.7369303730037133e-05, 
      "min": 16.0
    }, 
    "disk_write": {
      "max": 15287.595584401584, 
      "mean": 11825.904402148548, 
      "variance": 17038464.752113614, 
      "pvalue": 0.0021117117907861597, 
      "min": 2793.6644076509715
    }, 
    "disk_read": {
      "max": 44012716.052068844, 
      "mean": 31267806.972936064, 
      "variance": 76924639421059.78, 
      "pvalue": 5.750652687377837e-07, 
      "min": 19463566.14830259
    }, 
    "peer_stats": {
      "max": 29.0, 
      "mean": 26.675, 
      "variance": 1.7068749999999997, 
      "pvalue": 1.2026467019345983e-18, 
      "min": 24.95
    }, 
    "tcp_recvs": {
      "max": 1672192.0, 
      "mean": 973433.9047619047, 
      "variance": 141527548647.0385, 
      "pvalue": 2.123581228018807e-11, 
      "min": 465920.0
    }
  }, 
  "dir_reads": {
    "metric": {
      "instance": "172.17.0.1:8000", 
      "hostname": "longz-chaosevm", 
      "pid": "22334", 
      "directory": "/data/eth-data", 
      "job": "syscall_monitoring", 
      "application_name": "geth"
    }, 
    "values": [
      [
        1633119680, 
        "612031488"
      ], 
      [
        1633119695, 
        "526808064"
      ], 
      [
        1633119710, 
        "608869376"
      ], 
      [
        1633119725, 
        "547510272"
      ], 
      [
        1633119740, 
        "522631168"
      ], 
      [
        1633119755, 
        "518748160"
      ], 
      [
        1633119770, 
        "553657344"
      ], 
      [
        1633119785, 
        "505189376"
      ], 
      [
        1633119800, 
        "380696576"
      ], 
      [
        1633119815, 
        "463303680"
      ], 
      [
        1633119830, 
        "361752576"
      ], 
      [
        1633119845, 
        "375164928"
      ], 
      [
        1633119860, 
        "339345408"
      ], 
      [
        1633119875, 
        "258452480"
      ], 
      [
        1633119890, 
        "263714816"
      ], 
      [
        1633119905, 
        "253575168"
      ], 
      [
        1633119920, 
        "272347136"
      ], 
      [
        1633119935, 
        "247829504"
      ], 
      [
        1633119950, 
        "269847552"
      ], 
      [
        1633119965, 
        "267250688"
      ], 
      [
        1633119980, 
        "244674560"
      ]
    ]
  }, 
  "tcp_conn": {
    "metric": {}, 
    "values": [
      [
        1633119680, 
        "63"
      ], 
      [
        1633119695, 
        "49"
      ], 
      [
        1633119710, 
        "61"
      ], 
      [
        1633119725, 
        "63"
      ], 
      [
        1633119740, 
        "57"
      ], 
      [
        1633119755, 
        "56"
      ], 
      [
        1633119770, 
        "55"
      ], 
      [
        1633119785, 
        "59"
      ], 
      [
        1633119800, 
        "61"
      ], 
      [
        1633119815, 
        "57"
      ], 
      [
        1633119830, 
        "53"
      ], 
      [
        1633119845, 
        "53"
      ], 
      [
        1633119860, 
        "56"
      ], 
      [
        1633119875, 
        "55"
      ], 
      [
        1633119890, 
        "52"
      ], 
      [
        1633119905, 
        "56"
      ], 
      [
        1633119920, 
        "52"
      ], 
      [
        1633119935, 
        "54"
      ], 
      [
        1633119950, 
        "55"
      ], 
      [
        1633119965, 
        "48"
      ], 
      [
        1633119980, 
        "49"
      ]
    ]
  }, 
  "tcp_sends": {
    "metric": {}, 
    "values": [
      [
        1633119680, 
        "60416"
      ], 
      [
        1633119695, 
        "133120"
      ], 
      [
        1633119710, 
        "79872"
      ], 
      [
        1633119725, 
        "133120"
      ], 
      [
        1633119740, 
        "88064"
      ], 
      [
        1633119755, 
        "278528"
      ], 
      [
        1633119770, 
        "382976"
      ], 
      [
        1633119785, 
        "330752"
      ], 
      [
        1633119800, 
        "151552"
      ], 
      [
        1633119815, 
        "463872"
      ], 
      [
        1633119830, 
        "268288"
      ], 
      [
        1633119845, 
        "445440"
      ], 
      [
        1633119860, 
        "229376"
      ], 
      [
        1633119875, 
        "144384"
      ], 
      [
        1633119890, 
        "98304"
      ], 
      [
        1633119905, 
        "138240"
      ], 
      [
        1633119920, 
        "88064"
      ], 
      [
        1633119935, 
        "142336"
      ], 
      [
        1633119950, 
        "96256"
      ], 
      [
        1633119965, 
        "158720"
      ], 
      [
        1633119980, 
        "90112"
      ]
    ]
  }, 
  "dir_writes": {
    "metric": {
      "instance": "172.17.0.1:8000", 
      "hostname": "longz-chaosevm", 
      "pid": "22334", 
      "directory": "/data/eth-data", 
      "job": "syscall_monitoring", 
      "application_name": "geth"
    },