{
  "dir_read_c": {
    "metric": {
      "instance": "172.17.0.1:8000", 
      "hostname": "longz-chaosevm", 
      "pid": "22334", 
      "directory": "/data/eth-data", 
      "job": "syscall_monitoring", 
      "application_name": "geth", 
      "__name__": "dir_reads_total"
    }, 
    "values": [
      [
        1633119380, 
        "21606"
      ], 
      [
        1633119395, 
        "78224"
      ], 
      [
        1633119410, 
        "90182"
      ], 
      [
        1633119425, 
        "64312"
      ], 
      [
        1633119440, 
        "54186"
      ], 
      [
        1633119455, 
        "45843"
      ], 
      [
        1633119470, 
        "57183"
      ], 
      [
        1633119485, 
        "61632"
      ], 
      [
        1633119500, 
        "58424"
      ], 
      [
        1633119515, 
        "48596"
      ], 
      [
        1633119530, 
        "121814"
      ], 
      [
        1633119545, 
        "28155"
      ], 
      [
        1633119560, 
        "32277"
      ], 
      [
        1633119575, 
        "79813"
      ], 
      [
        1633119590, 
        "115422"
      ], 
      [
        1633119605, 
        "24054"
      ], 
      [
        1633119620, 
        "81960"
      ], 
      [
        1633119635, 
        "66031"
      ], 
      [
        1633119650, 
        "67055"
      ], 
      [
        1633119665, 
        "57942"
      ], 
      [
        1633119680, 
        "52101"
      ]
    ]
  }, 
  "stat": {
    "dir_read_c": {
      "max": 115422.0, 
      "mean": 62229.142857142855, 
      "variance": 666842422.1224489, 
      "pvalue": 1.7677383048739258e-12, 
      "min": 24054.0
    }, 
    "dir_reads": {
      "max": 1632280576.0, 
      "mean": 748220123.4285715, 
      "variance": 1.621932813103629e+17, 
      "pvalue": 1.001845859164381e-11, 
      "min": 258078720.0
    }, 
    "tcp_conn": {
      "max": 63.0, 
      "mean": 54.333333333333336, 
      "variance": 24.6031746031746, 
      "pvalue": 1.6526653304976648e-19, 
      "min": 46.0
    }, 
    "tcp_sends": {
      "max": 156672.0, 
      "mean": 100595.80952380953, 
      "variance": 1111780642.249433, 
      "pvalue": 5.932177666274633e-06, 
      "min": 60416.0
    }, 
    "dir_writes": {
      "max": 973824.0, 
      "mean": 209383.61904761905, 
      "variance": 338811844501.1882, 
      "pvalue": 1.3690347908345928e-07, 
      "min": 1024.0
    }, 
    "dir_write_c": {
      "max": 217.0, 
      "mean": 111.52380952380952, 
      "variance": 8171.01133786848, 
      "pvalue": 0.00013566842018169936, 
      "min": 19.0
    }, 
    "disk_write": {
      "max": 39817.44236781048, 
      "mean": 15200.215228116034, 
      "variance": 149574461.67717487, 
      "pvalue": 0.9410075390348407, 
      "min": 3037.1466821035074
    }, 
    "disk_read": {
      "max": 54106959.45600424, 
      "mean": 47925150.82612747, 
      "variance": 23537875759953.9, 
      "pvalue": 3.1828204797064023e-18, 
      "min": 42696885.55918485
    }, 
    "peer_stats": {
      "max": 25.0, 
      "mean": 22.125, 
      "variance": 3.746875, 
      "pvalue": 1.2026467019345983e-18, 
      "min": 19.425
    }, 
    "tcp_recvs": {
      "max": 9316352.0, 
      "mean": 2304243.8095238097, 
      "variance": 8821040732889.107, 
      "pvalue": 4.6776796942872004e-06, 
      "min": 572416.0
    }
  }, 
  "dir_reads": {
    "metric": {
      "instance": "172.17.0.1:8000", 
      "hostname": "longz-chaosevm", 
      "pid": "22334", 
      "directory": "/data/eth-data", 
      "job": "syscall_monitoring", 
      "application_name": "geth"
    }, 
    "values": [
      [
        1633119380, 
        "258078720"
      ], 
      [
        1633119395, 
        "1160535040"
      ], 
      [
        1633119410, 
        "1178785792"
      ], 
      [
        1633119425, 
        "585605120"
      ], 
      [
        1633119440, 
        "609363968"
      ], 
      [
        1633119455, 
        "489456640"
      ], 
      [
        1633119470, 
        "689303552"
      ], 
      [
        1633119485, 
        "736933888"
      ], 
      [
        1633119500, 
        "704653312"
      ], 
      [
        1633119515, 
        "594814976"
      ], 
      [
        1633119530, 
        "1816996864"
      ], 
      [
        1633119545, 
        "263558144"
      ], 
      [
        1633119560, 
        "291075072"
      ], 
      [
        1633119575, 
        "889666560"
      ], 
      [
        1633119590, 
        "1632280576"
      ], 
      [
        1633119605, 
        "240046080"
      ], 
      [
        1633119620, 
        "757295104"
      ], 
      [
        1633119635, 
        "719585280"
      ], 
      [
        1633119650, 
        "781262848"
      ], 
      [
        1633119665, 
        "701293568"
      ], 
      [
        1633119680, 
        "612031488"
      ]
    ]
  }, 
  "tcp_conn": {
    "metric": {}, 
    "values": [
      [
        1633119380, 
        "49"
      ], 
      [
        1633119395, 
        "57"
      ], 
      [
        1633119410, 
        "56"
      ], 
      [
        1633119425, 
        "46"
      ], 
      [
        1633119440, 
        "51"
      ], 
      [
        1633119455, 
        "54"
      ], 
      [
        1633119470, 
        "52"
      ], 
      [
        1633119485, 
        "61"
      ], 
      [
        1633119500, 
        "55"
      ], 
      [
        1633119515, 
        "48"
      ], 
      [
        1633119530, 
        "45"
      ], 
      [
        1633119545, 
        "52"
      ], 
      [
        1633119560, 
        "60"
      ], 
      [
        1633119575, 
        "55"
      ], 
      [
        1633119590, 
        "56"
      ], 
      [
        1633119605, 
        "53"
      ], 
      [
        1633119620, 
        "59"
      ], 
      [
        1633119635, 
        "52"
      ], 
      [
        1633119650, 
        "63"
      ], 
      [
        1633119665, 
        "54"
      ], 
      [
        1633119680, 
        "63"
      ]
    ]
  }, 
  "tcp_sends": {
    "metric": {}, 
    "values": [
      [
        1633119380, 
        "107520"
      ], 
      [
        1633119395, 
        "166912"
      ], 
      [
        1633119410, 
        "60416"
      ], 
      [
        1633119425, 
        "116736"
      ], 
      [
        1633119440, 
        "65536"
      ], 
      [
        1633119455, 
        "120832"
      ], 
      [
        1633119470, 
        "61440"
      ], 
      [
        1633119485, 
        "117760"
      ], 
      [
        1633119500, 
        "80896"
      ], 
      [
        1633119515, 
        "134144"
      ], 
      [
        1633119530, 
        "107520"
      ], 
      [
        1633119545, 
        "110592"
      ], 
      [
        1633119560, 
        "51200"
      ], 
      [
        1633119575, 
        "145408"
      ], 
      [
        1633119590, 
        "71680"
      ], 
      [
        1633119605, 
        "104448"
      ], 
      [
        1633119620, 
        "72704"
      ], 
      [
        1633119635, 
        "156672"
      ], 
      [
        1633119650, 
        "76800"
      ], 
      [
        1633119665, 
        "122880"
      ], 
      [
        1633119680, 
        "60416"
      ]
    ]
  }, 
  "dir_writes": {
    "metric": {
      "instance": "172.17.0.1:8000", 
      "hostname": "longz-chaosevm", 
      "pid": "22334", 
      "directory": "/data/eth-data", 
      "job": "syscall_monitoring", 
      "application_name": "geth"
    },