{
  "dir_read_c": {
    "metric": {
      "instance": "172.17.0.1:8000", 
      "hostname": "longz-chaosevm", 
      "pid": "22334", 
      "directory": "/data/eth-data", 
      "job": "syscall_monitoring", 
      "application_name": "geth", 
      "__name__": "dir_reads_total"
    }, 
    "values": [
      [
        1633120281, 
        "59339"
      ], 
      [
        1633120296, 
        "231337"
      ], 
      [
        1633120311, 
        "84499"
      ], 
      [
        1633120326, 
        "27094"
      ], 
      [
        1633120341, 
        "31614"
      ], 
      [
        1633120356, 
        "64437"
      ], 
      [
        1633120371, 
        "52990"
      ], 
      [
        1633120386, 
        "45958"
      ], 
      [
        1633120401, 
        "49356"
      ], 
      [
        1633120416, 
        "43534"
      ], 
      [
        1633120431, 
        "48414"
      ], 
      [
        1633120446, 
        "46943"
      ], 
      [
        1633120461, 
        "44753"
      ], 
      [
        1633120476, 
        "45714"
      ], 
      [
        1633120491, 
        "39965"
      ], 
      [
        1633120506, 
        "46143"
      ], 
      [
        1633120521, 
        "36866"
      ], 
      [
        1633120536, 
        "35118"
      ], 
      [
        1633120551, 
        "29056"
      ], 
      [
        1633120566, 
        "27106"
      ], 
      [
        1633120581, 
        "38275"
      ]
    ]
  }, 
  "stat": {
    "dir_read_c": {
      "max": 84499.0, 
      "mean": 53738.619047619046, 
      "variance": 1746343729.9501133, 
      "pvalue": 1.6394440546938223e-14, 
      "min": 27106.0
    }, 
    "dir_reads": {
      "max": 914462720.0, 
      "mean": 642197162.6666666, 
      "variance": 2.6409979932671888e+17, 
      "pvalue": 1.1075217627994759e-12, 
      "min": 315312128.0
    }, 
    "tcp_conn": {
      "max": 76.0, 
      "mean": 64.66666666666667, 
      "variance": 35.079365079365076, 
      "pvalue": 5.292590337327715e-19, 
      "min": 55.0
    }, 
    "tcp_sends": {
      "max": 2583552.0, 
      "mean": 364495.2380952381, 
      "variance": 584108010117.515, 
      "pvalue": 0.002080858597696899, 
      "min": 63488.0
    }, 
    "dir_writes": {
      "max": 460800.0, 
      "mean": 235032.38095238095, 
      "variance": 208295789509.9501, 
      "pvalue": 0.18855863831820185, 
      "min": 2048.0
    }, 
    "dir_write_c": {
      "max": 250.0, 
      "mean": 128.8095238095238, 
      "variance": 9491.963718820862, 
      "pvalue": 4.8754784067769126e-05, 
      "min": 16.0
    }, 
    "disk_write": {
      "max": 13420.331003691528, 
      "mean": 8799.085144937857, 
      "variance": 34111267.3366096, 
      "pvalue": 0.000612089108614801, 
      "min": 2218.517522617602
    }, 
    "disk_read": {
      "max": 87403918.01561552, 
      "mean": 48975386.478668444, 
      "variance": 282002448544611.7, 
      "pvalue": 1.1428868357286456e-16, 
      "min": 31613172.690797694
    }, 
    "peer_stats": {
      "max": 36.05, 
      "mean": 33.65, 
      "variance": 3.3525000000000014, 
      "pvalue": 1.2026467019345983e-18, 
      "min": 30.900000000000002
    }, 
    "tcp_recvs": {
      "max": 9104384.0, 
      "mean": 2800981.3333333335, 
      "variance": 6865355059915.173, 
      "pvalue": 0.005564594486187862, 
      "min": 1112064.0
    }
  }, 
  "dir_reads": {
    "metric": {
      "instance": "172.17.0.1:8000", 
      "hostname": "longz-chaosevm", 
      "pid": "22334", 
      "directory": "/data/eth-data", 
      "job": "syscall_monitoring", 
      "application_name": "geth"
    }, 
    "values": [
      [
        1633120281, 
        "662323200"
      ], 
      [
        1633120296, 
        "2854863872"
      ], 
      [
        1633120311, 
        "914462720"
      ], 
      [
        1633120326, 
        "304986112"
      ], 
      [
        1633120341, 
        "356869120"
      ], 
      [
        1633120356, 
        "686720000"
      ], 
      [
        1633120371, 
        "628907008"
      ], 
      [
        1633120386, 
        "543168512"
      ], 
      [
        1633120401, 
        "602117120"
      ], 
      [
        1633120416, 
        "519384064"
      ], 
      [
        1633120431, 
        "594143232"
      ], 
      [
        1633120446, 
        "583460864"
      ], 
      [
        1633120461, 
        "547685376"
      ], 
      [
        1633120476, 
        "564682752"
      ], 
      [
        1633120491, 
        "484790272"
      ], 
      [
        1633120506, 
        "556469248"
      ], 
      [
        1633120521, 
        "436219904"
      ], 
      [
        1633120536, 
        "411601920"
      ], 
      [
        1633120551, 
        "337585152"
      ], 
      [
        1633120566, 
        "315312128"
      ], 
      [
        1633120581, 
        "580387840"
      ]
    ]
  }, 
  "tcp_conn": {
    "metric": {}, 
    "values": [
      [
        1633120281, 
        "55"
      ], 
      [
        1633120296, 
        "61"
      ], 
      [
        1633120311, 
        "68"
      ], 
      [
        1633120326, 
        "61"
      ], 
      [
        1633120341, 
        "76"
      ], 
      [
        1633120356, 
        "70"
      ], 
      [
        1633120371, 
        "59"
      ], 
      [
        1633120386, 
        "64"
      ], 
      [
        1633120401, 
        "65"
      ], 
      [
        1633120416, 
        "66"
      ], 
      [
        1633120431, 
        "55"
      ], 
      [
        1633120446, 
        "62"
      ], 
      [
        1633120461, 
        "62"
      ], 
      [
        1633120476, 
        "61"
      ], 
      [
        1633120491, 
        "60"
      ], 
      [
        1633120506, 
        "79"
      ], 
      [
        1633120521, 
        "69"
      ], 
      [
        1633120536, 
        "70"
      ], 
      [
        1633120551, 
        "62"
      ], 
      [
        1633120566, 
        "65"
      ], 
      [
        1633120581, 
        "68"
      ]
    ]
  }, 
  "tcp_sends": {
    "metric": {}, 
    "values": [
      [
        1633120281, 
        "145408"
      ], 
      [
        1633120296, 
        "178176"
      ], 
      [
        1633120311, 
        "52224"
      ], 
      [
        1633120326, 
        "156672"
      ], 
      [
        1633120341, 
        "2844672"
      ], 
      [
        1633120356, 
        "2583552"
      ], 
      [
        1633120371, 
        "66560"
      ], 
      [
        1633120386, 
        "112640"
      ], 
      [
        1633120401, 
        "63488"
      ], 
      [
        1633120416, 
        "120832"
      ], 
      [
        1633120431, 
        "70656"
      ], 
      [
        1633120446, 
        "135168"
      ], 
      [
        1633120461, 
        "90112"
      ], 
      [
        1633120476, 
        "153600"
      ], 
      [
        1633120491, 
        "104448"
      ], 
      [
        1633120506, 
        "184320"
      ], 
      [
        1633120521, 
        "87040"
      ], 
      [
        1633120536, 
        "152576"
      ], 
      [
        1633120551, 
        "90112"
      ], 
      [
        1633120566, 
        "142336"
      ], 
      [
        1633120581, 
        "119808"
      ]
    ]
  }, 
  "dir_writes": {
    "metric": {
      "instance": "172.17.0.1:8000", 
      "hostname": "longz-chaosevm", 
      "pid": "22334", 
      "directory": "/data/eth-data", 
      "job": "syscall_monitoring", 
      "application_name": "geth"
    },