{
  "dir_read_c": {
    "metric": {
      "instance": "172.17.0.1:8000", 
      "hostname": "longz-chaosevm", 
      "pid": "22334", 
      "directory": "/data/eth-data", 
      "job": "syscall_monitoring", 
      "application_name": "geth", 
      "__name__": "dir_reads_total"
    }, 
    "values": [
      [
        1633120584, 
        "38275"
      ], 
      [
        1633120599, 
        "147008"
      ], 
      [
        1633120614, 
        "71113"
      ], 
      [
        1633120629, 
        "92758"
      ], 
      [
        1633120644, 
        "75259"
      ], 
      [
        1633120659, 
        "38882"
      ], 
      [
        1633120674, 
        "18346"
      ], 
      [
        1633120689, 
        "18835"
      ], 
      [
        1633120704, 
        "18914"
      ], 
      [
        1633120719, 
        "18410"
      ], 
      [
        1633120734, 
        "27838"
      ], 
      [
        1633120749, 
        "20747"
      ], 
      [
        1633120764, 
        "21473"
      ], 
      [
        1633120779, 
        "23692"
      ], 
      [
        1633120794, 
        "22594"
      ], 
      [
        1633120809, 
        "23932"
      ], 
      [
        1633120824, 
        "23473"
      ], 
      [
        1633120839, 
        "22733"
      ], 
      [
        1633120854, 
        "23640"
      ], 
      [
        1633120869, 
        "22522"
      ], 
      [
        1633120884, 
        "23459"
      ]
    ]
  }, 
  "stat": {
    "dir_read_c": {
      "max": 92758.0, 
      "mean": 37804.90476190476, 
      "variance": 1013473392.7528343, 
      "pvalue": 0.0561980298229862, 
      "min": 18410.0
    }, 
    "dir_reads": {
      "max": 1414661120.0, 
      "mean": 516530761.14285713, 
      "variance": 2.4607781819790227e+17, 
      "pvalue": 0.015107719283654704, 
      "min": 225437696.0
    }, 
    "tcp_conn": {
      "max": 71.0, 
      "mean": 66.0, 
      "variance": 22.285714285714285, 
      "pvalue": 2.214072573326418e-19, 
      "min": 57.0
    }, 
    "tcp_sends": {
      "max": 155648.0, 
      "mean": 98401.52380952382, 
      "variance": 1484174918.8208616, 
      "pvalue": 3.1691898110100984e-06, 
      "min": 54272.0
    }, 
    "dir_writes": {
      "max": 48128.0, 
      "mean": 122197.33333333333, 
      "variance": 213863799401.65085, 
      "pvalue": 4.1819883474823994e-11, 
      "min": 1024.0
    }, 
    "dir_write_c": {
      "max": 251.0, 
      "mean": 130.38095238095238, 
      "variance": 10382.045351473924, 
      "pvalue": 3.648131292838304e-05, 
      "min": 16.0
    }, 
    "disk_write": {
      "max": 28782.4485323346, 
      "mean": 8250.11757530813, 
      "variance": 100401221.1045356, 
      "pvalue": 0.0010538412702126793, 
      "min": 700.6630178204416
    }, 
    "disk_read": {
      "max": 66287416.4530665, 
      "mean": 36450272.704210624, 
      "variance": 282701671318997.9, 
      "pvalue": 1.5953493660649232e-08, 
      "min": 20131000.869926512
    }, 
    "peer_stats": {
      "max": 36.05, 
      "mean": 34.175, 
      "variance": 2.1568750000000008, 
      "pvalue": 1.2026467019345983e-18, 
      "min": 32.0
    }, 
    "tcp_recvs": {
      "max": 8740864.0, 
      "mean": 2547760.761904762, 
      "variance": 6922978519685.514, 
      "pvalue": 0.0012936154223106653, 
      "min": 243712.0
    }
  }, 
  "dir_reads": {
    "metric": {
      "instance": "172.17.0.1:8000", 
      "hostname": "longz-chaosevm", 
      "pid": "22334", 
      "directory": "/data/eth-data", 
      "job": "syscall_monitoring", 
      "application_name": "geth"
    }, 
    "values": [
      [
        1633120584, 
        "580387840"
      ], 
      [
        1633120599, 
        "2222163968"
      ], 
      [
        1633120614, 
        "1045535744"
      ], 
      [
        1633120629, 
        "1414661120"
      ], 
      [
        1633120644, 
        "1017754624"
      ], 
      [
        1633120659, 
        "492514304"
      ], 
      [
        1633120674, 
        "222809088"
      ], 
      [
        1633120689, 
        "228408320"
      ], 
      [
        1633120704, 
        "230363136"
      ], 
      [
        1633120719, 
        "225437696"
      ], 
      [
        1633120734, 
        "344034304"
      ], 
      [
        1633120749, 
        "255095808"
      ], 
      [
        1633120764, 
        "263514112"
      ], 
      [
        1633120779, 
        "291415040"
      ], 
      [
        1633120794, 
        "278105088"
      ], 
      [
        1633120809, 
        "295192576"
      ], 
      [
        1633120824, 
        "292619264"
      ], 
      [
        1633120839, 
        "279884800"
      ], 
      [
        1633120854, 
        "293110784"
      ], 
      [
        1633120869, 
        "277670912"
      ], 
      [
        1633120884, 
        "296467456"
      ]
    ]
  }, 
  "tcp_conn": {
    "metric": {}, 
    "values": [
      [
        1633120584, 
        "68"
      ], 
      [
        1633120599, 
        "70"
      ], 
      [
        1633120614, 
        "69"
      ], 
      [
        1633120629, 
        "64"
      ], 
      [
        1633120644, 
        "64"
      ], 
      [
        1633120659, 
        "66"
      ], 
      [
        1633120674, 
        "66"
      ], 
      [
        1633120689, 
        "70"
      ], 
      [
        1633120704, 
        "65"
      ], 
      [
        1633120719, 
        "54"
      ], 
      [
        1633120734, 
        "66"
      ], 
      [
        1633120749, 
        "57"
      ], 
      [
        1633120764, 
        "70"
      ], 
      [
        1633120779, 
        "64"
      ], 
      [
        1633120794, 
        "64"
      ], 
      [
        1633120809, 
        "69"
      ], 
      [
        1633120824, 
        "75"
      ], 
      [
        1633120839, 
        "61"
      ], 
      [
        1633120854, 
        "70"
      ], 
      [
        1633120869, 
        "63"
      ], 
      [
        1633120884, 
        "71"
      ]
    ]
  }, 
  "tcp_sends": {
    "metric": {}, 
    "values": [
      [
        1633120584, 
        "119808"
      ], 
      [
        1633120599, 
        "211968"
      ], 
      [
        1633120614, 
        "101376"
      ], 
      [
        1633120629, 
        "155648"
      ], 
      [
        1633120644, 
        "98304"
      ], 
      [
        1633120659, 
        "115712"
      ], 
      [
        1633120674, 
        "51200"
      ], 
      [
        1633120689, 
        "102400"
      ], 
      [
        1633120704, 
        "56320"
      ], 
      [
        1633120719, 
        "99328"
      ], 
      [
        1633120734, 
        "54272"
      ], 
      [
        1633120749, 
        "100352"
      ], 
      [
        1633120764, 
        "58368"
      ], 
      [
        1633120779, 
        "140288"
      ], 
      [
        1633120794, 
        "58368"
      ], 
      [
        1633120809, 
        "108544"
      ], 
      [
        1633120824, 
        "61440"
      ], 
      [
        1633120839, 
        "104448"
      ], 
      [
        1633120854, 
        "57344"
      ], 
      [
        1633120869, 
        "103424"
      ], 
      [
        1633120884, 
        "107520"
      ]
    ]
  }, 
  "dir_writes": {
    "metric": {
      "instance": "172.17.0.1:8000", 
      "hostname": "longz-chaosevm", 
      "pid": "22334", 
      "directory": "/data/eth-data", 
      "job": "syscall_monitoring", 
      "application_name": "geth"
    },