{
  "dir_read_c": {
    "metric": {
      "instance": "172.17.0.1:8000", 
      "hostname": "longz-experiment", 
      "pid": "20381", 
      "directory": "/data/blockchain/eth-data", 
      "job": "syscall_monitoring", 
      "application_name": "openethereum", 
      "__name__": "dir_reads_total"
    }, 
    "values": [
      [
        1632271210, 
        "57173"
      ], 
      [
        1632271225, 
        "47016"
      ], 
      [
        1632271240, 
        "56768"
      ], 
      [
        1632271255, 
        "47783"
      ], 
      [
        1632271270, 
        "18691"
      ], 
      [
        1632271285, 
        "60212"
      ], 
      [
        1632271300, 
        "97312"
      ], 
      [
        1632271315, 
        "20439"
      ], 
      [
        1632271330, 
        "29272"
      ], 
      [
        1632271345, 
        "29126"
      ], 
      [
        1632271360, 
        "40569"
      ], 
      [
        1632271375, 
        "40452"
      ], 
      [
        1632271390, 
        "34282"
      ], 
      [
        1632271405, 
        "34364"
      ], 
      [
        1632271420, 
        "31685"
      ], 
      [
        1632271435, 
        "50072"
      ], 
      [
        1632271450, 
        "52124"
      ], 
      [
        1632271465, 
        "52968"
      ], 
      [
        1632271480, 
        "49554"
      ], 
      [
        1632271495, 
        "58244"
      ], 
      [
        1632271510, 
        "43749"
      ]
    ]
  }, 
  "stat": {
    "dir_read_c": {
      "max": 60212.0, 
      "mean": 45326.42857142857, 
      "variance": 278201434.6258503, 
      "min": 20439.0
    }, 
    "dir_reads": {
      "max": 1265660928.0, 
      "mean": 866464329.1428572, 
      "variance": 1.0937163661016866e+17, 
      "min": 495524864.0
    }, 
    "tcp_conn": {
      "max": 370.0, 
      "mean": 167.38095238095238, 
      "variance": 21429.47392290249, 
      "min": 11.0
    }, 
    "kvdb_bytes_read": {
      "max": 354223.79000000004, 
      "mean": 174584.08873199997, 
      "variance": 11400770107.8377, 
      "min": 46784.183732000005
    }, 
    "tcp_sends": {
      "max": 890880.0, 
      "mean": 360691.8095238095, 
      "variance": 135115599138.24944, 
      "min": 22528.0
    }, 
    "dir_writes": {
      "max": 421787648.0, 
      "mean": 257035312.76190478, 
      "variance": 6927592427179020.0, 
      "min": 147412992.0
    }, 
    "kvdb_bytes_write": {
      "max": 2806972.345000001, 
      "mean": 929820.0549999999, 
      "variance": 1030709580201.9763, 
      "min": 0.0
    }, 
    "dir_write_c": {
      "max": 8892.0, 
      "mean": 3239.5714285714284, 
      "variance": 55013055.86394561, 
      "min": 290.0
    }, 
    "peer_stats": {
      "max": 31.0, 
      "mean": 12.5, 
      "variance": 138.05, 
      "min": 1.9500000000000002
    }, 
    "tcp_recvs": {
      "max": 14588928.0, 
      "mean": 6841539.047619048, 
      "variance": 30345508083995.28, 
      "min": 404480.0
    }
  }, 
  "dir_reads": {
    "metric": {
      "instance": "172.17.0.1:8000", 
      "hostname": "longz-experiment", 
      "pid": "20381", 
      "directory": "/data/blockchain/eth-data", 
      "job": "syscall_monitoring", 
      "application_name": "openethereum"
    }, 
    "values": [
      [
        1632271210, 
        "949394432"
      ], 
      [
        1632271225, 
        "780248064"
      ], 
      [
        1632271240, 
        "972823552"
      ], 
      [
        1632271255, 
        "987870208"
      ], 
      [
        1632271270, 
        "510523392"
      ], 
      [
        1632271285, 
        "1265660928"
      ], 
      [
        1632271300, 
        "1884279808"
      ], 
      [
        1632271315, 
        "343684096"
      ], 
      [
        1632271330, 
        "495524864"
      ], 
      [
        1632271345, 
        "503690240"
      ], 
      [
        1632271360, 
        "722537472"
      ], 
      [
        1632271375, 
        "727207936"
      ], 
      [
        1632271390, 
        "702590976"
      ], 
      [
        1632271405, 
        "631416832"
      ], 
      [
        1632271420, 
        "567611392"
      ], 
      [
        1632271435, 
        "951775232"
      ], 
      [
        1632271450, 
        "1043823616"
      ], 
      [
        1632271465, 
        "1043633152"
      ], 
      [
        1632271480, 
        "924018688"
      ], 
      [
        1632271495, 
        "1136702464"
      ], 
      [
        1632271510, 
        "1050733568"
      ]
    ]
  }, 
  "tcp_conn": {
    "metric": {}, 
    "values": [
      [
        1632271210, 
        "19"
      ], 
      [
        1632271225, 
        "21"
      ], 
      [
        1632271240, 
        "24"
      ], 
      [
        1632271255, 
        "22"
      ], 
      [
        1632271270, 
        "23"
      ], 
      [
        1632271285, 
        "30"
      ], 
      [
        1632271300, 
        "133"
      ], 
      [
        1632271315, 
        "439"
      ], 
      [
        1632271330, 
        "370"
      ], 
      [
        1632271345, 
        "293"
      ], 
      [
        1632271360, 
        "282"
      ], 
      [
        1632271375, 
        "22"
      ], 
      [
        1632271390, 
        "342"
      ], 
      [
        1632271405, 
        "265"
      ], 
      [
        1632271420, 
        "11"
      ], 
      [
        1632271435, 
        "314"
      ], 
      [
        1632271450, 
        "259"
      ], 
      [
        1632271465, 
        "1"
      ], 
      [
        1632271480, 
        "74"
      ], 
      [
        1632271495, 
        "271"
      ], 
      [
        1632271510, 
        "300"
      ]
    ]
  }, 
  "kvdb_bytes_read": {
    "metric": {
      "instance": "172.17.0.1:3033", 
      "job": "openethereum"
    }, 
    "values": [
      [
        1632271210, 
        "179801.6"
      ], 
      [
        1632271225, 
        "205158.6"
      ], 
      [
        1632271240, 
        "124852.8"
      ], 
      [
        1632271255, 
        "46799.9"
      ], 
      [
        1632271270, 
        "264004.1"
      ], 
      [
        1632271285, 
        "469515.6"
      ], 
      [
        1632271300, 
        "80680.3"
      ], 
      [
        1632271315, 
        "54071.3"
      ], 
      [
        1632271330, 
        "97711.6"
      ], 
      [
        1632271345, 
        "119480.1"
      ], 
      [
        1632271360, 
        "147662.4"
      ], 
      [
        1632271375, 
        "190486.7"
      ], 
      [
        1632271390, 
        "67108.2"
      ], 
      [
        1632271420, 
        "117496.3"
      ], 
      [
        1632271435, 
        "206085.8"
      ], 
      [
        1632271450, 
        "224905.2"
      ], 
      [
        1632271465, 
        "46485.57464"
      ], 
      [
        1632271480, 
        "208329.9"
      ], 
      [
        1632271495, 
        "292890"
      ], 
      [
        1632271510, 
        "348155.8"
      ]
    ]
  }, 
  "tcp_sends": {
    "metric": {},