{
  "dir_read_c": {
    "metric": {
      "instance": "172.17.0.1:8000", 
      "hostname": "longz-experiment", 
      "pid": "20381", 
      "directory": "/data/blockchain/eth-data", 
      "job": "syscall_monitoring", 
      "application_name": "openethereum", 
      "__name__": "dir_reads_total"
    }, 
    "values": [
      [
        1632270909, 
        "136464"
      ], 
      [
        1632270924, 
        "81099"
      ], 
      [
        1632270939, 
        "112026"
      ], 
      [
        1632270954, 
        "53117"
      ], 
      [
        1632270969, 
        "23304"
      ], 
      [
        1632270984, 
        "19008"
      ], 
      [
        1632270999, 
        "33466"
      ], 
      [
        1632271014, 
        "28369"
      ], 
      [
        1632271029, 
        "26467"
      ], 
      [
        1632271044, 
        "20705"
      ], 
      [
        1632271059, 
        "30200"
      ], 
      [
        1632271074, 
        "27689"
      ], 
      [
        1632271089, 
        "38607"
      ], 
      [
        1632271104, 
        "26362"
      ], 
      [
        1632271119, 
        "55853"
      ], 
      [
        1632271134, 
        "40842"
      ], 
      [
        1632271149, 
        "48234"
      ], 
      [
        1632271164, 
        "70366"
      ], 
      [
        1632271179, 
        "62925"
      ], 
      [
        1632271194, 
        "58532"
      ], 
      [
        1632271209, 
        "57173"
      ]
    ]
  }, 
  "stat": {
    "dir_read_c": {
      "max": 112026.0, 
      "mean": 50038.47619047619, 
      "variance": 882487207.6780046, 
      "min": 20705.0
    }, 
    "dir_reads": {
      "max": 2092508160.0, 
      "mean": 915618377.1428572, 
      "variance": 3.259380938557367e+17, 
      "min": 365982720.0
    }, 
    "tcp_conn": {
      "max": 59.0, 
      "mean": 37.19047619047619, 
      "variance": 220.0589569160998, 
      "min": 19.0
    }, 
    "kvdb_bytes_read": {
      "max": 283670.5050000001, 
      "mean": 155471.7319777131, 
      "variance": 10049659512.47031, 
      "min": 48872.649999999994
    }, 
    "tcp_sends": {
      "max": 2096128.0, 
      "mean": 468699.4285714286, 
      "variance": 568787282825.578, 
      "min": 22528.0
    }, 
    "dir_writes": {
      "max": 937981952.0, 
      "mean": 319645452.1904762, 
      "variance": 6.318578736848335e+16, 
      "min": 204162048.0
    }, 
    "kvdb_bytes_write": {
      "max": 3602654.475000008, 
      "mean": 1059872.5350000001, 
      "variance": 9912145615310.758, 
      "min": 0.0
    }, 
    "dir_write_c": {
      "max": 5409.0, 
      "mean": 3555.095238095238, 
      "variance": 142434303.22902498, 
      "min": 215.0
    }, 
    "peer_stats": {
      "max": 38.05, 
      "mean": 32.95, 
      "variance": 4.247499999999998, 
      "min": 30.95
    }, 
    "tcp_recvs": {
      "max": 24292352.0, 
      "mean": 7437897.142857143, 
      "variance": 67281251249702.31, 
      "min": 403456.0
    }
  }, 
  "dir_reads": {
    "metric": {
      "instance": "172.17.0.1:8000", 
      "hostname": "longz-experiment", 
      "pid": "20381", 
      "directory": "/data/blockchain/eth-data", 
      "job": "syscall_monitoring", 
      "application_name": "openethereum"
    }, 
    "values": [
      [
        1632270909, 
        "2702837760"
      ], 
      [
        1632270924, 
        "1389185024"
      ], 
      [
        1632270939, 
        "2092508160"
      ], 
      [
        1632270954, 
        "1022367744"
      ], 
      [
        1632270969, 
        "469501952"
      ], 
      [
        1632270984, 
        "365982720"
      ], 
      [
        1632270999, 
        "628396032"
      ], 
      [
        1632271014, 
        "534021120"
      ], 
      [
        1632271029, 
        "466277376"
      ], 
      [
        1632271044, 
        "360053760"
      ], 
      [
        1632271059, 
        "571051008"
      ], 
      [
        1632271074, 
        "424795136"
      ], 
      [
        1632271089, 
        "643417088"
      ], 
      [
        1632271104, 
        "575910912"
      ], 
      [
        1632271119, 
        "1214106624"
      ], 
      [
        1632271134, 
        "803409920"
      ], 
      [
        1632271149, 
        "752058368"
      ], 
      [
        1632271164, 
        "1206475776"
      ], 
      [
        1632271179, 
        "1054642176"
      ], 
      [
        1632271194, 
        "1001592832"
      ], 
      [
        1632271209, 
        "949394432"
      ]
    ]
  }, 
  "tcp_conn": {
    "metric": {}, 
    "values": [
      [
        1632270909, 
        "50"
      ], 
      [
        1632270924, 
        "59"
      ], 
      [
        1632270939, 
        "56"
      ], 
      [
        1632270954, 
        "4"
      ], 
      [
        1632270969, 
        "73"
      ], 
      [
        1632270984, 
        "34"
      ], 
      [
        1632270999, 
        "35"
      ], 
      [
        1632271014, 
        "36"
      ], 
      [
        1632271029, 
        "26"
      ], 
      [
        1632271044, 
        "40"
      ], 
      [
        1632271059, 
        "39"
      ], 
      [
        1632271074, 
        "30"
      ], 
      [
        1632271089, 
        "46"
      ], 
      [
        1632271104, 
        "33"
      ], 
      [
        1632271119, 
        "45"
      ], 
      [
        1632271134, 
        "46"
      ], 
      [
        1632271149, 
        "29"
      ], 
      [
        1632271164, 
        "35"
      ], 
      [
        1632271179, 
        "23"
      ], 
      [
        1632271194, 
        "23"
      ], 
      [
        1632271209, 
        "19"
      ]
    ]
  }, 
  "kvdb_bytes_read": {
    "metric": {
      "instance": "172.17.0.1:3033", 
      "job": "openethereum"
    }, 
    "values": [
      [
        1632270909, 
        "273373.3"
      ], 
      [
        1632270924, 
        "208935.4"
      ], 
      [
        1632270954, 
        "75446.03955426162"
      ], 
      [
        1632270969, 
        "48115.5"
      ], 
      [
        1632270984, 
        "54786.8"
      ], 
      [
        1632270999, 
        "96893.3"
      ], 
      [
        1632271014, 
        "83294.9"
      ], 
      [
        1632271029, 
        "48912.5"
      ], 
      [
        1632271044, 
        "98329.8"
      ], 
      [
        1632271059, 
        "58092.5"
      ], 
      [
        1632271074, 
        "143957.3"
      ], 
      [
        1632271089, 
        "116225.3"
      ], 
      [
        1632271104, 
        "167706.6"
      ], 
      [
        1632271119, 
        "265330.8"
      ], 
      [
        1632271134, 
        "187919.8"
      ], 
      [
        1632271149, 
        "143913.6"
      ], 
      [
        1632271164, 
        "479317.4"
      ], 
      [
        1632271179, 
        "206213.9"
      ], 
      [
        1632271194, 
        "172868.3"
      ], 
      [
        1632271209, 
        "179801.6"
      ]
    ]
  }, 
  "tcp_sends": {
    "metric": {},