{
  "dir_read_c": {
    "metric": {
      "instance": "172.17.0.1:8000", 
      "hostname": "longz-experiment", 
      "pid": "20381", 
      "directory": "/data/blockchain/eth-data", 
      "job": "syscall_monitoring", 
      "application_name": "openethereum", 
      "__name__": "dir_reads_total"
    }, 
    "values": [
      [
        1632271814, 
        "100078"
      ], 
      [
        1632271829, 
        "52860"
      ], 
      [
        1632271844, 
        "87937"
      ], 
      [
        1632271859, 
        "22253"
      ], 
      [
        1632271874, 
        "23360"
      ], 
      [
        1632271889, 
        "73049"
      ], 
      [
        1632271904, 
        "79199"
      ], 
      [
        1632271919, 
        "65918"
      ], 
      [
        1632271934, 
        "173933"
      ], 
      [
        1632271949, 
        "113676"
      ], 
      [
        1632271964, 
        "40662"
      ], 
      [
        1632271979, 
        "118331"
      ], 
      [
        1632271994, 
        "86452"
      ], 
      [
        1632272009, 
        "101806"
      ], 
      [
        1632272024, 
        "99526"
      ], 
      [
        1632272039, 
        "91682"
      ], 
      [
        1632272054, 
        "175873"
      ], 
      [
        1632272069, 
        "138773"
      ], 
      [
        1632272084, 
        "159538"
      ], 
      [
        1632272099, 
        "85561"
      ], 
      [
        1632272114, 
        "67591"
      ]
    ]
  }, 
  "stat": {
    "dir_read_c": {
      "max": 173933.0, 
      "mean": 93240.85714285714, 
      "variance": 1784629992.6938775, 
      "min": 23360.0
    }, 
    "dir_reads": {
      "max": 3428645888.0, 
      "mean": 1855909497.9047618, 
      "variance": 7.571656949488593e+17, 
      "min": 410904576.0
    }, 
    "tcp_conn": {
      "max": 427.0, 
      "mean": 176.0952380952381, 
      "variance": 21094.181405895695, 
      "min": 3.0
    }, 
    "kvdb_bytes_read": {
      "max": 695587.0650000001, 
      "mean": 297346.333268, 
      "variance": 49705175172.899895, 
      "min": 31677.746456
    }, 
    "tcp_sends": {
      "max": 244736.0, 
      "mean": 124294.09523809524, 
      "variance": 8481030106.848072, 
      "min": 7168.0
    }, 
    "dir_writes": {
      "max": 288183296.0, 
      "mean": 228970447.23809522, 
      "variance": 1271624482120813.2, 
      "min": 193045504.0
    }, 
    "kvdb_bytes_write": {
      "max": 817934.965, 
      "mean": 187707.64590666667, 
      "variance": 82842160779.24399, 
      "min": 0.0
    }, 
    "dir_write_c": {
      "max": 2038.0, 
      "mean": 2487.0476190476193, 
      "variance": 84473056.33106574, 
      "min": 198.0
    }, 
    "peer_stats": {
      "max": 17.2, 
      "mean": 12.411764705882353, 
      "variance": 11.418685121107265, 
      "min": 5.800000000000001
    }, 
    "tcp_recvs": {
      "max": 27078656.0, 
      "mean": 6147949.714285715, 
      "variance": 77044426314758.95, 
      "min": 147456.0
    }
  }, 
  "dir_reads": {
    "metric": {
      "instance": "172.17.0.1:8000", 
      "hostname": "longz-experiment", 
      "pid": "20381", 
      "directory": "/data/blockchain/eth-data", 
      "job": "syscall_monitoring", 
      "application_name": "openethereum"
    }, 
    "values": [
      [
        1632271814, 
        "1942573056"
      ], 
      [
        1632271829, 
        "1006017536"
      ], 
      [
        1632271844, 
        "1712408576"
      ], 
      [
        1632271859, 
        "397716480"
      ], 
      [
        1632271874, 
        "410904576"
      ], 
      [
        1632271889, 
        "1333792768"
      ], 
      [
        1632271904, 
        "1427808256"
      ], 
      [
        1632271919, 
        "1314930688"
      ], 
      [
        1632271934, 
        "3428645888"
      ], 
      [
        1632271949, 
        "2247090176"
      ], 
      [
        1632271964, 
        "803830784"
      ], 
      [
        1632271979, 
        "2335779840"
      ], 
      [
        1632271994, 
        "1699110912"
      ], 
      [
        1632272009, 
        "2187857920"
      ], 
      [
        1632272024, 
        "2523185152"
      ], 
      [
        1632272039, 
        "1777036288"
      ], 
      [
        1632272054, 
        "3498305536"
      ], 
      [
        1632272069, 
        "2769545216"
      ], 
      [
        1632272084, 
        "3181510656"
      ], 
      [
        1632272099, 
        "1684425728"
      ], 
      [
        1632272114, 
        "1291623424"
      ]
    ]
  }, 
  "tcp_conn": {
    "metric": {}, 
    "values": [
      [
        1632271814, 
        "15"
      ], 
      [
        1632271829, 
        "256"
      ], 
      [
        1632271844, 
        "396"
      ], 
      [
        1632271859, 
        "427"
      ], 
      [
        1632271874, 
        "316"
      ], 
      [
        1632271889, 
        "262"
      ], 
      [
        1632271904, 
        "271"
      ], 
      [
        1632271919, 
        "138"
      ], 
      [
        1632271934, 
        "13"
      ], 
      [
        1632271949, 
        "22"
      ], 
      [
        1632271964, 
        "290"
      ], 
      [
        1632271979, 
        "35"
      ], 
      [
        1632271994, 
        "294"
      ], 
      [
        1632272009, 
        "160"
      ], 
      [
        1632272024, 
        "140"
      ], 
      [
        1632272039, 
        "53"
      ], 
      [
        1632272054, 
        "3"
      ], 
      [
        1632272069, 
        "57"
      ], 
      [
        1632272084, 
        "2"
      ], 
      [
        1632272099, 
        "109"
      ], 
      [
        1632272114, 
        "439"
      ]
    ]
  }, 
  "kvdb_bytes_read": {
    "metric": {
      "instance": "172.17.0.1:3033", 
      "job": "openethereum"
    }, 
    "values": [
      [
        1632271814, 
        "43505"
      ], 
      [
        1632271829, 
        "419115.3"
      ], 
      [
        1632271844, 
        "49204.2"
      ], 
      [
        1632271859, 
        "39626"
      ], 
      [
        1632271874, 
        "123980.5"
      ], 
      [
        1632271889, 
        "218421.8"
      ], 
      [
        1632271904, 
        "25746.829120000002"
      ], 
      [
        1632271919, 
        "670457.1"
      ], 
      [
        1632271934, 
        "350335.1964533333"
      ], 
      [
        1632271949, 
        "31989.9"
      ], 
      [
        1632271964, 
        "395616.8"
      ], 
      [
        1632271979, 
        "248755.9"
      ], 
      [
        1632271994, 
        "148984.72525333334"
      ], 
      [
        1632272009, 
        "412229.3"
      ], 
      [
        1632272039, 
        "694809.5"
      ], 
      [
        1632272054, 
        "710360.8"
      ], 
      [
        1632272069, 
        "398133.61453333334"
      ], 
      [
        1632272084, 
        "179901.4"
      ], 
      [
        1632272099, 
        "240605.5"
      ], 
      [
        1632272114, 
        "545147.3"
      ]
    ]
  }, 
  "tcp_sends": {
    "metric": {},