{
  "dir_read_c": {
    "metric": {
      "instance": "172.17.0.1:8000", 
      "hostname": "longz-chaosevm", 
      "pid": "23274", 
      "directory": "/data/eth-data", 
      "job": "syscall_monitoring", 
      "application_name": "geth", 
      "__name__": "dir_reads_total"
    }, 
    "values": [
      [
        1633121801, 
        "25861"
      ], 
      [
        1633121816, 
        "25697"
      ], 
      [
        1633121831, 
        "17483"
      ], 
      [
        1633121846, 
        "7"
      ], 
      [
        1633121861, 
        "5377"
      ], 
      [
        1633121876, 
        "21"
      ], 
      [
        1633121891, 
        "6"
      ], 
      [
        1633121906, 
        "9"
      ], 
      [
        1633121921, 
        "7"
      ], 
      [
        1633121936, 
        "5"
      ], 
      [
        1633121951, 
        "8"
      ], 
      [
        1633121966, 
        "3"
      ], 
      [
        1633121981, 
        "7"
      ], 
      [
        1633121996, 
        "5"
      ], 
      [
        1633122011, 
        "8"
      ], 
      [
        1633122026, 
        "8"
      ], 
      [
        1633122041, 
        "3"
      ], 
      [
        1633122056, 
        "8"
      ], 
      [
        1633122071, 
        "352"
      ], 
      [
        1633122086, 
        "53623"
      ], 
      [
        1633122101, 
        "82356"
      ]
    ]
  }, 
  "stat": {
    "dir_read_c": {
      "max": 53623.0, 
      "mean": 10040.666666666666, 
      "variance": 438316267.46031743, 
      "pvalue": 6.625604494912917e-13, 
      "min": 3.0
    }, 
    "dir_reads": {
      "max": 761150464.0, 
      "mean": 132816652.1904762, 
      "variance": 8.17785329984376e+16, 
      "pvalue": 6.625604494912917e-13, 
      "min": 8192.0
    }, 
    "tcp_conn": {
      "max": 58.0, 
      "mean": 41.38095238095238, 
      "variance": 88.99773242630384, 
      "pvalue": 1.6526653304976648e-19, 
      "min": 31.0
    }, 
    "tcp_sends": {
      "max": 4806656.0, 
      "mean": 1115916.1904761905, 
      "variance": 9442221848915.012, 
      "pvalue": 7.098880354788386e-06, 
      "min": 47104.0
    }, 
    "dir_writes": {
      "max": 346112.0, 
      "mean": 364690.28571428574, 
      "variance": 1988907627917.0605, 
      "pvalue": 3.443107194980671e-08, 
      "min": 1024.0
    }, 
    "dir_write_c": {
      "max": 237.0, 
      "mean": 127.28571428571429, 
      "variance": 14102.013605442178, 
      "pvalue": 0.00013566842018169936, 
      "min": 14.0
    }, 
    "disk_write": {
      "max": 90206.3081093866, 
      "mean": 27134.708140211336, 
      "variance": 934577642.9600337, 
      "pvalue": 0.7327219816784973, 
      "min": 2714.80168797157
    }, 
    "disk_read": {
      "max": 20512152.967557274, 
      "mean": 7334302.274037274, 
      "variance": 56642855114277.29, 
      "pvalue": 4.361733830960123e-12, 
      "min": 467070.81896179944
    }, 
    "peer_stats": {
      "max": 17.0, 
      "mean": 8.4, 
      "variance": 13.565000000000001, 
      "pvalue": 1.2026467019345983e-18, 
      "min": 3.475
    }, 
    "tcp_recvs": {
      "max": 1930240.0, 
      "mean": 761709.7142857143, 
      "variance": 1916429355746.3943, 
      "pvalue": 2.5884375396303412e-11, 
      "min": 32768.0
    }
  }, 
  "dir_reads": {
    "metric": {
      "instance": "172.17.0.1:8000", 
      "hostname": "longz-chaosevm", 
      "pid": "23274", 
      "directory": "/data/eth-data", 
      "job": "syscall_monitoring", 
      "application_name": "geth"
    }, 
    "values": [
      [
        1633121801, 
        "305263616"
      ], 
      [
        1633121816, 
        "306949120"
      ], 
      [
        1633121831, 
        "207461376"
      ], 
      [
        1633121846, 
        "19456"
      ], 
      [
        1633121861, 
        "75126784"
      ], 
      [
        1633121876, 
        "55296"
      ], 
      [
        1633121891, 
        "5120"
      ], 
      [
        1633121906, 
        "18432"
      ], 
      [
        1633121921, 
        "13312"
      ], 
      [
        1633121936, 
        "13312"
      ], 
      [
        1633121951, 
        "21504"
      ], 
      [
        1633121966, 
        "8192"
      ], 
      [
        1633121981, 
        "13312"
      ], 
      [
        1633121996, 
        "8192"
      ], 
      [
        1633122011, 
        "16384"
      ], 
      [
        1633122026, 
        "22528"
      ], 
      [
        1633122041, 
        "8192"
      ], 
      [
        1633122056, 
        "21504"
      ], 
      [
        1633122071, 
        "4976640"
      ], 
      [
        1633122086, 
        "761150464"
      ], 
      [
        1633122101, 
        "1127976960"
      ]
    ]
  }, 
  "tcp_conn": {
    "metric": {}, 
    "values": [
      [
        1633121801, 
        "58"
      ], 
      [
        1633121816, 
        "67"
      ], 
      [
        1633121831, 
        "45"
      ], 
      [
        1633121846, 
        "36"
      ], 
      [
        1633121861, 
        "40"
      ], 
      [
        1633121876, 
        "52"
      ], 
      [
        1633121891, 
        "34"
      ], 
      [
        1633121906, 
        "33"
      ], 
      [
        1633121921, 
        "33"
      ], 
      [
        1633121936, 
        "42"
      ], 
      [
        1633121951, 
        "42"
      ], 
      [
        1633121966, 
        "36"
      ], 
      [
        1633121981, 
        "31"
      ], 
      [
        1633121996, 
        "39"
      ], 
      [
        1633122011, 
        "32"
      ], 
      [
        1633122026, 
        "30"
      ], 
      [
        1633122041, 
        "34"
      ], 
      [
        1633122056, 
        "39"
      ], 
      [
        1633122071, 
        "50"
      ], 
      [
        1633122086, 
        "47"
      ], 
      [
        1633122101, 
        "49"
      ]
    ]
  }, 
  "tcp_sends": {
    "metric": {}, 
    "values": [
      [
        1633121801, 
        "76800"
      ], 
      [
        1633121816, 
        "137216"
      ], 
      [
        1633121831, 
        "47104"
      ], 
      [
        1633121846, 
        "94208"
      ], 
      [
        1633121861, 
        "86016"
      ], 
      [
        1633121876, 
        "120832"
      ], 
      [
        1633121891, 
        "49152"
      ], 
      [
        1633121906, 
        "102400"
      ], 
      [
        1633121921, 
        "49152"
      ], 
      [
        1633121936, 
        "96256"
      ], 
      [
        1633121951, 
        "47104"
      ], 
      [
        1633121966, 
        "95232"
      ], 
      [
        1633121981, 
        "48128"
      ], 
      [
        1633121996, 
        "96256"
      ], 
      [
        1633122011, 
        "48128"
      ], 
      [
        1633122026, 
        "98304"
      ], 
      [
        1633122041, 
        "50176"
      ], 
      [
        1633122056, 
        "97280"
      ], 
      [
        1633122071, 
        "3422208"
      ], 
      [
        1633122086, 
        "4806656"
      ], 
      [
        1633122101, 
        "13765632"
      ]
    ]
  }, 
  "dir_writes": {
    "metric": {
      "instance": "172.17.0.1:8000", 
      "hostname": "longz-chaosevm", 
      "pid": "23274", 
      "directory": "/data/eth-data", 
      "job": "syscall_monitoring", 
      "application_name": "geth"
    },