{
  "dir_read_c": {
    "metric": {
      "instance": "172.17.0.1:8000", 
      "hostname": "longz-chaosevm", 
      "pid": "23274", 
      "directory": "/data/eth-data", 
      "job": "syscall_monitoring", 
      "application_name": "geth", 
      "__name__": "dir_reads_total"
    }, 
    "values": [
      [
        1633121500, 
        "24617"
      ], 
      [
        1633121515, 
        "24737"
      ], 
      [
        1633121530, 
        "30917"
      ], 
      [
        1633121545, 
        "25327"
      ], 
      [
        1633121560, 
        "25691"
      ], 
      [
        1633121575, 
        "25160"
      ], 
      [
        1633121590, 
        "26869"
      ], 
      [
        1633121605, 
        "26892"
      ], 
      [
        1633121620, 
        "25420"
      ], 
      [
        1633121635, 
        "24437"
      ], 
      [
        1633121650, 
        "26223"
      ], 
      [
        1633121665, 
        "25484"
      ], 
      [
        1633121680, 
        "24264"
      ], 
      [
        1633121695, 
        "25255"
      ], 
      [
        1633121710, 
        "26553"
      ], 
      [
        1633121725, 
        "26055"
      ], 
      [
        1633121740, 
        "26495"
      ], 
      [
        1633121755, 
        "24896"
      ], 
      [
        1633121770, 
        "25659"
      ], 
      [
        1633121785, 
        "24275"
      ], 
      [
        1633121800, 
        "25861"
      ]
    ]
  }, 
  "stat": {
    "dir_read_c": {
      "max": 26892.0, 
      "mean": 25766.04761904762, 
      "variance": 1947054.8072562348, 
      "pvalue": 2.561433626666085e-10, 
      "min": 24275.0
    }, 
    "dir_reads": {
      "max": 319303680.0, 
      "mean": 302800944.7619048, 
      "variance": 331121825937078.3, 
      "pvalue": 1.6513594482824372e-08, 
      "min": 284349440.0
    }, 
    "tcp_conn": {
      "max": 68.0, 
      "mean": 59.142857142857146, 
      "variance": 38.02721088435374, 
      "pvalue": 1.6526653304976648e-19, 
      "min": 53.0
    }, 
    "tcp_sends": {
      "max": 4836352.0, 
      "mean": 1015271.619047619, 
      "variance": 3440732436373.1885, 
      "pvalue": 0.02113860531927121, 
      "min": 86016.0
    }, 
    "dir_writes": {
      "max": 214016.0, 
      "mean": 140190.47619047618, 
      "variance": 4181711577.1065774, 
      "pvalue": 0.006381765433083353, 
      "min": 82944.0
    }, 
    "dir_write_c": {
      "max": 206.0, 
      "mean": 108.0, 
      "variance": 5841.333333333333, 
      "pvalue": 1.7369303730037133e-05, 
      "min": 30.0
    }, 
    "disk_write": {
      "max": 35702.396757465605, 
      "mean": 16090.308115232381, 
      "variance": 88371796.58400163, 
      "pvalue": 0.013237273479658826, 
      "min": 8793.413928576349
    }, 
    "disk_read": {
      "max": 24123357.791889027, 
      "mean": 21161440.69708863, 
      "variance": 1985154635709.791, 
      "pvalue": 5.0243897138619854e-08, 
      "min": 19822412.810102317
    }, 
    "peer_stats": {
      "max": 29.0, 
      "mean": 26.0, 
      "variance": 9.225, 
      "pvalue": 1.2026467019345983e-18, 
      "min": 18.9
    }, 
    "tcp_recvs": {
      "max": 2050048.0, 
      "mean": 1506011.4285714286, 
      "variance": 146727952997.00677, 
      "pvalue": 6.288529504806594e-09, 
      "min": 1013760.0
    }
  }, 
  "dir_reads": {
    "metric": {
      "instance": "172.17.0.1:8000", 
      "hostname": "longz-chaosevm", 
      "pid": "23274", 
      "directory": "/data/eth-data", 
      "job": "syscall_monitoring", 
      "application_name": "geth"
    }, 
    "values": [
      [
        1633121500, 
        "288067584"
      ], 
      [
        1633121515, 
        "281948160"
      ], 
      [
        1633121530, 
        "367620096"
      ], 
      [
        1633121545, 
        "292670464"
      ], 
      [
        1633121560, 
        "301966336"
      ], 
      [
        1633121575, 
        "288388096"
      ], 
      [
        1633121590, 
        "312100864"
      ], 
      [
        1633121605, 
        "319303680"
      ], 
      [
        1633121620, 
        "296428544"
      ], 
      [
        1633121635, 
        "286927872"
      ], 
      [
        1633121650, 
        "313384960"
      ], 
      [
        1633121665, 
        "299103232"
      ], 
      [
        1633121680, 
        "284349440"
      ], 
      [
        1633121695, 
        "298119168"
      ], 
      [
        1633121710, 
        "315814912"
      ], 
      [
        1633121725, 
        "307895296"
      ], 
      [
        1633121740, 
        "313766912"
      ], 
      [
        1633121755, 
        "294658048"
      ], 
      [
        1633121770, 
        "304344064"
      ], 
      [
        1633121785, 
        "286698496"
      ], 
      [
        1633121800, 
        "305263616"
      ]
    ]
  }, 
  "tcp_conn": {
    "metric": {}, 
    "values": [
      [
        1633121500, 
        "61"
      ], 
      [
        1633121515, 
        "43"
      ], 
      [
        1633121530, 
        "55"
      ], 
      [
        1633121545, 
        "59"
      ], 
      [
        1633121560, 
        "58"
      ], 
      [
        1633121575, 
        "68"
      ], 
      [
        1633121590, 
        "60"
      ], 
      [
        1633121605, 
        "62"
      ], 
      [
        1633121620, 
        "53"
      ], 
      [
        1633121635, 
        "54"
      ], 
      [
        1633121650, 
        "66"
      ], 
      [
        1633121665, 
        "67"
      ], 
      [
        1633121680, 
        "65"
      ], 
      [
        1633121695, 
        "54"
      ], 
      [
        1633121710, 
        "53"
      ], 
      [
        1633121725, 
        "57"
      ], 
      [
        1633121740, 
        "56"
      ], 
      [
        1633121755, 
        "58"
      ], 
      [
        1633121770, 
        "68"
      ], 
      [
        1633121785, 
        "67"
      ], 
      [
        1633121800, 
        "58"
      ]
    ]
  }, 
  "tcp_sends": {
    "metric": {}, 
    "values": [
      [
        1633121500, 
        "137216"
      ], 
      [
        1633121515, 
        "133120"
      ], 
      [
        1633121530, 
        "119808"
      ], 
      [
        1633121545, 
        "148480"
      ], 
      [
        1633121560, 
        "169984"
      ], 
      [
        1633121575, 
        "148480"
      ], 
      [
        1633121590, 
        "146432"
      ], 
      [
        1633121605, 
        "144384"
      ], 
      [
        1633121620, 
        "6343680"
      ], 
      [
        1633121635, 
        "4836352"
      ], 
      [
        1633121650, 
        "3736576"
      ], 
      [
        1633121665, 
        "3987456"
      ], 
      [
        1633121680, 
        "366592"
      ], 
      [
        1633121695, 
        "125952"
      ], 
      [
        1633121710, 
        "86016"
      ], 
      [
        1633121725, 
        "141312"
      ], 
      [
        1633121740, 
        "108544"
      ], 
      [
        1633121755, 
        "149504"
      ], 
      [
        1633121770, 
        "90112"
      ], 
      [
        1633121785, 
        "123904"
      ], 
      [
        1633121800, 
        "76800"
      ]
    ]
  }, 
  "dir_writes": {
    "metric": {
      "instance": "172.17.0.1:8000", 
      "hostname": "longz-chaosevm", 
      "pid": "23274", 
      "directory": "/data/eth-data", 
      "job": "syscall_monitoring", 
      "application_name": "geth"
    },