{
  "dir_read_c": {
    "metric": {
      "instance": "172.17.0.1:8000", 
      "hostname": "longz-chaosevm", 
      "pid": "23274", 
      "directory": "/data/eth-data", 
      "job": "syscall_monitoring", 
      "application_name": "geth", 
      "__name__": "dir_reads_total"
    }, 
    "values": [
      [
        1633122401, 
        "23141"
      ], 
      [
        1633122416, 
        "22714"
      ], 
      [
        1633122431, 
        "24778"
      ], 
      [
        1633122446, 
        "22868"
      ], 
      [
        1633122461, 
        "25113"
      ], 
      [
        1633122476, 
        "23289"
      ], 
      [
        1633122491, 
        "21938"
      ], 
      [
        1633122506, 
        "23025"
      ], 
      [
        1633122521, 
        "22724"
      ], 
      [
        1633122536, 
        "21934"
      ], 
      [
        1633122551, 
        "21254"
      ], 
      [
        1633122566, 
        "22148"
      ], 
      [
        1633122581, 
        "21342"
      ], 
      [
        1633122596, 
        "22268"
      ], 
      [
        1633122626, 
        "22476"
      ], 
      [
        1633122641, 
        "21114"
      ], 
      [
        1633122656, 
        "21478"
      ], 
      [
        1633122671, 
        "20622"
      ], 
      [
        1633122686, 
        "20185"
      ], 
      [
        1633122701, 
        "21056"
      ]
    ]
  }, 
  "stat": {
    "dir_read_c": {
      "max": 24794.75, 
      "mean": 22273.35, 
      "variance": 1508739.0275, 
      "pvalue": 0.1031212305612282, 
      "min": 20600.15
    }, 
    "dir_reads": {
      "max": 273404416.0, 
      "mean": 257209139.2, 
      "variance": 129311693980303.38, 
      "pvalue": 0.002499320168257019, 
      "min": 244260147.20000002
    }, 
    "tcp_conn": {
      "max": 62.25, 
      "mean": 56.3, 
      "variance": 24.709999999999997, 
      "pvalue": 1.2026467019345983e-18, 
      "min": 47.949999999999996
    }, 
    "tcp_sends": {
      "max": 5813862.4, 
      "mean": 1469337.6, 
      "variance": 4486166730506.24, 
      "pvalue": 0.04679957937764149, 
      "min": 114585.6
    }, 
    "dir_writes": {
      "max": 358758.4, 
      "mean": 275609.6, 
      "variance": 3632191242.2400002, 
      "pvalue": 5.750652687377817e-07, 
      "min": 171315.2
    }, 
    "dir_write_c": {
      "max": 276.20000000000005, 
      "mean": 152.5, 
      "variance": 13387.15, 
      "pvalue": 0.03951420369155875, 
      "min": 28.0
    }, 
    "disk_write": {
      "max": 18020.41890941683, 
      "mean": 16415.328410369773, 
      "variance": 1479872.7922952152, 
      "pvalue": 7.454289802758672e-06, 
      "min": 14610.515605062756
    }, 
    "disk_read": {
      "max": 20125689.17599204, 
      "mean": 17929045.492105983, 
      "variance": 1255284249209.4758, 
      "pvalue": 0.06491657801421508, 
      "min": 16681845.822313733
    }, 
    "peer_stats": {
      "max": 27.1, 
      "mean": 22.4, 
      "variance": 7.189999999999998, 
      "pvalue": 1.2026467019345983e-18, 
      "min": 19.825
    }, 
    "tcp_recvs": {
      "max": 1682944.0000000002, 
      "mean": 1055744.0, 
      "variance": 224288099532.8, 
      "pvalue": 1.014321056162713e-10, 
      "min": 497203.2
    }
  }, 
  "dir_reads": {
    "metric": {
      "instance": "172.17.0.1:8000", 
      "hostname": "longz-chaosevm", 
      "pid": "23274", 
      "directory": "/data/eth-data", 
      "job": "syscall_monitoring", 
      "application_name": "geth"
    }, 
    "values": [
      [
        1633122401, 
        "261010432"
      ], 
      [
        1633122416, 
        "261914624"
      ], 
      [
        1633122431, 
        "289134592"
      ], 
      [
        1633122446, 
        "259217408"
      ], 
      [
        1633122461, 
        "272576512"
      ], 
      [
        1633122476, 
        "260504576"
      ], 
      [
        1633122491, 
        "249110528"
      ], 
      [
        1633122506, 
        "263559168"
      ], 
      [
        1633122521, 
        "266043392"
      ], 
      [
        1633122536, 
        "255296512"
      ], 
      [
        1633122551, 
        "247316480"
      ], 
      [
        1633122566, 
        "255442944"
      ], 
      [
        1633122581, 
        "248340480"
      ], 
      [
        1633122596, 
        "262052864"
      ], 
      [
        1633122626, 
        "265024512"
      ], 
      [
        1633122641, 
        "244712448"
      ], 
      [
        1633122656, 
        "251157504"
      ], 
      [
        1633122671, 
        "246839296"
      ], 
      [
        1633122686, 
        "235666432"
      ], 
      [
        1633122701, 
        "249262080"
      ]
    ]
  }, 
  "tcp_conn": {
    "metric": {}, 
    "values": [
      [
        1633122401, 
        "60"
      ], 
      [
        1633122416, 
        "57"
      ], 
      [
        1633122431, 
        "48"
      ], 
      [
        1633122446, 
        "57"
      ], 
      [
        1633122461, 
        "59"
      ], 
      [
        1633122476, 
        "47"
      ], 
      [
        1633122491, 
        "56"
      ], 
      [
        1633122506, 
        "49"
      ], 
      [
        1633122521, 
        "49"
      ], 
      [
        1633122536, 
        "59"
      ], 
      [
        1633122551, 
        "61"
      ], 
      [
        1633122566, 
        "58"
      ], 
      [
        1633122581, 
        "55"
      ], 
      [
        1633122596, 
        "52"
      ], 
      [
        1633122626, 
        "59"
      ], 
      [
        1633122641, 
        "67"
      ], 
      [
        1633122656, 
        "62"
      ], 
      [
        1633122671, 
        "56"
      ], 
      [
        1633122686, 
        "57"
      ], 
      [
        1633122701, 
        "58"
      ]
    ]
  }, 
  "tcp_sends": {
    "metric": {}, 
    "values": [
      [
        1633122401, 
        "114688"
      ], 
      [
        1633122416, 
        "178176"
      ], 
      [
        1633122431, 
        "222208"
      ], 
      [
        1633122446, 
        "6701056"
      ], 
      [
        1633122461, 
        "5767168"
      ], 
      [
        1633122476, 
        "3283968"
      ], 
      [
        1633122491, 
        "112640"
      ], 
      [
        1633122506, 
        "190464"
      ], 
      [
        1633122521, 
        "4093952"
      ], 
      [
        1633122536, 
        "4197376"
      ], 
      [
        1633122551, 
        "3028992"
      ], 
      [
        1633122566, 
        "185344"
      ], 
      [
        1633122581, 
        "148480"
      ], 
      [
        1633122596, 
        "224256"
      ], 
      [
        1633122626, 
        "174080"
      ], 
      [
        1633122641, 
        "124928"
      ], 
      [
        1633122656, 
        "185344"
      ], 
      [
        1633122671, 
        "118784"
      ], 
      [
        1633122686, 
        "168960"
      ], 
      [
        1633122701, 
        "165888"
      ]
    ]
  }, 
  "dir_writes": {
    "metric": {
      "instance": "172.17.0.1:8000", 
      "hostname": "longz-chaosevm", 
      "pid": "23274", 
      "directory": "/data/eth-data", 
      "job": "syscall_monitoring", 
      "application_name": "geth"
    },