{
  "dir_read_c": {
    "metric": {
      "instance": "172.17.0.1:8000", 
      "hostname": "longz-chaosevm", 
      "pid": "23274", 
      "directory": "/data/eth-data", 
      "job": "syscall_monitoring", 
      "application_name": "geth", 
      "__name__": "dir_reads_total"
    }, 
    "values": [
      [
        1633122704, 
        "21056"
      ], 
      [
        1633122719, 
        "19873"
      ], 
      [
        1633122734, 
        "20323"
      ], 
      [
        1633122749, 
        "22751"
      ], 
      [
        1633122764, 
        "22947"
      ], 
      [
        1633122779, 
        "43450"
      ], 
      [
        1633122794, 
        "102649"
      ], 
      [
        1633122809, 
        "76146"
      ], 
      [
        1633122824, 
        "49389"
      ], 
      [
        1633122839, 
        "35760"
      ], 
      [
        1633122854, 
        "36606"
      ], 
      [
        1633122869, 
        "25451"
      ], 
      [
        1633122884, 
        "23151"
      ], 
      [
        1633122899, 
        "42115"
      ], 
      [
        1633122914, 
        "35657"
      ], 
      [
        1633122929, 
        "22776"
      ], 
      [
        1633122944, 
        "19268"
      ], 
      [
        1633122959, 
        "25404"
      ], 
      [
        1633122974, 
        "27414"
      ], 
      [
        1633122989, 
        "24341"
      ], 
      [
        1633123004, 
        "22751"
      ]
    ]
  }, 
  "stat": {
    "dir_read_c": {
      "max": 76146.0, 
      "mean": 34251.333333333336, 
      "variance": 407906810.03174585, 
      "pvalue": 0.001463671117071791, 
      "min": 19873.0
    }, 
    "dir_reads": {
      "max": 1106058240.0, 
      "mean": 446935820.1904762, 
      "variance": 9.99918380761898e+16, 
      "pvalue": 0.007012177924911126, 
      "min": 232728576.0
    }, 
    "tcp_conn": {
      "max": 77.0, 
      "mean": 67.52380952380952, 
      "variance": 37.67800453514738, 
      "pvalue": 5.292590337327715e-19, 
      "min": 58.0
    }, 
    "tcp_sends": {
      "max": 7732224.0, 
      "mean": 1572815.238095238, 
      "variance": 8941434491427.99, 
      "pvalue": 0.06142401316302805, 
      "min": 59392.0
    }, 
    "dir_writes": {
      "max": 976896.0, 
      "mean": 489715.8095238095, 
      "variance": 3000142400412.154, 
      "pvalue": 1.0937931384906564e-05, 
      "min": 1024.0
    }, 
    "dir_write_c": {
      "max": 289.0, 
      "mean": 151.33333333333334, 
      "variance": 19277.65079365079, 
      "pvalue": 0.0064545822265754844, 
      "min": 15.0
    }, 
    "disk_write": {
      "max": 109579.36257458014, 
      "mean": 34770.38780210052, 
      "variance": 1324499411.3961525, 
      "pvalue": 0.11102539354492177, 
      "min": 4228.100368884898
    }, 
    "disk_read": {
      "max": 46760574.82837466, 
      "mean": 29437916.998854924, 
      "variance": 95835097530995.17, 
      "pvalue": 1.9811581135454025e-07, 
      "min": 16314516.13319197
    }, 
    "peer_stats": {
      "max": 40.0, 
      "mean": 34.675, 
      "variance": 22.656874999999992, 
      "pvalue": 1.2026467019345983e-18, 
      "min": 25.950000000000003
    }, 
    "tcp_recvs": {
      "max": 4207616.0, 
      "mean": 2139184.761904762, 
      "variance": 1301867869098.0864, 
      "pvalue": 0.008991461216123263, 
      "min": 931840.0
    }
  }, 
  "dir_reads": {
    "metric": {
      "instance": "172.17.0.1:8000", 
      "hostname": "longz-chaosevm", 
      "pid": "23274", 
      "directory": "/data/eth-data", 
      "job": "syscall_monitoring", 
      "application_name": "geth"
    }, 
    "values": [
      [
        1633122704, 
        "249262080"
      ], 
      [
        1633122719, 
        "229578752"
      ], 
      [
        1633122734, 
        "232728576"
      ], 
      [
        1633122749, 
        "251857920"
      ], 
      [
        1633122764, 
        "272398336"
      ], 
      [
        1633122779, 
        "638048256"
      ], 
      [
        1633122794, 
        "1527590912"
      ], 
      [
        1633122809, 
        "1106058240"
      ], 
      [
        1633122824, 
        "659262464"
      ], 
      [
        1633122839, 
        "409409536"
      ], 
      [
        1633122854, 
        "395934720"
      ], 
      [
        1633122869, 
        "283313152"
      ], 
      [
        1633122884, 
        "310396928"
      ], 
      [
        1633122899, 
        "566525952"
      ], 
      [
        1633122914, 
        "496086016"
      ], 
      [
        1633122929, 
        "280270848"
      ], 
      [
        1633122944, 
        "238152704"
      ], 
      [
        1633122959, 
        "328299520"
      ], 
      [
        1633122974, 
        "336518144"
      ], 
      [
        1633122989, 
        "299091968"
      ], 
      [
        1633123004, 
        "274867200"
      ]
    ]
  }, 
  "tcp_conn": {
    "metric": {}, 
    "values": [
      [
        1633122704, 
        "58"
      ], 
      [
        1633122719, 
        "56"
      ], 
      [
        1633122734, 
        "69"
      ], 
      [
        1633122749, 
        "62"
      ], 
      [
        1633122764, 
        "61"
      ], 
      [
        1633122779, 
        "64"
      ], 
      [
        1633122794, 
        "62"
      ], 
      [
        1633122809, 
        "64"
      ], 
      [
        1633122824, 
        "68"
      ], 
      [
        1633122839, 
        "66"
      ], 
      [
        1633122854, 
        "66"
      ], 
      [
        1633122869, 
        "79"
      ], 
      [
        1633122884, 
        "72"
      ], 
      [
        1633122899, 
        "65"
      ], 
      [
        1633122914, 
        "74"
      ], 
      [
        1633122929, 
        "77"
      ], 
      [
        1633122944, 
        "73"
      ], 
      [
        1633122959, 
        "63"
      ], 
      [
        1633122974, 
        "73"
      ], 
      [
        1633122989, 
        "72"
      ], 
      [
        1633123004, 
        "74"
      ]
    ]
  }, 
  "tcp_sends": {
    "metric": {}, 
    "values": [
      [
        1633122704, 
        "165888"
      ], 
      [
        1633122719, 
        "178176"
      ], 
      [
        1633122734, 
        "131072"
      ], 
      [
        1633122749, 
        "136192"
      ], 
      [
        1633122764, 
        "146432"
      ], 
      [
        1633122779, 
        "245760"
      ], 
      [
        1633122794, 
        "7732224"
      ], 
      [
        1633122809, 
        "120832"
      ], 
      [
        1633122824, 
        "60416"
      ], 
      [
        1633122839, 
        "108544"
      ], 
      [
        1633122854, 
        "67584"
      ], 
      [
        1633122869, 
        "107520"
      ], 
      [
        1633122884, 
        "54272"
      ], 
      [
        1633122899, 
        "118784"
      ], 
      [
        1633122914, 
        "714752"
      ], 
      [
        1633122929, 
        "11585536"
      ], 
      [
        1633122944, 
        "59392"
      ], 
      [
        1633122959, 
        "3697664"
      ], 
      [
        1633122974, 
        "62464"
      ], 
      [
        1633122989, 
        "4968448"
      ], 
      [
        1633123004, 
        "2567168"
      ]
    ]
  }, 
  "dir_writes": {
    "metric": {
      "instance": "172.17.0.1:8000", 
      "hostname": "longz-chaosevm", 
      "pid": "23274", 
      "directory": "/data/eth-data", 
      "job": "syscall_monitoring", 
      "application_name": "geth"
    },