{
  "dir_read_c": {
    "metric": {
      "instance": "172.17.0.1:8000", 
      "hostname": "longz-chaosevm", 
      "pid": "25365", 
      "directory": "/data/eth-data", 
      "job": "syscall_monitoring", 
      "application_name": "geth", 
      "__name__": "dir_reads_total"
    }, 
    "values": [
      [
        1633128158, 
        "24234"
      ], 
      [
        1633128173, 
        "21661"
      ], 
      [
        1633128188, 
        "23403"
      ], 
      [
        1633128203, 
        "22153"
      ], 
      [
        1633128218, 
        "22554"
      ], 
      [
        1633128233, 
        "23240"
      ], 
      [
        1633128248, 
        "20916"
      ], 
      [
        1633128263, 
        "21539"
      ], 
      [
        1633128278, 
        "22335"
      ], 
      [
        1633128293, 
        "24233"
      ], 
      [
        1633128308, 
        "22224"
      ], 
      [
        1633128323, 
        "22993"
      ], 
      [
        1633128338, 
        "21995"
      ], 
      [
        1633128353, 
        "21827"
      ], 
      [
        1633128368, 
        "20060"
      ], 
      [
        1633128383, 
        "20433"
      ], 
      [
        1633128398, 
        "21998"
      ], 
      [
        1633128413, 
        "20490"
      ], 
      [
        1633128428, 
        "22204"
      ], 
      [
        1633128443, 
        "25829"
      ], 
      [
        1633128458, 
        "22332"
      ]
    ]
  }, 
  "stat": {
    "dir_read_c": {
      "max": 24234.0, 
      "mean": 22316.809523809523, 
      "variance": 1795181.9637188206, 
      "pvalue": 0.13691176251333453, 
      "min": 20433.0
    }, 
    "dir_reads": {
      "max": 281293824.0, 
      "mean": 259015241.14285713, 
      "variance": 240754977139482.16, 
      "pvalue": 0.03442825669581308, 
      "min": 236545024.0
    }, 
    "tcp_conn": {
      "max": 81.0, 
      "mean": 70.38095238095238, 
      "variance": 37.56916099773244, 
      "pvalue": 3.3931853783171033e-18, 
      "min": 60.0
    }, 
    "tcp_sends": {
      "max": 12667904.0, 
      "mean": 2021424.761904762, 
      "variance": 16075038327527.04, 
      "pvalue": 0.06142401316302805, 
      "min": 99328.0
    }, 
    "dir_writes": {
      "max": 371712.0, 
      "mean": 265459.8095238095, 
      "variance": 11693809905.487528, 
      "pvalue": 7.94318009408336e-07, 
      "min": 175104.0
    }, 
    "dir_write_c": {
      "max": 248.0, 
      "mean": 134.9047619047619, 
      "variance": 9745.80045351474, 
      "pvalue": 0.00016641454416903455, 
      "min": 29.0
    }, 
    "disk_write": {
      "max": 19942.468651001924, 
      "mean": 16005.620402044478, 
      "variance": 6992943.153101393, 
      "pvalue": 5.23888532480594e-05, 
      "min": 12305.632191366147
    }, 
    "disk_read": {
      "max": 19358815.058928963, 
      "mean": 17759287.752213858, 
      "variance": 742506414716.9244, 
      "pvalue": 0.004623810023821918, 
      "min": 16607201.759794643
    }, 
    "peer_stats": {
      "max": 38.0, 
      "mean": 34.11904761904762, 
      "variance": 6.735827664399091, 
      "pvalue": 1.6526653304976648e-19, 
      "min": 31.0
    }, 
    "tcp_recvs": {
      "max": 4001792.0, 
      "mean": 2637970.285714286, 
      "variance": 22791477168086.203, 
      "pvalue": 4.175963549149122e-05, 
      "min": 596992.0
    }
  }, 
  "dir_reads": {
    "metric": {
      "instance": "172.17.0.1:8000", 
      "hostname": "longz-chaosevm", 
      "pid": "25365", 
      "directory": "/data/eth-data", 
      "job": "syscall_monitoring", 
      "application_name": "geth"
    }, 
    "values": [
      [
        1633128158, 
        "281293824"
      ], 
      [
        1633128173, 
        "251866112"
      ], 
      [
        1633128188, 
        "275676160"
      ], 
      [
        1633128203, 
        "255758336"
      ], 
      [
        1633128218, 
        "258492416"
      ], 
      [
        1633128233, 
        "272878592"
      ], 
      [
        1633128248, 
        "243527680"
      ], 
      [
        1633128263, 
        "255908864"
      ], 
      [
        1633128278, 
        "261531648"
      ], 
      [
        1633128293, 
        "280561664"
      ], 
      [
        1633128308, 
        "257507328"
      ], 
      [
        1633128323, 
        "259168256"
      ], 
      [
        1633128338, 
        "252610560"
      ], 
      [
        1633128353, 
        "250066944"
      ], 
      [
        1633128368, 
        "231666688"
      ], 
      [
        1633128383, 
        "236545024"
      ], 
      [
        1633128398, 
        "249050112"
      ], 
      [
        1633128413, 
        "246010880"
      ], 
      [
        1633128428, 
        "254050304"
      ], 
      [
        1633128443, 
        "298826752"
      ], 
      [
        1633128458, 
        "266321920"
      ]
    ]
  }, 
  "tcp_conn": {
    "metric": {}, 
    "values": [
      [
        1633128158, 
        "60"
      ], 
      [
        1633128173, 
        "67"
      ], 
      [
        1633128188, 
        "73"
      ], 
      [
        1633128203, 
        "68"
      ], 
      [
        1633128218, 
        "56"
      ], 
      [
        1633128233, 
        "66"
      ], 
      [
        1633128248, 
        "75"
      ], 
      [
        1633128263, 
        "70"
      ], 
      [
        1633128278, 
        "70"
      ], 
      [
        1633128293, 
        "72"
      ], 
      [
        1633128308, 
        "63"
      ], 
      [
        1633128323, 
        "68"
      ], 
      [
        1633128338, 
        "69"
      ], 
      [
        1633128353, 
        "79"
      ], 
      [
        1633128368, 
        "71"
      ], 
      [
        1633128383, 
        "69"
      ], 
      [
        1633128398, 
        "73"
      ], 
      [
        1633128413, 
        "81"
      ], 
      [
        1633128428, 
        "82"
      ], 
      [
        1633128443, 
        "73"
      ], 
      [
        1633128458, 
        "73"
      ]
    ]
  }, 
  "tcp_sends": {
    "metric": {}, 
    "values": [
      [
        1633128158, 
        "129024"
      ], 
      [
        1633128173, 
        "168960"
      ], 
      [
        1633128188, 
        "101376"
      ], 
      [
        1633128203, 
        "4352000"
      ], 
      [
        1633128218, 
        "96256"
      ], 
      [
        1633128233, 
        "156672"
      ], 
      [
        1633128248, 
        "104448"
      ], 
      [
        1633128263, 
        "147456"
      ], 
      [
        1633128278, 
        "102400"
      ], 
      [
        1633128293, 
        "12667904"
      ], 
      [
        1633128308, 
        "14443520"
      ], 
      [
        1633128323, 
        "258048"
      ], 
      [
        1633128338, 
        "1055744"
      ], 
      [
        1633128353, 
        "141312"
      ], 
      [
        1633128368, 
        "99328"
      ], 
      [
        1633128383, 
        "162816"
      ], 
      [
        1633128398, 
        "123904"
      ], 
      [
        1633128413, 
        "5126144"
      ], 
      [
        1633128428, 
        "137216"
      ], 
      [
        1633128443, 
        "2767872"
      ], 
      [
        1633128458, 
        "107520"
      ]
    ]
  }, 
  "dir_writes": {
    "metric": {
      "instance": "172.17.0.1:8000", 
      "hostname": "longz-chaosevm", 
      "pid": "25365", 
      "directory": "/data/eth-data", 
      "job": "syscall_monitoring", 
      "application_name": "geth"
    },