{
  "dir_read_c": {
    "metric": {
      "instance": "172.17.0.1:8000", 
      "hostname": "longz-chaosevm", 
      "pid": "25365", 
      "directory": "/data/eth-data", 
      "job": "syscall_monitoring", 
      "application_name": "geth", 
      "__name__": "dir_reads_total"
    }, 
    "values": [
      [
        1633127857, 
        "56034"
      ], 
      [
        1633127872, 
        "45567"
      ], 
      [
        1633127887, 
        "47700"
      ], 
      [
        1633127902, 
        "41694"
      ], 
      [
        1633127917, 
        "44900"
      ], 
      [
        1633127932, 
        "40391"
      ], 
      [
        1633127947, 
        "40073"
      ], 
      [
        1633127962, 
        "37535"
      ], 
      [
        1633127977, 
        "33803"
      ], 
      [
        1633127992, 
        "29690"
      ], 
      [
        1633128007, 
        "29036"
      ], 
      [
        1633128022, 
        "26593"
      ], 
      [
        1633128037, 
        "28618"
      ], 
      [
        1633128052, 
        "30030"
      ], 
      [
        1633128067, 
        "26886"
      ], 
      [
        1633128082, 
        "28374"
      ], 
      [
        1633128097, 
        "25287"
      ], 
      [
        1633128112, 
        "25407"
      ], 
      [
        1633128127, 
        "26853"
      ], 
      [
        1633128142, 
        "22705"
      ], 
      [
        1633128157, 
        "24234"
      ]
    ]
  }, 
  "stat": {
    "dir_read_c": {
      "max": 47700.0, 
      "mean": 33876.666666666664, 
      "variance": 82085154.31746033, 
      "pvalue": 2.895127218955525e-09, 
      "min": 24234.0
    }, 
    "dir_reads": {
      "max": 548969472.0, 
      "mean": 394409984.0, 
      "variance": 1.1880392070004736e+16, 
      "pvalue": 7.852185151647626e-08, 
      "min": 281293824.0
    }, 
    "tcp_conn": {
      "max": 73.0, 
      "mean": 62.904761904761905, 
      "variance": 50.276643990929706, 
      "pvalue": 2.214072573326418e-19, 
      "min": 51.0
    }, 
    "tcp_sends": {
      "max": 285696.0, 
      "mean": 267312.7619047619, 
      "variance": 316330959981.1337, 
      "pvalue": 0.0415744759584004, 
      "min": 75776.0
    }, 
    "dir_writes": {
      "max": 387072.0, 
      "mean": 226645.33333333334, 
      "variance": 9110161440.507938, 
      "pvalue": 0.0009518392296658699, 
      "min": 58368.0
    }, 
    "dir_write_c": {
      "max": 208.0, 
      "mean": 114.0, 
      "variance": 6499.333333333333, 
      "pvalue": 1.7369303730037133e-05, 
      "min": 23.0
    }, 
    "disk_write": {
      "max": 19360.189674291687, 
      "mean": 14943.022341180165, 
      "variance": 6273612.235139142, 
      "pvalue": 0.00023949326254855895, 
      "min": 11994.672688385645
    }, 
    "disk_read": {
      "max": 36857934.26449844, 
      "mean": 28739437.78551342, 
      "variance": 37873238449717.45, 
      "pvalue": 1.573502670655656e-09, 
      "min": 20753267.15771183
    }, 
    "peer_stats": {
      "max": 33.5, 
      "mean": 28.61904761904762, 
      "variance": 9.66439909297052, 
      "pvalue": 1.6526653304976648e-19, 
      "min": 24.5
    }, 
    "tcp_recvs": {
      "max": 2574336.0, 
      "mean": 1604949.3333333333, 
      "variance": 304226683692.6984, 
      "pvalue": 6.750177170355115e-06, 
      "min": 847872.0
    }
  }, 
  "dir_reads": {
    "metric": {
      "instance": "172.17.0.1:8000", 
      "hostname": "longz-chaosevm", 
      "pid": "25365", 
      "directory": "/data/eth-data", 
      "job": "syscall_monitoring", 
      "application_name": "geth"
    }, 
    "values": [
      [
        1633127857, 
        "648262656"
      ], 
      [
        1633127872, 
        "546127872"
      ], 
      [
        1633127887, 
        "548969472"
      ], 
      [
        1633127902, 
        "499168256"
      ], 
      [
        1633127917, 
        "525916160"
      ], 
      [
        1633127932, 
        "480140288"
      ], 
      [
        1633127947, 
        "472462336"
      ], 
      [
        1633127962, 
        "442485760"
      ], 
      [
        1633127977, 
        "397827072"
      ], 
      [
        1633127992, 
        "348122112"
      ], 
      [
        1633128007, 
        "331901952"
      ], 
      [
        1633128022, 
        "301236224"
      ], 
      [
        1633128037, 
        "323349504"
      ], 
      [
        1633128052, 
        "348263424"
      ], 
      [
        1633128067, 
        "307846144"
      ], 
      [
        1633128082, 
        "334570496"
      ], 
      [
        1633128097, 
        "290407424"
      ], 
      [
        1633128112, 
        "299109376"
      ], 
      [
        1633128127, 
        "301321216"
      ], 
      [
        1633128142, 
        "253828096"
      ], 
      [
        1633128157, 
        "281293824"
      ]
    ]
  }, 
  "tcp_conn": {
    "metric": {}, 
    "values": [
      [
        1633127857, 
        "54"
      ], 
      [
        1633127872, 
        "58"
      ], 
      [
        1633127887, 
        "65"
      ], 
      [
        1633127902, 
        "57"
      ], 
      [
        1633127917, 
        "51"
      ], 
      [
        1633127932, 
        "58"
      ], 
      [
        1633127947, 
        "62"
      ], 
      [
        1633127962, 
        "56"
      ], 
      [
        1633127977, 
        "67"
      ], 
      [
        1633127992, 
        "51"
      ], 
      [
        1633128007, 
        "70"
      ], 
      [
        1633128022, 
        "60"
      ], 
      [
        1633128037, 
        "70"
      ], 
      [
        1633128052, 
        "60"
      ], 
      [
        1633128067, 
        "69"
      ], 
      [
        1633128082, 
        "67"
      ], 
      [
        1633128097, 
        "72"
      ], 
      [
        1633128112, 
        "65"
      ], 
      [
        1633128127, 
        "76"
      ], 
      [
        1633128142, 
        "73"
      ], 
      [
        1633128157, 
        "60"
      ]
    ]
  }, 
  "tcp_sends": {
    "metric": {}, 
    "values": [
      [
        1633127857, 
        "75776"
      ], 
      [
        1633127872, 
        "131072"
      ], 
      [
        1633127887, 
        "70656"
      ], 
      [
        1633127902, 
        "143360"
      ], 
      [
        1633127917, 
        "88064"
      ], 
      [
        1633127932, 
        "142336"
      ], 
      [
        1633127947, 
        "103424"
      ], 
      [
        1633127962, 
        "164864"
      ], 
      [
        1633127977, 
        "103424"
      ], 
      [
        1633127992, 
        "149504"
      ], 
      [
        1633128007, 
        "160768"
      ], 
      [
        1633128022, 
        "159744"
      ], 
      [
        1633128037, 
        "285696"
      ], 
      [
        1633128052, 
        "2774016"
      ], 
      [
        1633128067, 
        "118784"
      ], 
      [
        1633128082, 
        "155648"
      ], 
      [
        1633128097, 
        "122880"
      ], 
      [
        1633128112, 
        "200704"
      ], 
      [
        1633128127, 
        "136192"
      ], 
      [
        1633128142, 
        "197632"
      ], 
      [
        1633128157, 
        "129024"
      ]
    ]
  }, 
  "dir_writes": {
    "metric": {
      "instance": "172.17.0.1:8000", 
      "hostname": "longz-chaosevm", 
      "pid": "25365", 
      "directory": "/data/eth-data", 
      "job": "syscall_monitoring", 
      "application_name": "geth"
    },