{
  "dir_read_c": {
    "metric": {
      "instance": "172.17.0.1:8000", 
      "hostname": "longz-chaosevm", 
      "pid": "25365", 
      "directory": "/data/eth-data", 
      "job": "syscall_monitoring", 
      "application_name": "geth", 
      "__name__": "dir_reads_total"
    }, 
    "values": [
      [
        1633128758, 
        "44654"
      ], 
      [
        1633128773, 
        "33471"
      ], 
      [
        1633128788, 
        "23820"
      ], 
      [
        1633128803, 
        "20367"
      ], 
      [
        1633128818, 
        "26482"
      ], 
      [
        1633128833, 
        "29134"
      ], 
      [
        1633128848, 
        "32203"
      ], 
      [
        1633128863, 
        "27104"
      ], 
      [
        1633128878, 
        "27497"
      ], 
      [
        1633128893, 
        "29237"
      ], 
      [
        1633128908, 
        "32025"
      ], 
      [
        1633128923, 
        "30558"
      ], 
      [
        1633128938, 
        "30449"
      ], 
      [
        1633128953, 
        "29399"
      ], 
      [
        1633128968, 
        "28929"
      ], 
      [
        1633128983, 
        "28751"
      ], 
      [
        1633128998, 
        "28647"
      ], 
      [
        1633129013, 
        "26689"
      ], 
      [
        1633129028, 
        "23136"
      ], 
      [
        1633129043, 
        "23967"
      ], 
      [
        1633129058, 
        "25853"
      ]
    ]
  }, 
  "stat": {
    "dir_read_c": {
      "max": 33471.0, 
      "mean": 28684.380952380954, 
      "variance": 22658312.521541953, 
      "pvalue": 7.90352397320714e-08, 
      "min": 23136.0
    }, 
    "dir_reads": {
      "max": 416854016.0, 
      "mean": 345169529.9047619, 
      "variance": 3791444532587141.5, 
      "pvalue": 2.2344916792995472e-07, 
      "min": 271344640.0
    }, 
    "tcp_conn": {
      "max": 83.0, 
      "mean": 69.95238095238095, 
      "variance": 54.52154195011339, 
      "pvalue": 5.411534546655684e-16, 
      "min": 60.0
    }, 
    "tcp_sends": {
      "max": 4353024.0, 
      "mean": 1238162.2857142857, 
      "variance": 3359826076483.9194, 
      "pvalue": 0.019757289094447752, 
      "min": 67584.0
    }, 
    "dir_writes": {
      "max": 321536.0, 
      "mean": 163840.0, 
      "variance": 10287329475.047619, 
      "pvalue": 0.2169937936533839, 
      "min": 33792.0
    }, 
    "dir_write_c": {
      "max": 293.0, 
      "mean": 150.1904761904762, 
      "variance": 14434.154195011339, 
      "pvalue": 0.10144796974943984, 
      "min": 22.0
    }, 
    "disk_write": {
      "max": 13717.824249460711, 
      "mean": 9214.252744383091, 
      "variance": 7307848.884553264, 
      "pvalue": 0.00023949326254855895, 
      "min": 5342.985714615837
    }, 
    "disk_read": {
      "max": 32639353.568867143, 
      "mean": 25038945.27906914, 
      "variance": 9904742586334.508, 
      "pvalue": 6.370008393638651e-11, 
      "min": 21119332.531922027
    }, 
    "peer_stats": {
      "max": 38.0, 
      "mean": 34.666666666666664, 
      "variance": 4.1984126984126995, 
      "pvalue": 1.6526653304976648e-19, 
      "min": 31.5
    }, 
    "tcp_recvs": {
      "max": 2796544.0, 
      "mean": 1866995.8095238095, 
      "variance": 413386498289.4875, 
      "pvalue": 0.0016965770962013868, 
      "min": 800768.0
    }
  }, 
  "dir_reads": {
    "metric": {
      "instance": "172.17.0.1:8000", 
      "hostname": "longz-chaosevm", 
      "pid": "25365", 
      "directory": "/data/eth-data", 
      "job": "syscall_monitoring", 
      "application_name": "geth"
    }, 
    "values": [
      [
        1633128758, 
        "549080064"
      ], 
      [
        1633128773, 
        "416854016"
      ], 
      [
        1633128788, 
        "289520640"
      ], 
      [
        1633128803, 
        "245319680"
      ], 
      [
        1633128818, 
        "325662720"
      ], 
      [
        1633128833, 
        "356713472"
      ], 
      [
        1633128848, 
        "395038720"
      ], 
      [
        1633128863, 
        "337539072"
      ], 
      [
        1633128878, 
        "334455808"
      ], 
      [
        1633128893, 
        "357820416"
      ], 
      [
        1633128908, 
        "386708480"
      ], 
      [
        1633128923, 
        "371846144"
      ], 
      [
        1633128938, 
        "371520512"
      ], 
      [
        1633128953, 
        "337936384"
      ], 
      [
        1633128968, 
        "331900928"
      ], 
      [
        1633128983, 
        "335870976"
      ], 
      [
        1633128998, 
        "338965504"
      ], 
      [
        1633129013, 
        "315720704"
      ], 
      [
        1633129028, 
        "271344640"
      ], 
      [
        1633129043, 
        "274001920"
      ], 
      [
        1633129058, 
        "304739328"
      ]
    ]
  }, 
  "tcp_conn": {
    "metric": {}, 
    "values": [
      [
        1633128758, 
        "86"
      ], 
      [
        1633128773, 
        "83"
      ], 
      [
        1633128788, 
        "67"
      ], 
      [
        1633128803, 
        "72"
      ], 
      [
        1633128818, 
        "66"
      ], 
      [
        1633128833, 
        "63"
      ], 
      [
        1633128848, 
        "68"
      ], 
      [
        1633128863, 
        "66"
      ], 
      [
        1633128878, 
        "72"
      ], 
      [
        1633128893, 
        "73"
      ], 
      [
        1633128908, 
        "76"
      ], 
      [
        1633128923, 
        "60"
      ], 
      [
        1633128938, 
        "63"
      ], 
      [
        1633128953, 
        "62"
      ], 
      [
        1633128968, 
        "71"
      ], 
      [
        1633128983, 
        "62"
      ], 
      [
        1633128998, 
        "77"
      ], 
      [
        1633129013, 
        "79"
      ], 
      [
        1633129028, 
        "77"
      ], 
      [
        1633129043, 
        "66"
      ], 
      [
        1633129058, 
        "60"
      ]
    ]
  }, 
  "tcp_sends": {
    "metric": {}, 
    "values": [
      [
        1633128758, 
        "88064"
      ], 
      [
        1633128773, 
        "116736"
      ], 
      [
        1633128788, 
        "67584"
      ], 
      [
        1633128803, 
        "101376"
      ], 
      [
        1633128818, 
        "59392"
      ], 
      [
        1633128833, 
        "4314112"
      ], 
      [
        1633128848, 
        "4353024"
      ], 
      [
        1633128863, 
        "5519360"
      ], 
      [
        1633128878, 
        "118784"
      ], 
      [
        1633128893, 
        "3813376"
      ], 
      [
        1633128908, 
        "73728"
      ], 
      [
        1633128923, 
        "136192"
      ], 
      [
        1633128938, 
        "113664"
      ], 
      [
        1633128953, 
        "182272"
      ], 
      [
        1633128968, 
        "351232"
      ], 
      [
        1633128983, 
        "136192"
      ], 
      [
        1633128998, 
        "84992"
      ], 
      [
        1633129013, 
        "182272"
      ], 
      [
        1633129028, 
        "2256896"
      ], 
      [
        1633129043, 
        "3844096"
      ], 
      [
        1633129058, 
        "88064"
      ]
    ]
  }, 
  "dir_writes": {
    "metric": {
      "instance": "172.17.0.1:8000", 
      "hostname": "longz-chaosevm", 
      "pid": "25365", 
      "directory": "/data/eth-data", 
      "job": "syscall_monitoring", 
      "application_name": "geth"
    },