{
  "dir_read_c": {
    "metric": {
      "instance": "172.17.0.1:8000", 
      "hostname": "longz-chaosevm", 
      "pid": "25365", 
      "directory": "/data/eth-data", 
      "job": "syscall_monitoring", 
      "application_name": "geth", 
      "__name__": "dir_reads_total"
    }, 
    "values": [
      [
        1633129061, 
        "25853"
      ], 
      [
        1633129076, 
        "24793"
      ], 
      [
        1633129091, 
        "23789"
      ], 
      [
        1633129106, 
        "25196"
      ], 
      [
        1633129121, 
        "23516"
      ], 
      [
        1633129136, 
        "58318"
      ], 
      [
        1633129151, 
        "108066"
      ], 
      [
        1633129166, 
        "39814"
      ], 
      [
        1633129181, 
        "65694"
      ], 
      [
        1633129196, 
        "46188"
      ], 
      [
        1633129211, 
        "44562"
      ], 
      [
        1633129226, 
        "40859"
      ], 
      [
        1633129241, 
        "46482"
      ], 
      [
        1633129256, 
        "45598"
      ], 
      [
        1633129271, 
        "40846"
      ], 
      [
        1633129286, 
        "42106"
      ], 
      [
        1633129301, 
        "39581"
      ], 
      [
        1633129316, 
        "43312"
      ], 
      [
        1633129331, 
        "41444"
      ], 
      [
        1633129346, 
        "40141"
      ], 
      [
        1633129361, 
        "42551"
      ]
    ]
  }, 
  "stat": {
    "dir_read_c": {
      "max": 65694.0, 
      "mean": 43271.857142857145, 
      "variance": 321290990.5986395, 
      "pvalue": 2.0422051023155915e-10, 
      "min": 23789.0
    }, 
    "dir_reads": {
      "max": 976230400.0, 
      "mean": 538868248.3809524, 
      "variance": 8.673160200457829e+16, 
      "pvalue": 6.13095724083929e-10, 
      "min": 277480448.0
    }, 
    "tcp_conn": {
      "max": 79.0, 
      "mean": 70.95238095238095, 
      "variance": 32.426303854875286, 
      "pvalue": 6.571901529200345e-19, 
      "min": 60.0
    }, 
    "tcp_sends": {
      "max": 13642752.0, 
      "mean": 2516016.761904762, 
      "variance": 32032957558941.895, 
      "pvalue": 0.05653413233911309, 
      "min": 57344.0
    }, 
    "dir_writes": {
      "max": 217088.0, 
      "mean": 439783.61904761905, 
      "variance": 3033300941473.3784, 
      "pvalue": 0.0002230162015179888, 
      "min": 2048.0
    }, 
    "dir_write_c": {
      "max": 314.0, 
      "mean": 165.33333333333334, 
      "variance": 23459.365079365078, 
      "pvalue": 0.02002693369008689, 
      "min": 18.0
    }, 
    "disk_write": {
      "max": 91799.98345437268, 
      "mean": 30203.98026574074, 
      "variance": 1040172474.4329633, 
      "pvalue": 0.3625861131540826, 
      "min": 3594.8058795719835
    }, 
    "disk_read": {
      "max": 45268976.14564479, 
      "mean": 34102300.45996567, 
      "variance": 76143775298935.9, 
      "pvalue": 1.1359333253385385e-10, 
      "min": 19852695.824449185
    }, 
    "peer_stats": {
      "max": 38.0, 
      "mean": 36.642857142857146, 
      "variance": 0.693877551020408, 
      "pvalue": 1.6526653304976648e-19, 
      "min": 35.5
    }, 
    "tcp_recvs": {
      "max": 4179968.0, 
      "mean": 2225980.9523809524, 
      "variance": 2028701320133.9502, 
      "pvalue": 0.08765551109213049, 
      "min": 888832.0
    }
  }, 
  "dir_reads": {
    "metric": {
      "instance": "172.17.0.1:8000", 
      "hostname": "longz-chaosevm", 
      "pid": "25365", 
      "directory": "/data/eth-data", 
      "job": "syscall_monitoring", 
      "application_name": "geth"
    }, 
    "values": [
      [
        1633129061, 
        "304739328"
      ], 
      [
        1633129076, 
        "291311616"
      ], 
      [
        1633129091, 
        "276624384"
      ], 
      [
        1633129106, 
        "301591552"
      ], 
      [
        1633129121, 
        "277480448"
      ], 
      [
        1633129136, 
        "820098048"
      ], 
      [
        1633129151, 
        "1630971904"
      ], 
      [
        1633129166, 
        "488793088"
      ], 
      [
        1633129181, 
        "976230400"
      ], 
      [
        1633129196, 
        "592046080"
      ], 
      [
        1633129211, 
        "540891136"
      ], 
      [
        1633129226, 
        "393039872"
      ], 
      [
        1633129241, 
        "477182976"
      ], 
      [
        1633129256, 
        "480509952"
      ], 
      [
        1633129271, 
        "482357248"
      ], 
      [
        1633129286, 
        "504438784"
      ], 
      [
        1633129301, 
        "478525440"
      ], 
      [
        1633129316, 
        "524002304"
      ], 
      [
        1633129331, 
        "497405952"
      ], 
      [
        1633129346, 
        "483983360"
      ], 
      [
        1633129361, 
        "494009344"
      ]
    ]
  }, 
  "tcp_conn": {
    "metric": {}, 
    "values": [
      [
        1633129061, 
        "60"
      ], 
      [
        1633129076, 
        "68"
      ], 
      [
        1633129091, 
        "71"
      ], 
      [
        1633129106, 
        "72"
      ], 
      [
        1633129121, 
        "77"
      ], 
      [
        1633129136, 
        "62"
      ], 
      [
        1633129151, 
        "70"
      ], 
      [
        1633129166, 
        "76"
      ], 
      [
        1633129181, 
        "70"
      ], 
      [
        1633129196, 
        "67"
      ], 
      [
        1633129211, 
        "59"
      ], 
      [
        1633129226, 
        "70"
      ], 
      [
        1633129241, 
        "68"
      ], 
      [
        1633129256, 
        "79"
      ], 
      [
        1633129271, 
        "70"
      ], 
      [
        1633129286, 
        "72"
      ], 
      [
        1633129301, 
        "71"
      ], 
      [
        1633129316, 
        "78"
      ], 
      [
        1633129331, 
        "73"
      ], 
      [
        1633129346, 
        "77"
      ], 
      [
        1633129361, 
        "80"
      ]
    ]
  }, 
  "tcp_sends": {
    "metric": {}, 
    "values": [
      [
        1633129061, 
        "88064"
      ], 
      [
        1633129076, 
        "162816"
      ], 
      [
        1633129091, 
        "5789696"
      ], 
      [
        1633129106, 
        "23716864"
      ], 
      [
        1633129121, 
        "13642752"
      ], 
      [
        1633129136, 
        "200704"
      ], 
      [
        1633129151, 
        "76800"
      ], 
      [
        1633129166, 
        "120832"
      ], 
      [
        1633129181, 
        "68608"
      ], 
      [
        1633129196, 
        "109568"
      ], 
      [
        1633129211, 
        "57344"
      ], 
      [
        1633129226, 
        "128000"
      ], 
      [
        1633129241, 
        "71680"
      ], 
      [
        1633129256, 
        "124928"
      ], 
      [
        1633129271, 
        "3166208"
      ], 
      [
        1633129286, 
        "61440"
      ], 
      [
        1633129301, 
        "104448"
      ], 
      [
        1633129316, 
        "54272"
      ], 
      [
        1633129331, 
        "139264"
      ], 
      [
        1633129346, 
        "1762304"
      ], 
      [
        1633129361, 
        "3189760"
      ]
    ]
  }, 
  "dir_writes": {
    "metric": {
      "instance": "172.17.0.1:8000", 
      "hostname": "longz-chaosevm", 
      "pid": "25365", 
      "directory": "/data/eth-data", 
      "job": "syscall_monitoring", 
      "application_name": "geth"
    },