{
  "dir_read_c": {
    "metric": {
      "instance": "172.17.0.1:8000", 
      "hostname": "longz-experiment", 
      "pid": "31934", 
      "directory": "/data/blockchain/eth-data", 
      "job": "syscall_monitoring", 
      "application_name": "openethereum", 
      "__name__": "dir_reads_total"
    }, 
    "values": [
      [
        1633136888, 
        "38513"
      ], 
      [
        1633136903, 
        "29943"
      ], 
      [
        1633136918, 
        "30107"
      ], 
      [
        1633136933, 
        "45308"
      ], 
      [
        1633136948, 
        "37776"
      ], 
      [
        1633136963, 
        "34352"
      ], 
      [
        1633136978, 
        "37833"
      ], 
      [
        1633136993, 
        "22113"
      ], 
      [
        1633137008, 
        "23878"
      ], 
      [
        1633137023, 
        "15770"
      ], 
      [
        1633137038, 
        "15299"
      ], 
      [
        1633137053, 
        "20595"
      ], 
      [
        1633137068, 
        "23735"
      ], 
      [
        1633137083, 
        "33141"
      ], 
      [
        1633137098, 
        "25186"
      ], 
      [
        1633137113, 
        "20587"
      ], 
      [
        1633137128, 
        "21244"
      ], 
      [
        1633137143, 
        "23928"
      ], 
      [
        1633137158, 
        "20643"
      ], 
      [
        1633137173, 
        "21088"
      ], 
      [
        1633137188, 
        "30088"
      ]
    ]
  }, 
  "stat": {
    "dir_read_c": {
      "max": 38513.0, 
      "mean": 27196.52380952381, 
      "variance": 63366693.011337884, 
      "pvalue": 0.010581986558210969, 
      "min": 15770.0
    }, 
    "dir_reads": {
      "max": 959892480.0, 
      "mean": 599878802.2857143, 
      "variance": 5.512722074978953e+16, 
      "pvalue": 0.13882318624770631, 
      "min": 345984000.0
    }, 
    "tcp_conn": {
      "max": 466.0, 
      "mean": 207.52380952380952, 
      "variance": 27746.63038548753, 
      "pvalue": 2.18204152693172e-09, 
      "min": 0.0
    }, 
    "kvdb_bytes_read": {
      "max": 271872.55999999976, 
      "mean": 113218.99215332979, 
      "variance": 13237033194.10267, 
      "pvalue": 0.022826653388714552, 
      "min": 29692.233321321324
    }, 
    "tcp_sends": {
      "max": 248832.0, 
      "mean": 140531.80952380953, 
      "variance": 7277507386.630387, 
      "pvalue": 7.537738802707432e-07, 
      "min": 0.0
    }, 
    "dir_writes": {
      "max": 275682304.0, 
      "mean": 219607430.0952381, 
      "variance": 1734771470784572.5, 
      "pvalue": 0.022471036750757588, 
      "min": 155056128.0
    }, 
    "kvdb_bytes_write": {
      "max": 497030.91999999987, 
      "mean": 132476.25300476947, 
      "variance": 41232698406.86958, 
      "pvalue": 0.13441210499269904, 
      "min": 0.0
    }, 
    "dir_write_c": {
      "max": 3758.0, 
      "mean": 2734.0476190476193, 
      "variance": 88133390.33106577, 
      "pvalue": 0.36923865158087193, 
      "min": 176.0
    }, 
    "peer_stats": {
      "max": 22.0, 
      "mean": 18.941176470588236, 
      "variance": 8.290657439446367, 
      "pvalue": 4.373647492608747e-15, 
      "min": 12.6
    }, 
    "tcp_recvs": {
      "max": 27907072.0, 
      "mean": 6119667.80952381, 
      "variance": 69441851717971.02, 
      "pvalue": 0.00028047515024990505, 
      "min": 0.0
    }
  }, 
  "dir_reads": {
    "metric": {
      "instance": "172.17.0.1:8000", 
      "hostname": "longz-experiment", 
      "pid": "31934", 
      "directory": "/data/blockchain/eth-data", 
      "job": "syscall_monitoring", 
      "application_name": "openethereum"
    }, 
    "values": [
      [
        1633136888, 
        "825058304"
      ], 
      [
        1633136903, 
        "738734080"
      ], 
      [
        1633136918, 
        "598053888"
      ], 
      [
        1633136933, 
        "1230358528"
      ], 
      [
        1633136948, 
        "959892480"
      ], 
      [
        1633136963, 
        "842881024"
      ], 
      [
        1633136978, 
        "914683904"
      ], 
      [
        1633136993, 
        "501754880"
      ], 
      [
        1633137008, 
        "537242624"
      ], 
      [
        1633137023, 
        "345984000"
      ], 
      [
        1633137038, 
        "343025664"
      ], 
      [
        1633137053, 
        "578673664"
      ], 
      [
        1633137068, 
        "475400192"
      ], 
      [
        1633137083, 
        "637845504"
      ], 
      [
        1633137098, 
        "454971392"
      ], 
      [
        1633137113, 
        "366260224"
      ], 
      [
        1633137128, 
        "386562048"
      ], 
      [
        1633137143, 
        "415450112"
      ], 
      [
        1633137158, 
        "378502144"
      ], 
      [
        1633137173, 
        "414716928"
      ], 
      [
        1633137188, 
        "651403264"
      ]
    ]
  }, 
  "tcp_conn": {
    "metric": {}, 
    "values": [
      [
        1633136888, 
        "311"
      ], 
      [
        1633136903, 
        "236"
      ], 
      [
        1633136918, 
        "144"
      ], 
      [
        1633136933, 
        "353"
      ], 
      [
        1633136948, 
        "466"
      ], 
      [
        1633136963, 
        "198"
      ], 
      [
        1633136978, 
        "286"
      ], 
      [
        1633136993, 
        "441"
      ], 
      [
        1633137008, 
        "315"
      ], 
      [
        1633137023, 
        "63"
      ], 
      [
        1633137038, 
        "299"
      ], 
      [
        1633137053, 
        "129"
      ], 
      [
        1633137068, 
        "0"
      ], 
      [
        1633137083, 
        "0"
      ], 
      [
        1633137098, 
        "0"
      ], 
      [
        1633137113, 
        "0"
      ], 
      [
        1633137128, 
        "14"
      ], 
      [
        1633137143, 
        "68"
      ], 
      [
        1633137158, 
        "577"
      ], 
      [
        1633137173, 
        "278"
      ], 
      [
        1633137188, 
        "180"
      ]
    ]
  }, 
  "kvdb_bytes_read": {
    "metric": {
      "instance": "172.17.0.1:3033", 
      "job": "openethereum"
    }, 
    "values": [
      [
        1633136888, 
        "126969.7"
      ], 
      [
        1633136903, 
        "92157.3"
      ], 
      [
        1633136918, 
        "63689.4"
      ], 
      [
        1633136933, 
        "529712.8"
      ], 
      [
        1633136948, 
        "207412.5"
      ], 
      [
        1633136963, 
        "167985.1"
      ], 
      [
        1633136978, 
        "88270"
      ], 
      [
        1633136993, 
        "105996.4"
      ], 
      [
        1633137008, 
        "57416.1"
      ], 
      [
        1633137023, 
        "48098.9"
      ], 
      [
        1633137038, 
        "60573.7"
      ], 
      [
        1633137113, 
        "25013.566606606604"
      ], 
      [
        1633137128, 
        "58552.3"
      ], 
      [
        1633137143, 
        "30861.9"
      ], 
      [
        1633137158, 
        "47296.8"
      ], 
      [
        1633137173, 
        "63549.7"
      ], 
      [
        1633137188, 
        "151166.7"
      ]
    ]
  }, 
  "tcp_sends": {
    "metric": {},