{
  "dir_read_c": {
    "metric": {
      "instance": "172.17.0.1:8000", 
      "hostname": "longz-experiment", 
      "pid": "31934", 
      "directory": "/data/blockchain/eth-data", 
      "job": "syscall_monitoring", 
      "application_name": "openethereum", 
      "__name__": "dir_reads_total"
    }, 
    "values": [
      [
        1633136587, 
        "158930"
      ], 
      [
        1633136602, 
        "126976"
      ], 
      [
        1633136617, 
        "185331"
      ], 
      [
        1633136632, 
        "193286"
      ], 
      [
        1633136647, 
        "148100"
      ], 
      [
        1633136662, 
        "58313"
      ], 
      [
        1633136677, 
        "26727"
      ], 
      [
        1633136692, 
        "57225"
      ], 
      [
        1633136707, 
        "31988"
      ], 
      [
        1633136722, 
        "68938"
      ], 
      [
        1633136737, 
        "37201"
      ], 
      [
        1633136752, 
        "36720"
      ], 
      [
        1633136767, 
        "181502"
      ], 
      [
        1633136782, 
        "211354"
      ], 
      [
        1633136797, 
        "37179"
      ], 
      [
        1633136812, 
        "144608"
      ], 
      [
        1633136827, 
        "76479"
      ], 
      [
        1633136842, 
        "55096"
      ], 
      [
        1633136857, 
        "49356"
      ], 
      [
        1633136872, 
        "25988"
      ], 
      [
        1633136887, 
        "38513"
      ]
    ]
  }, 
  "stat": {
    "dir_read_c": {
      "max": 193286.0, 
      "mean": 92848.09523809524, 
      "variance": 3965240661.895692, 
      "pvalue": 0.0007146530965408544, 
      "min": 26727.0
    }, 
    "dir_reads": {
      "max": 4004310016.0, 
      "mean": 1963824713.142857, 
      "variance": 1.7475734810839593e+18, 
      "pvalue": 0.00012621522187326664, 
      "min": 668307456.0
    }, 
    "tcp_conn": {
      "max": 333.0, 
      "mean": 102.23809523809524, 
      "variance": 13546.848072562361, 
      "pvalue": 0.0012140178937422043, 
      "min": 0.0
    }, 
    "kvdb_bytes_read": {
      "max": 915750.7599999999, 
      "mean": 331492.32156561443, 
      "variance": 98996525871.11865, 
      "pvalue": 0.09247491754638396, 
      "min": 35173.17668968993
    }, 
    "tcp_sends": {
      "max": 1028096.0, 
      "mean": 260486.09523809524, 
      "variance": 127404827757.13382, 
      "pvalue": 0.002469998410685028, 
      "min": 0.0
    }, 
    "dir_writes": {
      "max": 542486528.0, 
      "mean": 236161024.0, 
      "variance": 2.010694305395507e+16, 
      "pvalue": 0.01968490304873085, 
      "min": 28526592.0
    }, 
    "kvdb_bytes_write": {
      "max": 1448357.9671146665, 
      "mean": 460962.83522107534, 
      "variance": 257277966483.88354, 
      "pvalue": 0.7525409045175369, 
      "min": 0.0
    }, 
    "dir_write_c": {
      "max": 7684.0, 
      "mean": 3522.2380952380954, 
      "variance": 84621967.80045353, 
      "pvalue": 0.013189648252214884, 
      "min": 297.0
    }, 
    "peer_stats": {
      "max": 30.0, 
      "mean": 22.2, 
      "variance": 25.62666666666667, 
      "pvalue": 6.676407455567683e-05, 
      "min": 15.7
    }, 
    "tcp_recvs": {
      "max": 24402944.0, 
      "mean": 6805942.857142857, 
      "variance": 63854309047651.266, 
      "pvalue": 0.00022247863117212985, 
      "min": 0.0
    }
  }, 
  "dir_reads": {
    "metric": {
      "instance": "172.17.0.1:8000", 
      "hostname": "longz-experiment", 
      "pid": "31934", 
      "directory": "/data/blockchain/eth-data", 
      "job": "syscall_monitoring", 
      "application_name": "openethereum"
    }, 
    "values": [
      [
        1633136587, 
        "3105555456"
      ], 
      [
        1633136602, 
        "2526629888"
      ], 
      [
        1633136617, 
        "3684431872"
      ], 
      [
        1633136632, 
        "4004310016"
      ], 
      [
        1633136647, 
        "3210170368"
      ], 
      [
        1633136662, 
        "1246621696"
      ], 
      [
        1633136677, 
        "569153536"
      ], 
      [
        1633136692, 
        "1181029376"
      ], 
      [
        1633136707, 
        "668307456"
      ], 
      [
        1633136722, 
        "1460782080"
      ], 
      [
        1633136737, 
        "812850176"
      ], 
      [
        1633136752, 
        "786367488"
      ], 
      [
        1633136767, 
        "3879409664"
      ], 
      [
        1633136782, 
        "4758410240"
      ], 
      [
        1633136797, 
        "756726784"
      ], 
      [
        1633136812, 
        "3118397440"
      ], 
      [
        1633136827, 
        "1717173248"
      ], 
      [
        1633136842, 
        "1208559616"
      ], 
      [
        1633136857, 
        "1023122432"
      ], 
      [
        1633136872, 
        "697251840"
      ], 
      [
        1633136887, 
        "825058304"
      ]
    ]
  }, 
  "tcp_conn": {
    "metric": {}, 
    "values": [
      [
        1633136587, 
        "28"
      ], 
      [
        1633136602, 
        "58"
      ], 
      [
        1633136617, 
        "8"
      ], 
      [
        1633136632, 
        "44"
      ], 
      [
        1633136647, 
        "7"
      ], 
      [
        1633136662, 
        "0"
      ], 
      [
        1633136677, 
        "5"
      ], 
      [
        1633136692, 
        "12"
      ], 
      [
        1633136707, 
        "60"
      ], 
      [
        1633136722, 
        "126"
      ], 
      [
        1633136737, 
        "333"
      ], 
      [
        1633136752, 
        "279"
      ], 
      [
        1633136767, 
        "12"
      ], 
      [
        1633136782, 
        "14"
      ], 
      [
        1633136797, 
        "349"
      ], 
      [
        1633136812, 
        "100"
      ], 
      [
        1633136827, 
        "179"
      ], 
      [
        1633136842, 
        "0"
      ], 
      [
        1633136857, 
        "67"
      ], 
      [
        1633136872, 
        "155"
      ], 
      [
        1633136887, 
        "311"
      ]
    ]
  }, 
  "kvdb_bytes_read": {
    "metric": {
      "instance": "172.17.0.1:3033", 
      "job": "openethereum"
    }, 
    "values": [
      [
        1633136587, 
        "771300.4"
      ], 
      [
        1633136602, 
        "906136.1"
      ], 
      [
        1633136617, 
        "748868.1"
      ], 
      [
        1633136632, 
        "954209.4"
      ], 
      [
        1633136677, 
        "37552.81056211241"
      ], 
      [
        1633136692, 
        "92799.1"
      ], 
      [
        1633136707, 
        "127948.93008000002"
      ], 
      [
        1633136722, 
        "108932.9"
      ], 
      [
        1633136737, 
        "147741.4"
      ], 
      [
        1633136767, 
        "484262.6510933333"
      ], 
      [
        1633136782, 
        "190734.5"
      ], 
      [
        1633136797, 
        "462964.1"
      ], 
      [
        1633136812, 
        "107173.63368000001"
      ], 
      [
        1633136842, 
        "25654.6412"
      ], 
      [
        1633136857, 
        "45332.3"
      ], 
      [
        1633136872, 
        "296788.8"
      ], 
      [
        1633136887, 
        "126969.7"
      ]
    ]
  }, 
  "tcp_sends": {
    "metric": {},