{
  "dir_read_c": {
    "metric": {
      "instance": "172.17.0.1:8000", 
      "hostname": "longz-experiment", 
      "pid": "31934", 
      "directory": "/data/blockchain/eth-data", 
      "job": "syscall_monitoring", 
      "application_name": "openethereum", 
      "__name__": "dir_reads_total"
    }, 
    "values": [
      [
        1633137792, 
        "154974"
      ], 
      [
        1633137807, 
        "160948"
      ], 
      [
        1633137822, 
        "188662"
      ], 
      [
        1633137837, 
        "188211"
      ], 
      [
        1633137852, 
        "205879"
      ], 
      [
        1633137867, 
        "196040"
      ], 
      [
        1633137882, 
        "170751"
      ], 
      [
        1633137897, 
        "25216"
      ], 
      [
        1633137912, 
        "124818"
      ], 
      [
        1633137927, 
        "73998"
      ], 
      [
        1633137942, 
        "112966"
      ], 
      [
        1633137957, 
        "117834"
      ], 
      [
        1633137972, 
        "108632"
      ], 
      [
        1633137987, 
        "25917"
      ], 
      [
        1633138002, 
        "38342"
      ], 
      [
        1633138017, 
        "140519"
      ], 
      [
        1633138032, 
        "176543"
      ], 
      [
        1633138047, 
        "118148"
      ], 
      [
        1633138062, 
        "226768"
      ], 
      [
        1633138077, 
        "151456"
      ], 
      [
        1633138092, 
        "206614"
      ]
    ]
  }, 
  "stat": {
    "dir_read_c": {
      "max": 206614.0, 
      "mean": 138725.52380952382, 
      "variance": 3379781569.011338, 
      "pvalue": 1.000639377402287e-12, 
      "min": 25917.0
    }, 
    "dir_reads": {
      "max": 4175869952.0, 
      "mean": 2812346709.3333335, 
      "variance": 1.4142883315147853e+18, 
      "pvalue": 1.3412708770812723e-12, 
      "min": 543696896.0
    }, 
    "tcp_conn": {
      "max": 369.0, 
      "mean": 76.0, 
      "variance": 16390.95238095238, 
      "pvalue": 6.640460551410592e-08, 
      "min": 1.0
    }, 
    "kvdb_bytes_read": {
      "max": 922423.0249999999, 
      "mean": 469501.35351166665, 
      "variance": 108249525067.70679, 
      "pvalue": 0.00019060052226215355, 
      "min": 20886.52448
    }, 
    "tcp_sends": {
      "max": 201728.0, 
      "mean": 91233.52380952382, 
      "variance": 19078581148.154198, 
      "pvalue": 1.2561885489842962e-07, 
      "min": 14336.0
    }, 
    "dir_writes": {
      "max": 365297664.0, 
      "mean": 204542780.95238096, 
      "variance": 1.6171422868257444e+16, 
      "pvalue": 0.18883634622856935, 
      "min": 6198272.0
    }, 
    "kvdb_bytes_write": {
      "max": 699231.975, 
      "mean": 274300.4625, 
      "variance": 86149675939.34358, 
      "pvalue": 0.4935902848270282, 
      "min": 0.0
    }, 
    "dir_write_c": {
      "max": 886.0, 
      "mean": 2487.4285714285716, 
      "variance": 87377972.34013605, 
      "pvalue": 0.7261966131305009, 
      "min": 198.0
    }, 
    "peer_stats": {
      "max": 18.0, 
      "mean": 15.470588235294118, 
      "variance": 4.249134948096887, 
      "pvalue": 9.894218762649906e-16, 
      "min": 12.8
    }, 
    "tcp_recvs": {
      "max": 3590144.0, 
      "mean": 2159372.1904761903, 
      "variance": 19665691747325.676, 
      "pvalue": 0.10324892755291172, 
      "min": 162816.0
    }
  }, 
  "dir_reads": {
    "metric": {
      "instance": "172.17.0.1:8000", 
      "hostname": "longz-experiment", 
      "pid": "31934", 
      "directory": "/data/blockchain/eth-data", 
      "job": "syscall_monitoring", 
      "application_name": "openethereum"
    }, 
    "values": [
      [
        1633137792, 
        "3152788480"
      ], 
      [
        1633137807, 
        "3309770752"
      ], 
      [
        1633137822, 
        "3835044864"
      ], 
      [
        1633137837, 
        "3954050048"
      ], 
      [
        1633137852, 
        "4004456448"
      ], 
      [
        1633137867, 
        "4050620416"
      ], 
      [
        1633137882, 
        "3503713280"
      ], 
      [
        1633137897, 
        "543696896"
      ], 
      [
        1633137912, 
        "2500397056"
      ], 
      [
        1633137927, 
        "1501895680"
      ], 
      [
        1633137942, 
        "2261158912"
      ], 
      [
        1633137957, 
        "2364323840"
      ], 
      [
        1633137972, 
        "2186627072"
      ], 
      [
        1633137987, 
        "521726976"
      ], 
      [
        1633138002, 
        "757271552"
      ], 
      [
        1633138017, 
        "2765834240"
      ], 
      [
        1633138032, 
        "3536705536"
      ], 
      [
        1633138047, 
        "2378476544"
      ], 
      [
        1633138062, 
        "4709323776"
      ], 
      [
        1633138077, 
        "3045528576"
      ], 
      [
        1633138092, 
        "4175869952"
      ]
    ]
  }, 
  "tcp_conn": {
    "metric": {}, 
    "values": [
      [
        1633137792, 
        "9"
      ], 
      [
        1633137807, 
        "17"
      ], 
      [
        1633137822, 
        "29"
      ], 
      [
        1633137837, 
        "13"
      ], 
      [
        1633137852, 
        "4"
      ], 
      [
        1633137867, 
        "8"
      ], 
      [
        1633137882, 
        "2"
      ], 
      [
        1633137897, 
        "83"
      ], 
      [
        1633137912, 
        "12"
      ], 
      [
        1633137927, 
        "141"
      ], 
      [
        1633137942, 
        "116"
      ], 
      [
        1633137957, 
        "369"
      ], 
      [
        1633137972, 
        "282"
      ], 
      [
        1633137987, 
        "455"
      ], 
      [
        1633138002, 
        "1"
      ], 
      [
        1633138017, 
        "1"
      ], 
      [
        1633138032, 
        "2"
      ], 
      [
        1633138047, 
        "27"
      ], 
      [
        1633138062, 
        "11"
      ], 
      [
        1633138077, 
        "9"
      ], 
      [
        1633138092, 
        "5"
      ]
    ]
  }, 
  "kvdb_bytes_read": {
    "metric": {
      "instance": "172.17.0.1:3033", 
      "job": "openethereum"
    }, 
    "values": [
      [
        1633137792, 
        "635413.5"
      ], 
      [
        1633137807, 
        "1149800"
      ], 
      [
        1633137837, 
        "756054.7"
      ], 
      [
        1633137852, 
        "822498.3"
      ], 
      [
        1633137882, 
        "21753.9"
      ], 
      [
        1633137897, 
        "593112.9"
      ], 
      [
        1633137912, 
        "32512.701946666664"
      ], 
      [
        1633137927, 
        "18284.39792"
      ], 
      [
        1633137942, 
        "595654.5"
      ], 
      [
        1633137957, 
        "532192.7"
      ], 
      [
        1633137972, 
        "144696.8"
      ], 
      [
        1633137987, 
        "184109.8"
      ], 
      [
        1633138002, 
        "294956.3563200001"
      ], 
      [
        1633138017, 
        "294443.8"
      ], 
      [
        1633138032, 
        "589906.6"
      ], 
      [
        1633138047, 
        "846630.7"
      ]
    ]
  }, 
  "tcp_sends": {
    "metric": {},