{
  "dir_read_c": {
    "metric": {
      "instance": "172.17.0.1:8000", 
      "hostname": "longz-experiment", 
      "pid": "31934", 
      "directory": "/data/blockchain/eth-data", 
      "job": "syscall_monitoring", 
      "application_name": "openethereum", 
      "__name__": "dir_reads_total"
    }, 
    "values": [
      [
        1633137488, 
        "120617"
      ], 
      [
        1633137503, 
        "86414"
      ], 
      [
        1633137518, 
        "22917"
      ], 
      [
        1633137533, 
        "72575"
      ], 
      [
        1633137548, 
        "111145"
      ], 
      [
        1633137563, 
        "204671"
      ], 
      [
        1633137578, 
        "128808"
      ], 
      [
        1633137593, 
        "69653"
      ], 
      [
        1633137608, 
        "54703"
      ], 
      [
        1633137623, 
        "139421"
      ], 
      [
        1633137638, 
        "156134"
      ], 
      [
        1633137653, 
        "75373"
      ], 
      [
        1633137668, 
        "114438"
      ], 
      [
        1633137683, 
        "144670"
      ], 
      [
        1633137698, 
        "37729"
      ], 
      [
        1633137713, 
        "114867"
      ], 
      [
        1633137728, 
        "26169"
      ], 
      [
        1633137743, 
        "144899"
      ], 
      [
        1633137758, 
        "154140"
      ], 
      [
        1633137773, 
        "116494"
      ], 
      [
        1633137788, 
        "154974"
      ]
    ]
  }, 
  "stat": {
    "dir_read_c": {
      "max": 156134.0, 
      "mean": 107181.47619047618, 
      "variance": 2209989143.5827665, 
      "pvalue": 1.2402236789751755e-09, 
      "min": 26169.0
    }, 
    "dir_reads": {
      "max": 3152788480.0, 
      "mean": 2181828169.142857, 
      "variance": 1.0280056333209197e+18, 
      "pvalue": 1.597863937690198e-09, 
      "min": 479916032.0
    }, 
    "tcp_conn": {
      "max": 354.0, 
      "mean": 112.66666666666667, 
      "variance": 17525.460317460314, 
      "pvalue": 0.0016528893228816108, 
      "min": 2.0
    }, 
    "kvdb_bytes_read": {
      "max": 640832.6699999999, 
      "mean": 383571.76834760956, 
      "variance": 64462975486.67294, 
      "pvalue": 0.00011114998045749039, 
      "min": 56632.99988
    }, 
    "tcp_sends": {
      "max": 368640.0, 
      "mean": 141897.14285714287, 
      "variance": 26466814356.027203, 
      "pvalue": 4.0224476948643204e-05, 
      "min": 14336.0
    }, 
    "dir_writes": {
      "max": 238013440.0, 
      "mean": 195361158.0952381, 
      "variance": 1243499582840404.5, 
      "pvalue": 0.7520536510149441, 
      "min": 130573312.0
    }, 
    "kvdb_bytes_write": {
      "max": 544522.45, 
      "mean": 188031.49473690309, 
      "variance": 54646327587.77961, 
      "pvalue": 0.2707125437766813, 
      "min": 0.0
    }, 
    "dir_write_c": {
      "max": 1661.0, 
      "mean": 2508.190476190476, 
      "variance": 87140035.96371886, 
      "pvalue": 0.23725725278614593, 
      "min": 132.0
    }, 
    "peer_stats": {
      "max": 22.2, 
      "mean": 19.941176470588236, 
      "variance": 4.173010380622837, 
      "pvalue": 1.3246329371719507e-14, 
      "min": 16.8
    }, 
    "tcp_recvs": {
      "max": 7259136.0, 
      "mean": 2427367.619047619, 
      "variance": 5432708468726.712, 
      "pvalue": 0.5561679984353461, 
      "min": 350208.0
    }
  }, 
  "dir_reads": {
    "metric": {
      "instance": "172.17.0.1:8000", 
      "hostname": "longz-experiment", 
      "pid": "31934", 
      "directory": "/data/blockchain/eth-data", 
      "job": "syscall_monitoring", 
      "application_name": "openethereum"
    }, 
    "values": [
      [
        1633137488, 
        "2443960320"
      ], 
      [
        1633137503, 
        "1767750656"
      ], 
      [
        1633137518, 
        "458364928"
      ], 
      [
        1633137533, 
        "1464422400"
      ], 
      [
        1633137548, 
        "2432353280"
      ], 
      [
        1633137563, 
        "4650394624"
      ], 
      [
        1633137578, 
        "2896483328"
      ], 
      [
        1633137593, 
        "1425391616"
      ], 
      [
        1633137608, 
        "1174859776"
      ], 
      [
        1633137623, 
        "2670048256"
      ], 
      [
        1633137638, 
        "3016370176"
      ], 
      [
        1633137653, 
        "1413705728"
      ], 
      [
        1633137668, 
        "2199280640"
      ], 
      [
        1633137683, 
        "2901979136"
      ], 
      [
        1633137698, 
        "667632640"
      ], 
      [
        1633137713, 
        "2279342080"
      ], 
      [
        1633137728, 
        "479916032"
      ], 
      [
        1633137743, 
        "2901360640"
      ], 
      [
        1633137758, 
        "3127150592"
      ], 
      [
        1633137773, 
        "2294836224"
      ], 
      [
        1633137788, 
        "3152788480"
      ]
    ]
  }, 
  "tcp_conn": {
    "metric": {}, 
    "values": [
      [
        1633137488, 
        "90"
      ], 
      [
        1633137503, 
        "193"
      ], 
      [
        1633137518, 
        "354"
      ], 
      [
        1633137533, 
        "209"
      ], 
      [
        1633137548, 
        "3"
      ], 
      [
        1633137563, 
        "3"
      ], 
      [
        1633137578, 
        "2"
      ], 
      [
        1633137593, 
        "42"
      ], 
      [
        1633137608, 
        "211"
      ], 
      [
        1633137623, 
        "4"
      ], 
      [
        1633137638, 
        "2"
      ], 
      [
        1633137653, 
        "25"
      ], 
      [
        1633137668, 
        "101"
      ], 
      [
        1633137683, 
        "59"
      ], 
      [
        1633137698, 
        "454"
      ], 
      [
        1633137713, 
        "282"
      ], 
      [
        1633137728, 
        "267"
      ], 
      [
        1633137743, 
        "3"
      ], 
      [
        1633137758, 
        "2"
      ], 
      [
        1633137773, 
        "51"
      ], 
      [
        1633137788, 
        "9"
      ]
    ]
  }, 
  "kvdb_bytes_read": {
    "metric": {
      "instance": "172.17.0.1:3033", 
      "job": "openethereum"
    }, 
    "values": [
      [
        1633137488, 
        "502730.4"
      ], 
      [
        1633137503, 
        "77111.5"
      ], 
      [
        1633137518, 
        "108593.1"
      ], 
      [
        1633137563, 
        "555245.107827476"
      ], 
      [
        1633137593, 
        "97488.4"
      ], 
      [
        1633137623, 
        "578130.8"
      ], 
      [
        1633137638, 
        "36804.7996"
      ], 
      [
        1633137653, 
        "633956.1"
      ], 
      [
        1633137668, 
        "514201.9177866667"
      ], 
      [
        1633137683, 
        "65130.8"
      ], 
      [
        1633137698, 
        "596193.7"
      ], 
      [
        1633137713, 
        "76748.7"
      ], 
      [
        1633137743, 
        "653487.9"
      ], 
      [
        1633137758, 
        "622344.3"
      ], 
      [
        1633137773, 
        "635409"
      ]
    ]
  }, 
  "tcp_sends": {
    "metric": {},