{
  "dir_read_c": {
    "metric": {
      "instance": "172.17.0.1:8000", 
      "hostname": "longz-experiment", 
      "pid": "23130", 
      "directory": "/data/blockchain/eth-data", 
      "job": "syscall_monitoring", 
      "application_name": "openethereum", 
      "__name__": "dir_reads_total"
    }, 
    "values": [
      [
        1632279151, 
        "227572"
      ], 
      [
        1632279166, 
        "48965"
      ], 
      [
        1632279181, 
        "115288"
      ], 
      [
        1632279196, 
        "197543"
      ], 
      [
        1632279211, 
        "178905"
      ], 
      [
        1632279226, 
        "58512"
      ], 
      [
        1632279241, 
        "141820"
      ], 
      [
        1632279256, 
        "213121"
      ], 
      [
        1632279271, 
        "216050"
      ], 
      [
        1632279286, 
        "208981"
      ], 
      [
        1632279301, 
        "176429"
      ], 
      [
        1632279316, 
        "256710"
      ], 
      [
        1632279331, 
        "195290"
      ], 
      [
        1632279346, 
        "252903"
      ], 
      [
        1632279361, 
        "259513"
      ], 
      [
        1632279376, 
        "259073"
      ], 
      [
        1632279391, 
        "261905"
      ], 
      [
        1632279406, 
        "195460"
      ], 
      [
        1632279421, 
        "203209"
      ], 
      [
        1632279436, 
        "195973"
      ], 
      [
        1632279451, 
        "38491"
      ]
    ]
  }, 
  "stat": {
    "dir_read_c": {
      "max": 259513.0, 
      "mean": 185795.85714285713, 
      "variance": 4498318017.9319725, 
      "min": 48965.0
    }, 
    "dir_reads": {
      "max": 5092800512.0, 
      "mean": 3622637031.6190476, 
      "variance": 2.0153153478932367e+18, 
      "min": 796274688.0
    }, 
    "tcp_conn": {
      "max": 450.0, 
      "mean": 101.38095238095238, 
      "variance": 20026.14058956916, 
      "min": 1.0
    }, 
    "kvdb_bytes_read": {
      "max": 1022194.95, 
      "mean": 483391.13030150416, 
      "variance": 125602012564.41524, 
      "min": 0.0
    }, 
    "tcp_sends": {
      "max": 367616.0, 
      "mean": 115321.90476190476, 
      "variance": 19390414810.848076, 
      "min": 14336.0
    }, 
    "dir_writes": {
      "max": 829115392.0, 
      "mean": 530447652.5714286, 
      "variance": 3.188505807929678e+16, 
      "min": 372924416.0
    }, 
    "kvdb_bytes_write": {
      "max": 839973.376956429, 
      "mean": 306372.68328935106, 
      "variance": 403658642218.38684, 
      "min": 0.0
    }, 
    "dir_write_c": {
      "max": 18205.0, 
      "mean": 3817.0476190476193, 
      "variance": 99136441.8548753, 
      "min": 379.0
    }, 
    "peer_stats": {
      "max": 7.0, 
      "mean": 3.4375, 
      "variance": 4.24609375, 
      "min": 0.75
    }, 
    "tcp_recvs": {
      "max": 20634624.0, 
      "mean": 4202349.714285715, 
      "variance": 106528551123097.23, 
      "min": 0.0
    }
  }, 
  "dir_reads": {
    "metric": {
      "instance": "172.17.0.1:8000", 
      "hostname": "longz-experiment", 
      "pid": "23130", 
      "directory": "/data/blockchain/eth-data", 
      "job": "syscall_monitoring", 
      "application_name": "openethereum"
    }, 
    "values": [
      [
        1632279151, 
        "4735887360"
      ], 
      [
        1632279166, 
        "903191552"
      ], 
      [
        1632279181, 
        "2279590912"
      ], 
      [
        1632279196, 
        "3919100928"
      ], 
      [
        1632279211, 
        "3479700480"
      ], 
      [
        1632279226, 
        "796274688"
      ], 
      [
        1632279241, 
        "2890174464"
      ], 
      [
        1632279256, 
        "4663824384"
      ], 
      [
        1632279271, 
        "4724539392"
      ], 
      [
        1632279286, 
        "4284374016"
      ], 
      [
        1632279301, 
        "3294274560"
      ], 
      [
        1632279316, 
        "4968095744"
      ], 
      [
        1632279331, 
        "3747263488"
      ], 
      [
        1632279346, 
        "4789009408"
      ], 
      [
        1632279361, 
        "5178882048"
      ], 
      [
        1632279376, 
        "5081916416"
      ], 
      [
        1632279391, 
        "5092800512"
      ], 
      [
        1632279406, 
        "3563577344"
      ], 
      [
        1632279421, 
        "3694749696"
      ], 
      [
        1632279436, 
        "3605581824"
      ], 
      [
        1632279451, 
        "382568448"
      ]
    ]
  }, 
  "tcp_conn": {
    "metric": {}, 
    "values": [
      [
        1632279151, 
        "93"
      ], 
      [
        1632279166, 
        "450"
      ], 
      [
        1632279181, 
        "163"
      ], 
      [
        1632279196, 
        "62"
      ], 
      [
        1632279211, 
        "213"
      ], 
      [
        1632279226, 
        "484"
      ], 
      [
        1632279241, 
        "295"
      ], 
      [
        1632279256, 
        "74"
      ], 
      [
        1632279271, 
        "45"
      ], 
      [
        1632279286, 
        "1"
      ], 
      [
        1632279301, 
        "17"
      ], 
      [
        1632279316, 
        "2"
      ], 
      [
        1632279331, 
        "50"
      ], 
      [
        1632279346, 
        "19"
      ], 
      [
        1632279361, 
        "1"
      ], 
      [
        1632279376, 
        "2"
      ], 
      [
        1632279391, 
        "1"
      ], 
      [
        1632279406, 
        "8"
      ], 
      [
        1632279421, 
        "1"
      ], 
      [
        1632279436, 
        "17"
      ], 
      [
        1632279451, 
        "131"
      ]
    ]
  }, 
  "kvdb_bytes_read": {
    "metric": {
      "instance": "172.17.0.1:3033", 
      "job": "openethereum"
    }, 
    "values": [
      [
        1632279151, 
        "0"
      ], 
      [
        1632279166, 
        "314173.8"
      ], 
      [
        1632279196, 
        "605447.1"
      ], 
      [
        1632279211, 
        "69444.9"
      ], 
      [
        1632279226, 
        "508480.7"
      ], 
      [
        1632279241, 
        "800411.1"
      ], 
      [
        1632279256, 
        "720727.1"
      ], 
      [
        1632279271, 
        "619362.8"
      ], 
      [
        1632279286, 
        "101775.58527524487"
      ], 
      [
        1632279316, 
        "119211.2"
      ], 
      [
        1632279331, 
        "435280.16853333334"
      ], 
      [
        1632279346, 
        "1072928.4"
      ], 
      [
        1632279361, 
        "922441.2"
      ], 
      [
        1632279376, 
        "1016557.9"
      ], 
      [
        1632279391, 
        "345936.22192000004"
      ], 
      [
        1632279406, 
        "839185.4"
      ], 
      [
        1632279421, 
        "693067.9"
      ], 
      [
        1632279436, 
        "0"
      ], 
      [
        1632279451, 
        "0"
      ]
    ]
  }, 
  "tcp_sends": {
    "metric": {},