{
  "dir_read_c": {
    "metric": {
      "instance": "172.17.0.1:8000", 
      "hostname": "longz-experiment", 
      "pid": "23130", 
      "directory": "/data/blockchain/eth-data", 
      "job": "syscall_monitoring", 
      "application_name": "openethereum", 
      "__name__": "dir_reads_total"
    }, 
    "values": [
      [
        1632278850, 
        "263697"
      ], 
      [
        1632278865, 
        "181186"
      ], 
      [
        1632278880, 
        "80135"
      ], 
      [
        1632278895, 
        "28119"
      ], 
      [
        1632278910, 
        "20019"
      ], 
      [
        1632278925, 
        "97879"
      ], 
      [
        1632278940, 
        "203472"
      ], 
      [
        1632278955, 
        "227721"
      ], 
      [
        1632278970, 
        "201264"
      ], 
      [
        1632278985, 
        "174150"
      ], 
      [
        1632279000, 
        "185490"
      ], 
      [
        1632279015, 
        "200417"
      ], 
      [
        1632279030, 
        "168356"
      ], 
      [
        1632279045, 
        "59433"
      ], 
      [
        1632279060, 
        "70811"
      ], 
      [
        1632279075, 
        "76756"
      ], 
      [
        1632279090, 
        "76602"
      ], 
      [
        1632279105, 
        "205222"
      ], 
      [
        1632279120, 
        "166495"
      ], 
      [
        1632279135, 
        "194204"
      ], 
      [
        1632279150, 
        "227572"
      ]
    ]
  }, 
  "stat": {
    "dir_read_c": {
      "max": 227721.0, 
      "mean": 148047.61904761905, 
      "variance": 5044517141.854875, 
      "min": 28119.0
    }, 
    "dir_reads": {
      "max": 4735887360.0, 
      "mean": 2928462750.4761906, 
      "variance": 2.0534387339067735e+18, 
      "min": 425288704.0
    }, 
    "tcp_conn": {
      "max": 427.0, 
      "mean": 137.57142857142858, 
      "variance": 26136.911564625854, 
      "min": 3.0
    }, 
    "kvdb_bytes_read": {
      "max": 987776.7892316927, 
      "mean": 503820.59963694116, 
      "variance": 133623435777.28763, 
      "min": 0.0
    }, 
    "tcp_sends": {
      "max": 769024.0, 
      "mean": 193145.90476190476, 
      "variance": 56109549043.22903, 
      "min": 21504.0
    }, 
    "dir_writes": {
      "max": 899787776.0, 
      "mean": 434257042.28571427, 
      "variance": 9.726373739526987e+16, 
      "min": 12497920.0
    }, 
    "kvdb_bytes_write": {
      "max": 8049951.069999987, 
      "mean": 1364610.9053936843, 
      "variance": 11211419953494.588, 
      "min": 0.0
    }, 
    "dir_write_c": {
      "max": 15541.0, 
      "mean": 4346.0, 
      "variance": 98422113.90476191, 
      "min": 327.0
    }, 
    "peer_stats": {
      "max": 11.04999999999999, 
      "mean": 4.166666666666667, 
      "variance": 17.694444444444443, 
      "min": 0.0
    }, 
    "tcp_recvs": {
      "max": 54718464.0, 
      "mean": 9285680.761904761, 
      "variance": 312112295292305.7, 
      "min": 0.0
    }
  }, 
  "dir_reads": {
    "metric": {
      "instance": "172.17.0.1:8000", 
      "hostname": "longz-experiment", 
      "pid": "23130", 
      "directory": "/data/blockchain/eth-data", 
      "job": "syscall_monitoring", 
      "application_name": "openethereum"
    }, 
    "values": [
      [
        1632278850, 
        "5070242816"
      ], 
      [
        1632278865, 
        "3467982848"
      ], 
      [
        1632278880, 
        "1505476608"
      ], 
      [
        1632278895, 
        "425288704"
      ], 
      [
        1632278910, 
        "326873088"
      ], 
      [
        1632278925, 
        "2054805504"
      ], 
      [
        1632278940, 
        "4020592640"
      ], 
      [
        1632278955, 
        "4482579456"
      ], 
      [
        1632278970, 
        "4023304192"
      ], 
      [
        1632278985, 
        "3452029952"
      ], 
      [
        1632279000, 
        "3841860608"
      ], 
      [
        1632279015, 
        "4194030592"
      ], 
      [
        1632279030, 
        "3316493312"
      ], 
      [
        1632279045, 
        "1204738048"
      ], 
      [
        1632279060, 
        "1431768064"
      ], 
      [
        1632279075, 
        "1577823232"
      ], 
      [
        1632279090, 
        "1408258048"
      ], 
      [
        1632279105, 
        "4037884928"
      ], 
      [
        1632279120, 
        "3044434944"
      ], 
      [
        1632279135, 
        "3875362816"
      ], 
      [
        1632279150, 
        "4735887360"
      ]
    ]
  }, 
  "tcp_conn": {
    "metric": {}, 
    "values": [
      [
        1632278850, 
        "5"
      ], 
      [
        1632278865, 
        "10"
      ], 
      [
        1632278880, 
        "43"
      ], 
      [
        1632278895, 
        "149"
      ], 
      [
        1632278910, 
        "427"
      ], 
      [
        1632278925, 
        "338"
      ], 
      [
        1632278940, 
        "39"
      ], 
      [
        1632278955, 
        "15"
      ], 
      [
        1632278970, 
        "4"
      ], 
      [
        1632278985, 
        "60"
      ], 
      [
        1632279000, 
        "121"
      ], 
      [
        1632279015, 
        "30"
      ], 
      [
        1632279030, 
        "3"
      ], 
      [
        1632279045, 
        "229"
      ], 
      [
        1632279060, 
        "536"
      ], 
      [
        1632279075, 
        "346"
      ], 
      [
        1632279090, 
        "366"
      ], 
      [
        1632279105, 
        "36"
      ], 
      [
        1632279120, 
        "36"
      ], 
      [
        1632279135, 
        "3"
      ], 
      [
        1632279150, 
        "93"
      ]
    ]
  }, 
  "kvdb_bytes_read": {
    "metric": {
      "instance": "172.17.0.1:3033", 
      "job": "openethereum"
    }, 
    "values": [
      [
        1632278850, 
        "985136.7547018807"
      ], 
      [
        1632278865, 
        "167653"
      ], 
      [
        1632278880, 
        "0"
      ], 
      [
        1632278895, 
        "0"
      ], 
      [
        1632278910, 
        "395644.2"
      ], 
      [
        1632278925, 
        "1011537.1"
      ], 
      [
        1632278940, 
        "936618"
      ], 
      [
        1632278955, 
        "843335.5"
      ], 
      [
        1632278970, 
        "908828.5"
      ], 
      [
        1632278985, 
        "736935.8"
      ], 
      [
        1632279000, 
        "897660.4"
      ], 
      [
        1632279015, 
        "612458.6384"
      ], 
      [
        1632279030, 
        "230320.9"
      ], 
      [
        1632279045, 
        "117053.7"
      ], 
      [
        1632279060, 
        "253187.4"
      ], 
      [
        1632279075, 
        "202348.2"
      ], 
      [
        1632279090, 
        "812698.5"
      ], 
      [
        1632279105, 
        "461174.8"
      ], 
      [
        1632279150, 
        "0"
      ]
    ]
  }, 
  "tcp_sends": {
    "metric": {},