{
  "dir_read_c": {
    "metric": {
      "instance": "172.17.0.1:8000", 
      "hostname": "longz-experiment", 
      "pid": "23130", 
      "directory": "/data/blockchain/eth-data", 
      "job": "syscall_monitoring", 
      "application_name": "openethereum", 
      "__name__": "dir_reads_total"
    }, 
    "values": [
      [
        1632279754, 
        "194311"
      ], 
      [
        1632279769, 
        "247913"
      ], 
      [
        1632279784, 
        "246270"
      ], 
      [
        1632279799, 
        "265211"
      ], 
      [
        1632279814, 
        "247002"
      ], 
      [
        1632279829, 
        "200336"
      ], 
      [
        1632279844, 
        "228710"
      ], 
      [
        1632279859, 
        "247402"
      ], 
      [
        1632279874, 
        "247918"
      ], 
      [
        1632279889, 
        "253586"
      ], 
      [
        1632279904, 
        "240357"
      ], 
      [
        1632279919, 
        "246752"
      ], 
      [
        1632279934, 
        "247456"
      ], 
      [
        1632279949, 
        "232913"
      ], 
      [
        1632279964, 
        "245097"
      ], 
      [
        1632279979, 
        "249247"
      ], 
      [
        1632279994, 
        "255948"
      ], 
      [
        1632280009, 
        "251716"
      ], 
      [
        1632280024, 
        "255391"
      ], 
      [
        1632280039, 
        "255830"
      ], 
      [
        1632280054, 
        "257444"
      ]
    ]
  }, 
  "stat": {
    "dir_read_c": {
      "max": 257444.0, 
      "mean": 243657.61904761905, 
      "variance": 287725898.521542, 
      "min": 200336.0
    }, 
    "dir_reads": {
      "max": 5340658688.0, 
      "mean": 4869562660.571428, 
      "variance": 1.8635624752465456e+17, 
      "min": 3853220864.0
    }, 
    "tcp_conn": {
      "max": 27.0, 
      "mean": 8.0, 
      "variance": 49.523809523809526, 
      "min": 2.0
    }, 
    "kvdb_bytes_read": {
      "max": 1317476.7799999998, 
      "mean": 1067868.3263184316, 
      "variance": 49597858496.56072, 
      "min": 691811.5794240001
    }, 
    "tcp_sends": {
      "max": 90112.0, 
      "mean": 32085.333333333332, 
      "variance": 663132777.650794, 
      "min": 14336.0
    }, 
    "dir_writes": {
      "max": 430413824.0, 
      "mean": 299629031.61904764, 
      "variance": 2.995298613181312e+16, 
      "min": 0.0
    }, 
    "kvdb_bytes_write": {
      "max": 803953.9199999986, 
      "mean": 164834.48823529412, 
      "variance": 320305926585.16455, 
      "min": 0.0
    }, 
    "dir_write_c": {
      "max": 574.0, 
      "mean": 395.8095238095238, 
      "variance": 201928.15419501133, 
      "min": 0.0
    }, 
    "peer_stats": {
      "max": 3.1999999999999993, 
      "mean": 1.4705882352941178, 
      "variance": 0.8373702422145326, 
      "min": 1.0
    }, 
    "tcp_recvs": {
      "max": 1630208.0, 
      "mean": 617569.5238095238, 
      "variance": 411029898627.77325, 
      "min": 158720.0
    }
  }, 
  "dir_reads": {
    "metric": {
      "instance": "172.17.0.1:8000", 
      "hostname": "longz-experiment", 
      "pid": "23130", 
      "directory": "/data/blockchain/eth-data", 
      "job": "syscall_monitoring", 
      "application_name": "openethereum"
    }, 
    "values": [
      [
        1632279754, 
        "3742305280"
      ], 
      [
        1632279769, 
        "4817245184"
      ], 
      [
        1632279784, 
        "4722056192"
      ], 
      [
        1632279799, 
        "4668851200"
      ], 
      [
        1632279814, 
        "4847638528"
      ], 
      [
        1632279829, 
        "3853220864"
      ], 
      [
        1632279844, 
        "4466510848"
      ], 
      [
        1632279859, 
        "4856065024"
      ], 
      [
        1632279874, 
        "4870344704"
      ], 
      [
        1632279889, 
        "4943262720"
      ], 
      [
        1632279904, 
        "4690387968"
      ], 
      [
        1632279919, 
        "4844550144"
      ], 
      [
        1632279934, 
        "4865751040"
      ], 
      [
        1632279949, 
        "5241681920"
      ], 
      [
        1632279964, 
        "5558615040"
      ], 
      [
        1632279979, 
        "5340658688"
      ], 
      [
        1632279994, 
        "5207247872"
      ], 
      [
        1632280009, 
        "5116042240"
      ], 
      [
        1632280024, 
        "5192552448"
      ], 
      [
        1632280039, 
        "5192344576"
      ], 
      [
        1632280054, 
        "5223483392"
      ]
    ]
  }, 
  "tcp_conn": {
    "metric": {}, 
    "values": [
      [
        1632279754, 
        "7"
      ], 
      [
        1632279769, 
        "28"
      ], 
      [
        1632279784, 
        "5"
      ], 
      [
        1632279799, 
        "5"
      ], 
      [
        1632279814, 
        "2"
      ], 
      [
        1632279829, 
        "27"
      ], 
      [
        1632279844, 
        "6"
      ], 
      [
        1632279859, 
        "3"
      ], 
      [
        1632279874, 
        "3"
      ], 
      [
        1632279889, 
        "15"
      ], 
      [
        1632279904, 
        "11"
      ], 
      [
        1632279919, 
        "5"
      ], 
      [
        1632279934, 
        "6"
      ], 
      [
        1632279949, 
        "5"
      ], 
      [
        1632279964, 
        "3"
      ], 
      [
        1632279979, 
        "6"
      ], 
      [
        1632279994, 
        "6"
      ], 
      [
        1632280009, 
        "9"
      ], 
      [
        1632280024, 
        "4"
      ], 
      [
        1632280039, 
        "10"
      ], 
      [
        1632280054, 
        "2"
      ]
    ]
  }, 
  "kvdb_bytes_read": {
    "metric": {
      "instance": "172.17.0.1:3033", 
      "job": "openethereum"
    }, 
    "values": [
      [
        1632279754, 
        "1218791.1"
      ], 
      [
        1632279769, 
        "1113592.9"
      ], 
      [
        1632279784, 
        "1100674.8"
      ], 
      [
        1632279799, 
        "1149499.1"
      ], 
      [
        1632279814, 
        "697116.3492800001"
      ], 
      [
        1632279844, 
        "670592.5"
      ], 
      [
        1632279874, 
        "985013.9"
      ], 
      [
        1632279889, 
        "1019992.7"
      ], 
      [
        1632279919, 
        "1162089.5"
      ], 
      [
        1632279934, 
        "941685.3"
      ], 
      [
        1632279949, 
        "1026066.4"
      ], 
      [
        1632279964, 
        "1085568.1"
      ], 
      [
        1632279994, 
        "1199010.3"
      ], 
      [
        1632280009, 
        "724802.4981333334"
      ], 
      [
        1632280024, 
        "1244179.8"
      ], 
      [
        1632280039, 
        "1610664.7"
      ], 
      [
        1632280054, 
        "1204421.6"
      ]
    ]
  }, 
  "tcp_sends": {
    "metric": {},