{
  "dir_read_c": {
    "metric": {
      "instance": "172.17.0.1:8000", 
      "hostname": "longz-experiment", 
      "pid": "3174", 
      "directory": "/data/blockchain/eth-data", 
      "job": "syscall_monitoring", 
      "application_name": "openethereum", 
      "__name__": "dir_reads_total"
    }, 
    "values": [
      [
        1633145769, 
        "71071"
      ], 
      [
        1633145784, 
        "87720"
      ], 
      [
        1633145799, 
        "98186"
      ], 
      [
        1633145814, 
        "98580"
      ], 
      [
        1633145829, 
        "29340"
      ], 
      [
        1633145844, 
        "39301"
      ], 
      [
        1633145859, 
        "41900"
      ], 
      [
        1633145874, 
        "29622"
      ], 
      [
        1633145889, 
        "29246"
      ], 
      [
        1633145904, 
        "36059"
      ], 
      [
        1633145919, 
        "24866"
      ], 
      [
        1633145934, 
        "23510"
      ], 
      [
        1633145949, 
        "45418"
      ], 
      [
        1633145964, 
        "22798"
      ], 
      [
        1633145979, 
        "37140"
      ], 
      [
        1633145994, 
        "33998"
      ], 
      [
        1633146009, 
        "30012"
      ], 
      [
        1633146024, 
        "30272"
      ], 
      [
        1633146039, 
        "64494"
      ], 
      [
        1633146054, 
        "36999"
      ], 
      [
        1633146069, 
        "47740"
      ]
    ]
  }, 
  "stat": {
    "dir_read_c": {
      "max": 98186.0, 
      "mean": 45632.0, 
      "variance": 546858598.4761904, 
      "pvalue": 0.20485059136620412, 
      "min": 23510.0
    }, 
    "dir_reads": {
      "max": 1826557952.0, 
      "mean": 933680566.8571428, 
      "variance": 2.352791310539482e+17, 
      "pvalue": 0.6045633197086608, 
      "min": 465161216.0
    }, 
    "tcp_conn": {
      "max": 66.0, 
      "mean": 31.0, 
      "variance": 328.85714285714283, 
      "pvalue": 6.55338341364358e-06, 
      "min": 5.0
    }, 
    "kvdb_bytes_read": {
      "max": 526791.48, 
      "mean": 223360.6157894737, 
      "variance": 19093298042.517117, 
      "pvalue": 0.008865822909002237, 
      "min": 101855.98
    }, 
    "tcp_sends": {
      "max": 1092608.0, 
      "mean": 301738.6666666667, 
      "variance": 143425956262.60318, 
      "pvalue": 0.0057272404586205476, 
      "min": 26624.0
    }, 
    "dir_writes": {
      "max": 289042432.0, 
      "mean": 221270357.33333334, 
      "variance": 3.753802582454207e+16, 
      "pvalue": 0.5310830795567871, 
      "min": 97432576.0
    }, 
    "kvdb_bytes_write": {
      "max": 3020359.279999978, 
      "mean": 1071317.7684210525, 
      "variance": 7136621668202.092, 
      "pvalue": 0.38156686042852395, 
      "min": 0.0
    }, 
    "dir_write_c": {
      "max": 9729.0, 
      "mean": 2504.6666666666665, 
      "variance": 55526369.07936506, 
      "pvalue": 0.9383531448578993, 
      "min": 173.0
    }, 
    "peer_stats": {
      "max": 30.0, 
      "mean": 27.25, 
      "variance": 4.2875, 
      "pvalue": 0.7580162827096768, 
      "min": 23.95
    }, 
    "tcp_recvs": {
      "max": 21275648.0, 
      "mean": 4635404.19047619, 
      "variance": 48003504883855.95, 
      "pvalue": 0.038704950076564625, 
      "min": 169984.0
    }
  }, 
  "dir_reads": {
    "metric": {
      "instance": "172.17.0.1:8000", 
      "hostname": "longz-experiment", 
      "pid": "3174", 
      "directory": "/data/blockchain/eth-data", 
      "job": "syscall_monitoring", 
      "application_name": "openethereum"
    }, 
    "values": [
      [
        1633145769, 
        "1431971840"
      ], 
      [
        1633145784, 
        "1712258048"
      ], 
      [
        1633145799, 
        "2082655232"
      ], 
      [
        1633145814, 
        "1826557952"
      ], 
      [
        1633145829, 
        "514714624"
      ], 
      [
        1633145844, 
        "688814080"
      ], 
      [
        1633145859, 
        "803083264"
      ], 
      [
        1633145874, 
        "543264768"
      ], 
      [
        1633145889, 
        "540604416"
      ], 
      [
        1633145904, 
        "661735424"
      ], 
      [
        1633145919, 
        "465161216"
      ], 
      [
        1633145934, 
        "414530560"
      ], 
      [
        1633145949, 
        "948722688"
      ], 
      [
        1633145964, 
        "516080640"
      ], 
      [
        1633145979, 
        "757773312"
      ], 
      [
        1633145994, 
        "1188952064"
      ], 
      [
        1633146009, 
        "543002624"
      ], 
      [
        1633146024, 
        "550534144"
      ], 
      [
        1633146039, 
        "1446397952"
      ], 
      [
        1633146054, 
        "921204736"
      ], 
      [
        1633146069, 
        "1049272320"
      ]
    ]
  }, 
  "tcp_conn": {
    "metric": {}, 
    "values": [
      [
        1633145769, 
        "20"
      ], 
      [
        1633145784, 
        "19"
      ], 
      [
        1633145799, 
        "37"
      ], 
      [
        1633145814, 
        "32"
      ], 
      [
        1633145829, 
        "20"
      ], 
      [
        1633145844, 
        "31"
      ], 
      [
        1633145859, 
        "22"
      ], 
      [
        1633145874, 
        "22"
      ], 
      [
        1633145889, 
        "39"
      ], 
      [
        1633145904, 
        "33"
      ], 
      [
        1633145919, 
        "30"
      ], 
      [
        1633145934, 
        "20"
      ], 
      [
        1633145949, 
        "12"
      ], 
      [
        1633145964, 
        "26"
      ], 
      [
        1633145979, 
        "0"
      ], 
      [
        1633145994, 
        "5"
      ], 
      [
        1633146009, 
        "67"
      ], 
      [
        1633146024, 
        "66"
      ], 
      [
        1633146039, 
        "56"
      ], 
      [
        1633146054, 
        "62"
      ], 
      [
        1633146069, 
        "32"
      ]
    ]
  }, 
  "kvdb_bytes_read": {
    "metric": {
      "instance": "172.17.0.1:3033", 
      "job": "openethereum"
    }, 
    "values": [
      [
        1633145769, 
        "524879.7"
      ], 
      [
        1633145784, 
        "392348"
      ], 
      [
        1633145799, 
        "543997.5"
      ], 
      [
        1633145814, 
        "104796.4"
      ], 
      [
        1633145829, 
        "240725.1"
      ], 
      [
        1633145844, 
        "163234.3"
      ], 
      [
        1633145859, 
        "179149.6"
      ], 
      [
        1633145874, 
        "129831.7"
      ], 
      [
        1633145889, 
        "121552.4"
      ], 
      [
        1633145904, 
        "159223.1"
      ], 
      [
        1633145919, 
        "75392.2"
      ], 
      [
        1633145934, 
        "205811.4"
      ], 
      [
        1633145949, 
        "119268.5"
      ], 
      [
        1633145994, 
        "127477.1"
      ], 
      [
        1633146009, 
        "112181.2"
      ], 
      [
        1633146024, 
        "343139.7"
      ], 
      [
        1633146039, 
        "149797.8"
      ], 
      [
        1633146054, 
        "181857.3"
      ], 
      [
        1633146069, 
        "369188.7"
      ]
    ]
  }, 
  "tcp_sends": {
    "metric": {},