{
  "dir_read_c": {
    "metric": {
      "instance": "172.17.0.1:8000", 
      "hostname": "longz-experiment", 
      "pid": "3174", 
      "directory": "/data/blockchain/eth-data", 
      "job": "syscall_monitoring", 
      "application_name": "openethereum", 
      "__name__": "dir_reads_total"
    }, 
    "values": [
      [
        1633145468, 
        "16365"
      ], 
      [
        1633145483, 
        "16783"
      ], 
      [
        1633145498, 
        "49373"
      ], 
      [
        1633145513, 
        "37309"
      ], 
      [
        1633145528, 
        "50553"
      ], 
      [
        1633145543, 
        "37781"
      ], 
      [
        1633145558, 
        "33890"
      ], 
      [
        1633145573, 
        "51557"
      ], 
      [
        1633145588, 
        "56269"
      ], 
      [
        1633145603, 
        "37620"
      ], 
      [
        1633145618, 
        "44538"
      ], 
      [
        1633145633, 
        "35607"
      ], 
      [
        1633145648, 
        "39556"
      ], 
      [
        1633145663, 
        "38125"
      ], 
      [
        1633145678, 
        "32671"
      ], 
      [
        1633145693, 
        "28149"
      ], 
      [
        1633145708, 
        "37494"
      ], 
      [
        1633145723, 
        "33621"
      ], 
      [
        1633145738, 
        "66250"
      ], 
      [
        1633145753, 
        "65811"
      ], 
      [
        1633145768, 
        "71071"
      ]
    ]
  }, 
  "stat": {
    "dir_read_c": {
      "max": 66250.0, 
      "mean": 41923.47619047619, 
      "variance": 203713660.24943313, 
      "pvalue": 0.02217250954966025, 
      "min": 16783.0
    }, 
    "dir_reads": {
      "max": 1405768704.0, 
      "mean": 820867462.0952381, 
      "variance": 8.022329144204842e+16, 
      "pvalue": 0.09617457316701195, 
      "min": 373767168.0
    }, 
    "tcp_conn": {
      "max": 38.0, 
      "mean": 28.952380952380953, 
      "variance": 105.47392290249432, 
      "pvalue": 9.748521711016233e-08, 
      "min": 14.0
    }, 
    "kvdb_bytes_read": {
      "max": 416575.8, 
      "mean": 190756.02857142856, 
      "variance": 16443831313.769659, 
      "pvalue": 0.05213971047573913, 
      "min": 51616.4
    }, 
    "tcp_sends": {
      "max": 510976.0, 
      "mean": 559055.2380952381, 
      "variance": 3449021265590.277, 
      "pvalue": 0.00012195232178113787, 
      "min": 38912.0
    }, 
    "dir_writes": {
      "max": 250087424.0, 
      "mean": 181641411.04761904, 
      "variance": 4554061997008204.0, 
      "pvalue": 0.5011659948925754, 
      "min": 23412736.0
    }, 
    "kvdb_bytes_write": {
      "max": 935129.3, 
      "mean": 365317.9190476191, 
      "variance": 117287900611.5644, 
      "pvalue": 0.8000998170818294, 
      "min": 0.0
    }, 
    "dir_write_c": {
      "max": 595.0, 
      "mean": 2122.9523809523807, 
      "variance": 63554910.99773242, 
      "pvalue": 0.33617282631566725, 
      "min": 183.0
    }, 
    "peer_stats": {
      "max": 30.0, 
      "mean": 27.952380952380953, 
      "variance": 1.6643990929705215, 
      "pvalue": 0.007328910505441882, 
      "min": 26.0
    }, 
    "tcp_recvs": {
      "max": 5367808.0, 
      "mean": 1906249.142857143, 
      "variance": 1749710993226.8843, 
      "pvalue": 0.006203389706767276, 
      "min": 475136.0
    }
  }, 
  "dir_reads": {
    "metric": {
      "instance": "172.17.0.1:8000", 
      "hostname": "longz-experiment", 
      "pid": "3174", 
      "directory": "/data/blockchain/eth-data", 
      "job": "syscall_monitoring", 
      "application_name": "openethereum"
    }, 
    "values": [
      [
        1633145468, 
        "373767168"
      ], 
      [
        1633145483, 
        "370686976"
      ], 
      [
        1633145498, 
        "916561920"
      ], 
      [
        1633145513, 
        "622960640"
      ], 
      [
        1633145528, 
        "931602432"
      ], 
      [
        1633145543, 
        "683853824"
      ], 
      [
        1633145558, 
        "571942912"
      ], 
      [
        1633145573, 
        "954307584"
      ], 
      [
        1633145588, 
        "984130560"
      ], 
      [
        1633145603, 
        "634822656"
      ], 
      [
        1633145618, 
        "852126720"
      ], 
      [
        1633145633, 
        "726281216"
      ], 
      [
        1633145648, 
        "818011136"
      ], 
      [
        1633145663, 
        "914513920"
      ], 
      [
        1633145678, 
        "657225728"
      ], 
      [
        1633145693, 
        "567394304"
      ], 
      [
        1633145708, 
        "712219648"
      ], 
      [
        1633145723, 
        "813297664"
      ], 
      [
        1633145738, 
        "1294769152"
      ], 
      [
        1633145753, 
        "1405768704"
      ], 
      [
        1633145768, 
        "1431971840"
      ]
    ]
  }, 
  "tcp_conn": {
    "metric": {}, 
    "values": [
      [
        1633145468, 
        "34"
      ], 
      [
        1633145483, 
        "37"
      ], 
      [
        1633145498, 
        "19"
      ], 
      [
        1633145513, 
        "14"
      ], 
      [
        1633145528, 
        "34"
      ], 
      [
        1633145543, 
        "62"
      ], 
      [
        1633145558, 
        "34"
      ], 
      [
        1633145573, 
        "32"
      ], 
      [
        1633145588, 
        "35"
      ], 
      [
        1633145603, 
        "27"
      ], 
      [
        1633145618, 
        "27"
      ], 
      [
        1633145633, 
        "22"
      ], 
      [
        1633145648, 
        "33"
      ], 
      [
        1633145663, 
        "17"
      ], 
      [
        1633145678, 
        "27"
      ], 
      [
        1633145693, 
        "27"
      ], 
      [
        1633145708, 
        "14"
      ], 
      [
        1633145723, 
        "27"
      ], 
      [
        1633145738, 
        "38"
      ], 
      [
        1633145753, 
        "28"
      ], 
      [
        1633145768, 
        "20"
      ]
    ]
  }, 
  "kvdb_bytes_read": {
    "metric": {
      "instance": "172.17.0.1:3033", 
      "job": "openethereum"
    }, 
    "values": [
      [
        1633145468, 
        "51616.4"
      ], 
      [
        1633145483, 
        "255395.2"
      ], 
      [
        1633145498, 
        "106269.4"
      ], 
      [
        1633145513, 
        "186033.7"
      ], 
      [
        1633145528, 
        "107006.5"
      ], 
      [
        1633145543, 
        "112561"
      ], 
      [
        1633145558, 
        "188223.5"
      ], 
      [
        1633145573, 
        "114047.3"
      ], 
      [
        1633145588, 
        "195449.4"
      ], 
      [
        1633145603, 
        "148943.7"
      ], 
      [
        1633145618, 
        "119202"
      ], 
      [
        1633145633, 
        "148586.9"
      ], 
      [
        1633145648, 
        "90538.3"
      ], 
      [
        1633145663, 
        "155969.1"
      ], 
      [
        1633145678, 
        "134230.6"
      ], 
      [
        1633145693, 
        "111786.9"
      ], 
      [
        1633145708, 
        "49508.4"
      ], 
      [
        1633145723, 
        "416575.8"
      ], 
      [
        1633145738, 
        "376909.4"
      ], 
      [
        1633145753, 
        "412143.4"
      ], 
      [
        1633145768, 
        "524879.7"
      ]
    ]
  }, 
  "tcp_sends": {
    "metric": {},