{
  "dir_read_c": {
    "metric": {
      "instance": "172.17.0.1:8000", 
      "hostname": "longz-experiment", 
      "pid": "3174", 
      "directory": "/data/blockchain/eth-data", 
      "job": "syscall_monitoring", 
      "application_name": "openethereum", 
      "__name__": "dir_reads_total"
    }, 
    "values": [
      [
        1633146673, 
        "29173"
      ], 
      [
        1633146688, 
        "25002"
      ], 
      [
        1633146703, 
        "31397"
      ], 
      [
        1633146718, 
        "27436"
      ], 
      [
        1633146733, 
        "30660"
      ], 
      [
        1633146748, 
        "24511"
      ], 
      [
        1633146763, 
        "26108"
      ], 
      [
        1633146778, 
        "30322"
      ], 
      [
        1633146793, 
        "23768"
      ], 
      [
        1633146808, 
        "31683"
      ], 
      [
        1633146823, 
        "32935"
      ], 
      [
        1633146838, 
        "45809"
      ], 
      [
        1633146853, 
        "33133"
      ], 
      [
        1633146868, 
        "44891"
      ], 
      [
        1633146883, 
        "34090"
      ], 
      [
        1633146898, 
        "34882"
      ], 
      [
        1633146913, 
        "31437"
      ], 
      [
        1633146928, 
        "42865"
      ], 
      [
        1633146943, 
        "27409"
      ], 
      [
        1633146958, 
        "36570"
      ], 
      [
        1633146973, 
        "21994"
      ]
    ]
  }, 
  "stat": {
    "dir_read_c": {
      "max": 44891.0, 
      "mean": 31717.85714285714, 
      "variance": 41519525.45578231, 
      "pvalue": 0.048683851974792275, 
      "min": 23768.0
    }, 
    "dir_reads": {
      "max": 785757184.0, 
      "mean": 594192384.0, 
      "variance": 1.0940761968863134e+16, 
      "pvalue": 0.007944827237572595, 
      "min": 462972928.0
    }, 
    "tcp_conn": {
      "max": 44.0, 
      "mean": 28.476190476190474, 
      "variance": 95.6780045351474, 
      "pvalue": 7.140363764661412e-06, 
      "min": 16.0
    }, 
    "kvdb_bytes_read": {
      "max": 197763.5, 
      "mean": 110550.05238095236, 
      "variance": 1382948951.4539232, 
      "pvalue": 0.009186084329872725, 
      "min": 66155.2
    }, 
    "tcp_sends": {
      "max": 541696.0, 
      "mean": 264582.09523809527, 
      "variance": 230719223478.2767, 
      "pvalue": 0.00012621522187326775, 
      "min": 22528.0
    }, 
    "dir_writes": {
      "max": 227015680.0, 
      "mean": 192725577.14285713, 
      "variance": 1138395138472534.8, 
      "pvalue": 0.034222069749315354, 
      "min": 145107968.0
    }, 
    "kvdb_bytes_write": {
      "max": 615064.6, 
      "mean": 182186.2809523809, 
      "variance": 52729077371.19582, 
      "pvalue": 0.11947709654444015, 
      "min": 0.0
    }, 
    "dir_write_c": {
      "max": 939.0, 
      "mean": 2090.809523809524, 
      "variance": 62392149.86848072, 
      "pvalue": 0.21795711642595378, 
      "min": 179.0
    }, 
    "peer_stats": {
      "max": 30.0, 
      "mean": 27.142857142857142, 
      "variance": 2.789115646258505, 
      "pvalue": 0.982956557494745, 
      "min": 25.0
    }, 
    "tcp_recvs": {
      "max": 27659264.0, 
      "mean": 7592911.238095238, 
      "variance": 99753109610068.75, 
      "pvalue": 0.005311876434805913, 
      "min": 731136.0
    }
  }, 
  "dir_reads": {
    "metric": {
      "instance": "172.17.0.1:8000", 
      "hostname": "longz-experiment", 
      "pid": "3174", 
      "directory": "/data/blockchain/eth-data", 
      "job": "syscall_monitoring", 
      "application_name": "openethereum"
    }, 
    "values": [
      [
        1633146673, 
        "637645824"
      ], 
      [
        1633146688, 
        "493253632"
      ], 
      [
        1633146703, 
        "600554496"
      ], 
      [
        1633146718, 
        "488895488"
      ], 
      [
        1633146733, 
        "571213824"
      ], 
      [
        1633146748, 
        "545784832"
      ], 
      [
        1633146763, 
        "527830016"
      ], 
      [
        1633146778, 
        "623297536"
      ], 
      [
        1633146793, 
        "481256448"
      ], 
      [
        1633146808, 
        "681938944"
      ], 
      [
        1633146823, 
        "547409920"
      ], 
      [
        1633146838, 
        "785757184"
      ], 
      [
        1633146853, 
        "541006848"
      ], 
      [
        1633146868, 
        "787386368"
      ], 
      [
        1633146883, 
        "600438784"
      ], 
      [
        1633146898, 
        "585832448"
      ], 
      [
        1633146913, 
        "522401792"
      ], 
      [
        1633146928, 
        "764977152"
      ], 
      [
        1633146943, 
        "462972928"
      ], 
      [
        1633146958, 
        "766565376"
      ], 
      [
        1633146973, 
        "461620224"
      ]
    ]
  }, 
  "tcp_conn": {
    "metric": {}, 
    "values": [
      [
        1633146673, 
        "39"
      ], 
      [
        1633146688, 
        "44"
      ], 
      [
        1633146703, 
        "39"
      ], 
      [
        1633146718, 
        "20"
      ], 
      [
        1633146733, 
        "47"
      ], 
      [
        1633146748, 
        "31"
      ], 
      [
        1633146763, 
        "40"
      ], 
      [
        1633146778, 
        "17"
      ], 
      [
        1633146793, 
        "34"
      ], 
      [
        1633146808, 
        "20"
      ], 
      [
        1633146823, 
        "30"
      ], 
      [
        1633146838, 
        "20"
      ], 
      [
        1633146853, 
        "24"
      ], 
      [
        1633146868, 
        "10"
      ], 
      [
        1633146883, 
        "19"
      ], 
      [
        1633146898, 
        "31"
      ], 
      [
        1633146913, 
        "24"
      ], 
      [
        1633146928, 
        "16"
      ], 
      [
        1633146943, 
        "27"
      ], 
      [
        1633146958, 
        "31"
      ], 
      [
        1633146973, 
        "35"
      ]
    ]
  }, 
  "kvdb_bytes_read": {
    "metric": {
      "instance": "172.17.0.1:3033", 
      "job": "openethereum"
    }, 
    "values": [
      [
        1633146673, 
        "78854.4"
      ], 
      [
        1633146688, 
        "134152.8"
      ], 
      [
        1633146703, 
        "88721.7"
      ], 
      [
        1633146718, 
        "132399"
      ], 
      [
        1633146733, 
        "97324.7"
      ], 
      [
        1633146748, 
        "81459.5"
      ], 
      [
        1633146763, 
        "106497.1"
      ], 
      [
        1633146778, 
        "98430.7"
      ], 
      [
        1633146793, 
        "127796.2"
      ], 
      [
        1633146808, 
        "89050.1"
      ], 
      [
        1633146823, 
        "207828.2"
      ], 
      [
        1633146838, 
        "113855.2"
      ], 
      [
        1633146853, 
        "126156.3"
      ], 
      [
        1633146868, 
        "131594.5"
      ], 
      [
        1633146883, 
        "109685.9"
      ], 
      [
        1633146898, 
        "89690.4"
      ], 
      [
        1633146913, 
        "197763.5"
      ], 
      [
        1633146928, 
        "90387.9"
      ], 
      [
        1633146943, 
        "47427.4"
      ], 
      [
        1633146958, 
        "106320.4"
      ], 
      [
        1633146973, 
        "66155.2"
      ]
    ]
  }, 
  "tcp_sends": {
    "metric": {},