{
  "dir_read_c": {
    "metric": {
      "instance": "172.17.0.1:8000", 
      "hostname": "longz-experiment", 
      "pid": "3174", 
      "directory": "/data/blockchain/eth-data", 
      "job": "syscall_monitoring", 
      "application_name": "openethereum", 
      "__name__": "dir_reads_total"
    }, 
    "values": [
      [
        1633146369, 
        "28844"
      ], 
      [
        1633146384, 
        "24217"
      ], 
      [
        1633146399, 
        "30963"
      ], 
      [
        1633146414, 
        "41892"
      ], 
      [
        1633146429, 
        "30372"
      ], 
      [
        1633146444, 
        "42414"
      ], 
      [
        1633146459, 
        "44564"
      ], 
      [
        1633146474, 
        "35489"
      ], 
      [
        1633146489, 
        "38213"
      ], 
      [
        1633146504, 
        "44142"
      ], 
      [
        1633146519, 
        "70879"
      ], 
      [
        1633146534, 
        "70290"
      ], 
      [
        1633146549, 
        "66882"
      ], 
      [
        1633146564, 
        "91444"
      ], 
      [
        1633146579, 
        "75468"
      ], 
      [
        1633146594, 
        "53713"
      ], 
      [
        1633146609, 
        "94516"
      ], 
      [
        1633146624, 
        "54540"
      ], 
      [
        1633146639, 
        "41278"
      ], 
      [
        1633146654, 
        "65206"
      ], 
      [
        1633146669, 
        "29173"
      ]
    ]
  }, 
  "stat": {
    "dir_read_c": {
      "max": 91444.0, 
      "mean": 51166.619047619046, 
      "variance": 410669270.8072562, 
      "pvalue": 0.022471036750757588, 
      "min": 28844.0
    }, 
    "dir_reads": {
      "max": 1826153472.0, 
      "mean": 1017209417.1428572, 
      "variance": 1.8643052648207952e+17, 
      "pvalue": 0.013987380244394745, 
      "min": 493654016.0
    }, 
    "tcp_conn": {
      "max": 47.0, 
      "mean": 27.047619047619047, 
      "variance": 167.75963718820861, 
      "pvalue": 6.55338341364358e-06, 
      "min": 11.0
    }, 
    "kvdb_bytes_read": {
      "max": 475309.10000000003, 
      "mean": 212831.32486400002, 
      "variance": 18485175881.443134, 
      "pvalue": 0.19826866216684538, 
      "min": 69619.16500000001
    }, 
    "tcp_sends": {
      "max": 1915904.0, 
      "mean": 360252.95238095237, 
      "variance": 348307648892.80725, 
      "pvalue": 0.0013471639646395687, 
      "min": 22528.0
    }, 
    "dir_writes": {
      "max": 406350848.0, 
      "mean": 216243736.3809524, 
      "variance": 2.178197767012761e+16, 
      "pvalue": 0.9333009814564662, 
      "min": 29599744.0
    }, 
    "kvdb_bytes_write": {
      "max": 1443117.3050000027, 
      "mean": 694953.9891693334, 
      "variance": 1172851704759.4033, 
      "pvalue": 0.15746747313026221, 
      "min": 0.0
    }, 
    "dir_write_c": {
      "max": 10129.0, 
      "mean": 3025.285714285714, 
      "variance": 74809019.91836734, 
      "pvalue": 0.16406425109341716, 
      "min": 212.0
    }, 
    "peer_stats": {
      "max": 32.099999999999994, 
      "mean": 30.0, 
      "variance": 3.789473684210526, 
      "pvalue": 0.000164663852418219, 
      "min": 27.0
    }, 
    "tcp_recvs": {
      "max": 17691648.0, 
      "mean": 3825517.714285714, 
      "variance": 32424542454986.01, 
      "pvalue": 0.17944369197782822, 
      "min": 141312.0
    }
  }, 
  "dir_reads": {
    "metric": {
      "instance": "172.17.0.1:8000", 
      "hostname": "longz-experiment", 
      "pid": "3174", 
      "directory": "/data/blockchain/eth-data", 
      "job": "syscall_monitoring", 
      "application_name": "openethereum"
    }, 
    "values": [
      [
        1633146369, 
        "623332352"
      ], 
      [
        1633146384, 
        "486639616"
      ], 
      [
        1633146399, 
        "650190848"
      ], 
      [
        1633146414, 
        "716260352"
      ], 
      [
        1633146429, 
        "493654016"
      ], 
      [
        1633146444, 
        "731867136"
      ], 
      [
        1633146459, 
        "780727296"
      ], 
      [
        1633146474, 
        "618345472"
      ], 
      [
        1633146489, 
        "671704064"
      ], 
      [
        1633146504, 
        "881859584"
      ], 
      [
        1633146519, 
        "1454138368"
      ], 
      [
        1633146534, 
        "1369491456"
      ], 
      [
        1633146549, 
        "1309796352"
      ], 
      [
        1633146564, 
        "1826153472"
      ], 
      [
        1633146579, 
        "1605901312"
      ], 
      [
        1633146594, 
        "1322678272"
      ], 
      [
        1633146609, 
        "1855709184"
      ], 
      [
        1633146624, 
        "1286659072"
      ], 
      [
        1633146639, 
        "764130304"
      ], 
      [
        1633146654, 
        "1274513408"
      ], 
      [
        1633146669, 
        "637645824"
      ]
    ]
  }, 
  "tcp_conn": {
    "metric": {}, 
    "values": [
      [
        1633146369, 
        "48"
      ], 
      [
        1633146384, 
        "33"
      ], 
      [
        1633146399, 
        "24"
      ], 
      [
        1633146414, 
        "33"
      ], 
      [
        1633146429, 
        "11"
      ], 
      [
        1633146444, 
        "16"
      ], 
      [
        1633146459, 
        "17"
      ], 
      [
        1633146474, 
        "31"
      ], 
      [
        1633146489, 
        "15"
      ], 
      [
        1633146504, 
        "23"
      ], 
      [
        1633146519, 
        "17"
      ], 
      [
        1633146534, 
        "40"
      ], 
      [
        1633146549, 
        "22"
      ], 
      [
        1633146564, 
        "19"
      ], 
      [
        1633146579, 
        "15"
      ], 
      [
        1633146594, 
        "41"
      ], 
      [
        1633146609, 
        "31"
      ], 
      [
        1633146624, 
        "47"
      ], 
      [
        1633146639, 
        "46"
      ], 
      [
        1633146654, 
        "0"
      ], 
      [
        1633146669, 
        "39"
      ]
    ]
  }, 
  "kvdb_bytes_read": {
    "metric": {
      "instance": "172.17.0.1:3033", 
      "job": "openethereum"
    }, 
    "values": [
      [
        1633146369, 
        "65269.4"
      ], 
      [
        1633146384, 
        "69848.1"
      ], 
      [
        1633146399, 
        "106608.8"
      ], 
      [
        1633146414, 
        "123832.9"
      ], 
      [
        1633146429, 
        "180748.7"
      ], 
      [
        1633146444, 
        "164159.4"
      ], 
      [
        1633146459, 
        "114692.9"
      ], 
      [
        1633146474, 
        "132924.2"
      ], 
      [
        1633146489, 
        "118598"
      ], 
      [
        1633146504, 
        "362606.9"
      ], 
      [
        1633146519, 
        "341913.5"
      ], 
      [
        1633146534, 
        "474623.2"
      ], 
      [
        1633146549, 
        "488341.2"
      ], 
      [
        1633146564, 
        "433448"
      ], 
      [
        1633146579, 
        "288191.6"
      ], 
      [
        1633146594, 
        "260153.89728000003"
      ], 
      [
        1633146609, 
        "233903.2"
      ], 
      [
        1633146624, 
        "115361.6"
      ], 
      [
        1633146654, 
        "97189.3"
      ], 
      [
        1633146669, 
        "84211.7"
      ]
    ]
  }, 
  "tcp_sends": {
    "metric": {},