{
  "dir_read_c": {
    "metric": {
      "instance": "172.17.0.1:8000", 
      "hostname": "longz-experiment", 
      "pid": "31186", 
      "directory": "/data/blockchain/eth-data", 
      "job": "syscall_monitoring", 
      "application_name": "openethereum", 
      "__name__": "dir_reads_total"
    }, 
    "values": [
      [
        1633134743, 
        "156094"
      ], 
      [
        1633134758, 
        "104512"
      ], 
      [
        1633134773, 
        "72669"
      ], 
      [
        1633134788, 
        "44648"
      ], 
      [
        1633134803, 
        "93728"
      ], 
      [
        1633134818, 
        "171873"
      ], 
      [
        1633134833, 
        "100923"
      ], 
      [
        1633134848, 
        "159093"
      ], 
      [
        1633134863, 
        "82875"
      ], 
      [
        1633134878, 
        "177206"
      ], 
      [
        1633134893, 
        "107927"
      ], 
      [
        1633134908, 
        "99963"
      ], 
      [
        1633134923, 
        "43048"
      ], 
      [
        1633134938, 
        "103897"
      ], 
      [
        1633134953, 
        "38350"
      ], 
      [
        1633134968, 
        "76391"
      ], 
      [
        1633134983, 
        "182591"
      ], 
      [
        1633134998, 
        "189009"
      ], 
      [
        1633135013, 
        "158628"
      ], 
      [
        1633135028, 
        "103876"
      ], 
      [
        1633135043, 
        "172211"
      ]
    ]
  }, 
  "stat": {
    "dir_read_c": {
      "max": 182591.0, 
      "mean": 116167.23809523809, 
      "variance": 2263376975.800454, 
      "pvalue": 2.697811576253375e-11, 
      "min": 43048.0
    }, 
    "dir_reads": {
      "max": 3762817024.0, 
      "mean": 2343627288.3809524, 
      "variance": 9.903826200991397e+17, 
      "pvalue": 5.2653265984420065e-11, 
      "min": 780547072.0
    }, 
    "tcp_conn": {
      "max": 419.0, 
      "mean": 196.0, 
      "variance": 26278.571428571428, 
      "pvalue": 1.0192109201481083e-06, 
      "min": 2.0
    }, 
    "kvdb_bytes_read": {
      "max": 1008137.9199999999, 
      "mean": 460527.1920112382, 
      "variance": 71870608421.11775, 
      "pvalue": 6.82719061819092e-07, 
      "min": 86831.21
    }, 
    "tcp_sends": {
      "max": 701440.0, 
      "mean": 199777.52380952382, 
      "variance": 64559416707.773254, 
      "pvalue": 0.000552823940709387, 
      "min": 7168.0
    }, 
    "dir_writes": {
      "max": 365719552.0, 
      "mean": 229143210.66666666, 
      "variance": 2.7173425069083436e+16, 
      "pvalue": 0.8799708573287117, 
      "min": 101805056.0
    }, 
    "kvdb_bytes_write": {
      "max": 832118.96, 
      "mean": 234627.55820933334, 
      "variance": 98708140550.12251, 
      "pvalue": 0.590668326319243, 
      "min": 0.0
    }, 
    "dir_write_c": {
      "max": 11446.0, 
      "mean": 3188.285714285714, 
      "variance": 89619793.53741497, 
      "pvalue": 0.17112465778862793, 
      "min": 205.0
    }, 
    "peer_stats": {
      "max": 13.149999999999999, 
      "mean": 11.055555555555555, 
      "variance": 1.8302469135802468, 
      "pvalue": 6.500429995040245e-17, 
      "min": 8.85
    }, 
    "tcp_recvs": {
      "max": 11304960.0, 
      "mean": 3539382.8571428573, 
      "variance": 13858778189740.404, 
      "pvalue": 0.028800373402367522, 
      "min": 327680.0
    }
  }, 
  "dir_reads": {
    "metric": {
      "instance": "172.17.0.1:8000", 
      "hostname": "longz-experiment", 
      "pid": "31186", 
      "directory": "/data/blockchain/eth-data", 
      "job": "syscall_monitoring", 
      "application_name": "openethereum"
    }, 
    "values": [
      [
        1633134743, 
        "3230340096"
      ], 
      [
        1633134758, 
        "2155496448"
      ], 
      [
        1633134773, 
        "1394413568"
      ], 
      [
        1633134788, 
        "817460224"
      ], 
      [
        1633134803, 
        "1828008960"
      ], 
      [
        1633134818, 
        "3573238784"
      ], 
      [
        1633134833, 
        "2021344256"
      ], 
      [
        1633134848, 
        "3278765056"
      ], 
      [
        1633134863, 
        "1643625472"
      ], 
      [
        1633134878, 
        "3599152128"
      ], 
      [
        1633134893, 
        "2164982784"
      ], 
      [
        1633134908, 
        "2077840384"
      ], 
      [
        1633134923, 
        "778214400"
      ], 
      [
        1633134938, 
        "2082160640"
      ], 
      [
        1633134953, 
        "780547072"
      ], 
      [
        1633134968, 
        "1637624832"
      ], 
      [
        1633134983, 
        "3762817024"
      ], 
      [
        1633134998, 
        "3897745408"
      ], 
      [
        1633135013, 
        "3238722560"
      ], 
      [
        1633135028, 
        "1930561536"
      ], 
      [
        1633135043, 
        "3323111424"
      ]
    ]
  }, 
  "tcp_conn": {
    "metric": {}, 
    "values": [
      [
        1633134743, 
        "2"
      ], 
      [
        1633134758, 
        "233"
      ], 
      [
        1633134773, 
        "343"
      ], 
      [
        1633134788, 
        "419"
      ], 
      [
        1633134803, 
        "348"
      ], 
      [
        1633134818, 
        "3"
      ], 
      [
        1633134833, 
        "327"
      ], 
      [
        1633134848, 
        "28"
      ], 
      [
        1633134863, 
        "189"
      ], 
      [
        1633134878, 
        "61"
      ], 
      [
        1633134893, 
        "354"
      ], 
      [
        1633134908, 
        "278"
      ], 
      [
        1633134923, 
        "506"
      ], 
      [
        1633134938, 
        "274"
      ], 
      [
        1633134953, 
        "385"
      ], 
      [
        1633134968, 
        "234"
      ], 
      [
        1633134983, 
        "60"
      ], 
      [
        1633134998, 
        "13"
      ], 
      [
        1633135013, 
        "12"
      ], 
      [
        1633135028, 
        "0"
      ], 
      [
        1633135043, 
        "47"
      ]
    ]
  }, 
  "kvdb_bytes_read": {
    "metric": {
      "instance": "172.17.0.1:3033", 
      "job": "openethereum"
    }, 
    "values": [
      [
        1633134743, 
        "298618"
      ], 
      [
        1633134758, 
        "488626.2"
      ], 
      [
        1633134773, 
        "484801.7"
      ], 
      [
        1633134788, 
        "467126.9"
      ], 
      [
        1633134803, 
        "599779.8"
      ], 
      [
        1633134818, 
        "328513.5"
      ], 
      [
        1633134833, 
        "464756.6927733334"
      ], 
      [
        1633134848, 
        "424020.6"
      ], 
      [
        1633134863, 
        "534262.7"
      ], 
      [
        1633134878, 
        "260017"
      ], 
      [
        1633134893, 
        "494114.9"
      ], 
      [
        1633134908, 
        "106492"
      ], 
      [
        1633134923, 
        "89532"
      ], 
      [
        1633134938, 
        "232908.4"
      ], 
      [
        1633134953, 
        "35516.2"
      ], 
      [
        1633134968, 
        "1021244.5"
      ], 
      [
        1633134983, 
        "1007448.1"
      ], 
      [
        1633134998, 
        "653645.31888"
      ], 
      [
        1633135028, 
        "350551.02857142856"
      ], 
      [
        1633135043, 
        "868568.3"
      ]
    ]
  }, 
  "tcp_sends": {
    "metric": {},