{
  "dir_read_c": {
    "metric": {
      "instance": "172.17.0.1:8000", 
      "hostname": "longz-experiment", 
      "pid": "31186", 
      "directory": "/data/blockchain/eth-data", 
      "job": "syscall_monitoring", 
      "application_name": "openethereum", 
      "__name__": "dir_reads_total"
    }, 
    "values": [
      [
        1633134443, 
        "200179"
      ], 
      [
        1633134458, 
        "68700"
      ], 
      [
        1633134473, 
        "137920"
      ], 
      [
        1633134488, 
        "123725"
      ], 
      [
        1633134503, 
        "191372"
      ], 
      [
        1633134518, 
        "202760"
      ], 
      [
        1633134533, 
        "118540"
      ], 
      [
        1633134548, 
        "125825"
      ], 
      [
        1633134563, 
        "167434"
      ], 
      [
        1633134578, 
        "230454"
      ], 
      [
        1633134593, 
        "214088"
      ], 
      [
        1633134608, 
        "132760"
      ], 
      [
        1633134623, 
        "47108"
      ], 
      [
        1633134638, 
        "24102"
      ], 
      [
        1633134653, 
        "141089"
      ], 
      [
        1633134668, 
        "45287"
      ], 
      [
        1633134683, 
        "89488"
      ], 
      [
        1633134698, 
        "88122"
      ], 
      [
        1633134713, 
        "125673"
      ], 
      [
        1633134728, 
        "52828"
      ], 
      [
        1633134743, 
        "156094"
      ]
    ]
  }, 
  "stat": {
    "dir_read_c": {
      "max": 214088.0, 
      "mean": 127788.0, 
      "variance": 3423667095.3333335, 
      "pvalue": 2.0374171523120026e-10, 
      "min": 45287.0
    }, 
    "dir_reads": {
      "max": 4780143616.0, 
      "mean": 2745361456.7619047, 
      "variance": 1.5808893621907628e+18, 
      "pvalue": 8.66503436717469e-11, 
      "min": 949963776.0
    }, 
    "tcp_conn": {
      "max": 368.0, 
      "mean": 90.14285714285714, 
      "variance": 15078.122448979595, 
      "pvalue": 2.1838507468958384e-06, 
      "min": 2.0
    }, 
    "kvdb_bytes_read": {
      "max": 1040502.1899999998, 
      "mean": 510792.9231522808, 
      "variance": 98272918314.15923, 
      "pvalue": 1.7797608976093727e-05, 
      "min": 92543.335752
    }, 
    "tcp_sends": {
      "max": 1850368.0, 
      "mean": 289450.6666666667, 
      "variance": 274936660488.1269, 
      "pvalue": 0.001071382406384298, 
      "min": 14336.0
    }, 
    "dir_writes": {
      "max": 417819648.0, 
      "mean": 272927792.7619048, 
      "variance": 1.2354421903961492e+16, 
      "pvalue": 0.00016471479244986568, 
      "min": 190881792.0
    }, 
    "kvdb_bytes_write": {
      "max": 3020667.5786639885, 
      "mean": 1021729.9805010528, 
      "variance": 3352809160644.89, 
      "pvalue": 0.406213322220684, 
      "min": 0.0
    }, 
    "dir_write_c": {
      "max": 4795.0, 
      "mean": 3301.095238095238, 
      "variance": 103947664.37188208, 
      "pvalue": 0.360904135408295, 
      "min": 205.0
    }, 
    "peer_stats": {
      "max": 15.449999999999996, 
      "mean": 10.222222222222221, 
      "variance": 10.839506172839512, 
      "pvalue": 1.3969704779582858e-16, 
      "min": 7.0
    }, 
    "tcp_recvs": {
      "max": 6704128.0, 
      "mean": 2352615.619047619, 
      "variance": 4887905528676.427, 
      "pvalue": 0.5218247022725673, 
      "min": 348160.0
    }
  }, 
  "dir_reads": {
    "metric": {
      "instance": "172.17.0.1:8000", 
      "hostname": "longz-experiment", 
      "pid": "31186", 
      "directory": "/data/blockchain/eth-data", 
      "job": "syscall_monitoring", 
      "application_name": "openethereum"
    }, 
    "values": [
      [
        1633134443, 
        "4042441728"
      ], 
      [
        1633134458, 
        "1289016320"
      ], 
      [
        1633134473, 
        "2751940608"
      ], 
      [
        1633134488, 
        "2469097472"
      ], 
      [
        1633134503, 
        "3799058432"
      ], 
      [
        1633134518, 
        "4421619712"
      ], 
      [
        1633134533, 
        "2712425472"
      ], 
      [
        1633134548, 
        "2740952064"
      ], 
      [
        1633134563, 
        "3641229312"
      ], 
      [
        1633134578, 
        "5098030080"
      ], 
      [
        1633134593, 
        "4780143616"
      ], 
      [
        1633134608, 
        "2836981760"
      ], 
      [
        1633134623, 
        "949963776"
      ], 
      [
        1633134638, 
        "528735232"
      ], 
      [
        1633134653, 
        "3092274176"
      ], 
      [
        1633134668, 
        "1104339968"
      ], 
      [
        1633134683, 
        "2228488192"
      ], 
      [
        1633134698, 
        "1986110464"
      ], 
      [
        1633134713, 
        "2895169536"
      ], 
      [
        1633134728, 
        "1054232576"
      ], 
      [
        1633134743, 
        "3230340096"
      ]
    ]
  }, 
  "tcp_conn": {
    "metric": {}, 
    "values": [
      [
        1633134443, 
        "2"
      ], 
      [
        1633134458, 
        "368"
      ], 
      [
        1633134473, 
        "87"
      ], 
      [
        1633134488, 
        "4"
      ], 
      [
        1633134503, 
        "4"
      ], 
      [
        1633134518, 
        "1"
      ], 
      [
        1633134533, 
        "80"
      ], 
      [
        1633134548, 
        "13"
      ], 
      [
        1633134563, 
        "17"
      ], 
      [
        1633134578, 
        "5"
      ], 
      [
        1633134593, 
        "6"
      ], 
      [
        1633134608, 
        "8"
      ], 
      [
        1633134623, 
        "17"
      ], 
      [
        1633134638, 
        "102"
      ], 
      [
        1633134653, 
        "111"
      ], 
      [
        1633134668, 
        "334"
      ], 
      [
        1633134683, 
        "13"
      ], 
      [
        1633134698, 
        "180"
      ], 
      [
        1633134713, 
        "158"
      ], 
      [
        1633134728, 
        "381"
      ], 
      [
        1633134743, 
        "2"
      ]
    ]
  }, 
  "kvdb_bytes_read": {
    "metric": {
      "instance": "172.17.0.1:3033", 
      "job": "openethereum"
    }, 
    "values": [
      [
        1633134443, 
        "442937.4"
      ], 
      [
        1633134458, 
        "395020.14576"
      ], 
      [
        1633134488, 
        "169791.89176"
      ], 
      [
        1633134503, 
        "1033340.4"
      ], 
      [
        1633134518, 
        "599703.3"
      ], 
      [
        1633134533, 
        "423954.0448533334"
      ], 
      [
        1633134548, 
        "553887.5"
      ], 
      [
        1633134563, 
        "1104958.3"
      ], 
      [
        1633134578, 
        "888613.5"
      ], 
      [
        1633134593, 
        "844608.7"
      ], 
      [
        1633134608, 
        "15905.057519999998"
      ], 
      [
        1633134623, 
        "113400.3"
      ], 
      [
        1633134638, 
        "727050.3"
      ], 
      [
        1633134653, 
        "101058.7"
      ], 
      [
        1633134683, 
        "597856.5"
      ], 
      [
        1633134698, 
        "370221.3"
      ], 
      [
        1633134713, 
        "242369.4"
      ], 
      [
        1633134728, 
        "781770.8"
      ], 
      [
        1633134743, 
        "298618"
      ]
    ]
  }, 
  "tcp_sends": {
    "metric": {},