{
  "dir_read_c": {
    "metric": {
      "instance": "172.17.0.1:8000", 
      "hostname": "longz-experiment", 
      "pid": "31186", 
      "directory": "/data/blockchain/eth-data", 
      "job": "syscall_monitoring", 
      "application_name": "openethereum", 
      "__name__": "dir_reads_total"
    }, 
    "values": [
      [
        1633135647, 
        "72382"
      ], 
      [
        1633135662, 
        "80693"
      ], 
      [
        1633135677, 
        "84037"
      ], 
      [
        1633135692, 
        "109361"
      ], 
      [
        1633135707, 
        "107777"
      ], 
      [
        1633135722, 
        "120873"
      ], 
      [
        1633135737, 
        "35587"
      ], 
      [
        1633135752, 
        "98039"
      ], 
      [
        1633135767, 
        "154430"
      ], 
      [
        1633135782, 
        "101828"
      ], 
      [
        1633135797, 
        "31200"
      ], 
      [
        1633135812, 
        "41815"
      ], 
      [
        1633135827, 
        "111198"
      ], 
      [
        1633135842, 
        "187244"
      ], 
      [
        1633135857, 
        "87911"
      ], 
      [
        1633135872, 
        "176988"
      ], 
      [
        1633135887, 
        "236238"
      ], 
      [
        1633135902, 
        "174041"
      ], 
      [
        1633135917, 
        "153230"
      ], 
      [
        1633135932, 
        "138954"
      ], 
      [
        1633135947, 
        "216770"
      ]
    ]
  }, 
  "stat": {
    "dir_read_c": {
      "max": 216770.0, 
      "mean": 120028.38095238095, 
      "variance": 3077485554.807256, 
      "pvalue": 3.3630788729230324e-11, 
      "min": 35587.0
    }, 
    "dir_reads": {
      "max": 4173754368.0, 
      "mean": 2375295219.8095236, 
      "variance": 1.231208279485039e+18, 
      "pvalue": 6.476989460033402e-11, 
      "min": 699329536.0
    }, 
    "tcp_conn": {
      "max": 509.0, 
      "mean": 141.85714285714286, 
      "variance": 27245.93197278912, 
      "pvalue": 2.5453115777831067e-05, 
      "min": 4.0
    }, 
    "kvdb_bytes_read": {
      "max": 703727.1449999998, 
      "mean": 415409.39010666666, 
      "variance": 46615235821.81726, 
      "pvalue": 6.24595237356114e-05, 
      "min": 84903.197084
    }, 
    "tcp_sends": {
      "max": 218112.0, 
      "mean": 65145.90476190476, 
      "variance": 4635851982.657595, 
      "pvalue": 9.078081990810434e-08, 
      "min": 14336.0
    }, 
    "dir_writes": {
      "max": 299011072.0, 
      "mean": 205858133.33333334, 
      "variance": 1950443653595656.0, 
      "pvalue": 0.22396413203001206, 
      "min": 159148032.0
    }, 
    "kvdb_bytes_write": {
      "max": 978924.7978639973, 
      "mean": 320844.39365333336, 
      "variance": 349186894124.0389, 
      "pvalue": 0.8317603309577752, 
      "min": 0.0
    }, 
    "dir_write_c": {
      "max": 3525.0, 
      "mean": 2739.2380952380954, 
      "variance": 87056371.80045354, 
      "pvalue": 0.8866403245458785, 
      "min": 178.0
    }, 
    "peer_stats": {
      "max": 7.299999999999999, 
      "mean": 4.0, 
      "variance": 4.933333333333334, 
      "pvalue": 2.6453656422008258e-14, 
      "min": 1.0
    }, 
    "tcp_recvs": {
      "max": 10101760.0, 
      "mean": 2481005.714285714, 
      "variance": 13660280427526.96, 
      "pvalue": 0.0025380487661384055, 
      "min": 15360.0
    }
  }, 
  "dir_reads": {
    "metric": {
      "instance": "172.17.0.1:8000", 
      "hostname": "longz-experiment", 
      "pid": "31186", 
      "directory": "/data/blockchain/eth-data", 
      "job": "syscall_monitoring", 
      "application_name": "openethereum"
    }, 
    "values": [
      [
        1633135647, 
        "1438655488"
      ], 
      [
        1633135662, 
        "1593737216"
      ], 
      [
        1633135677, 
        "1662954496"
      ], 
      [
        1633135692, 
        "2155909120"
      ], 
      [
        1633135707, 
        "2146173952"
      ], 
      [
        1633135722, 
        "2405209088"
      ], 
      [
        1633135737, 
        "699329536"
      ], 
      [
        1633135752, 
        "1925683200"
      ], 
      [
        1633135767, 
        "3033669632"
      ], 
      [
        1633135782, 
        "2002799616"
      ], 
      [
        1633135797, 
        "604259328"
      ], 
      [
        1633135812, 
        "779257856"
      ], 
      [
        1633135827, 
        "2126628864"
      ], 
      [
        1633135842, 
        "3597847552"
      ], 
      [
        1633135857, 
        "1658018816"
      ], 
      [
        1633135872, 
        "3452077056"
      ], 
      [
        1633135887, 
        "4682550272"
      ], 
      [
        1633135902, 
        "3774232576"
      ], 
      [
        1633135917, 
        "3030363136"
      ], 
      [
        1633135932, 
        "2938088448"
      ], 
      [
        1633135947, 
        "4173754368"
      ]
    ]
  }, 
  "tcp_conn": {
    "metric": {}, 
    "values": [
      [
        1633135647, 
        "215"
      ], 
      [
        1633135662, 
        "87"
      ], 
      [
        1633135677, 
        "90"
      ], 
      [
        1633135692, 
        "102"
      ], 
      [
        1633135707, 
        "101"
      ], 
      [
        1633135722, 
        "173"
      ], 
      [
        1633135737, 
        "560"
      ], 
      [
        1633135752, 
        "40"
      ], 
      [
        1633135767, 
        "33"
      ], 
      [
        1633135782, 
        "246"
      ], 
      [
        1633135797, 
        "410"
      ], 
      [
        1633135812, 
        "509"
      ], 
      [
        1633135827, 
        "66"
      ], 
      [
        1633135842, 
        "6"
      ], 
      [
        1633135857, 
        "269"
      ], 
      [
        1633135872, 
        "4"
      ], 
      [
        1633135887, 
        "34"
      ], 
      [
        1633135902, 
        "18"
      ], 
      [
        1633135917, 
        "3"
      ], 
      [
        1633135932, 
        "6"
      ], 
      [
        1633135947, 
        "7"
      ]
    ]
  }, 
  "kvdb_bytes_read": {
    "metric": {
      "instance": "172.17.0.1:3033", 
      "job": "openethereum"
    }, 
    "values": [
      [
        1633135662, 
        "416220.4"
      ], 
      [
        1633135692, 
        "71600.68056000001"
      ], 
      [
        1633135707, 
        "474206.5"
      ], 
      [
        1633135722, 
        "125411.6"
      ], 
      [
        1633135737, 
        "495293.4"
      ], 
      [
        1633135752, 
        "335154.73536"
      ], 
      [
        1633135767, 
        "349473.7"
      ], 
      [
        1633135782, 
        "124434.1"
      ], 
      [
        1633135797, 
        "87250.7"
      ], 
      [
        1633135812, 
        "494381.7"
      ], 
      [
        1633135827, 
        "807009.2"
      ], 
      [
        1633135842, 
        "189787.8"
      ], 
      [
        1633135857, 
        "657717.6"
      ], 
      [
        1633135872, 
        "647898.3"
      ], 
      [
        1633135887, 
        "494390.4182400001"
      ], 
      [
        1633135902, 
        "685500.9"
      ], 
      [
        1633135932, 
        "550435.7877600001"
      ], 
      [
        1633135947, 
        "471201.5"
      ]
    ]
  }, 
  "tcp_sends": {
    "metric": {},