{
  "dir_read_c": {
    "metric": {
      "instance": "172.17.0.1:8000", 
      "hostname": "longz-experiment", 
      "pid": "31186", 
      "directory": "/data/blockchain/eth-data", 
      "job": "syscall_monitoring", 
      "application_name": "openethereum", 
      "__name__": "dir_reads_total"
    }, 
    "values": [
      [
        1633135344, 
        "99813"
      ], 
      [
        1633135359, 
        "91750"
      ], 
      [
        1633135374, 
        "30020"
      ], 
      [
        1633135389, 
        "152682"
      ], 
      [
        1633135404, 
        "176966"
      ], 
      [
        1633135419, 
        "166250"
      ], 
      [
        1633135434, 
        "65901"
      ], 
      [
        1633135449, 
        "203422"
      ], 
      [
        1633135464, 
        "124955"
      ], 
      [
        1633135479, 
        "165953"
      ], 
      [
        1633135494, 
        "201645"
      ], 
      [
        1633135509, 
        "229317"
      ], 
      [
        1633135524, 
        "229308"
      ], 
      [
        1633135539, 
        "243534"
      ], 
      [
        1633135554, 
        "143672"
      ], 
      [
        1633135569, 
        "165597"
      ], 
      [
        1633135584, 
        "204935"
      ], 
      [
        1633135599, 
        "132109"
      ], 
      [
        1633135614, 
        "63321"
      ], 
      [
        1633135629, 
        "67191"
      ], 
      [
        1633135644, 
        "72382"
      ]
    ]
  }, 
  "stat": {
    "dir_read_c": {
      "max": 229317.0, 
      "mean": 144320.14285714287, 
      "variance": 3783304310.789115, 
      "pvalue": 3.680131580024112e-12, 
      "min": 63321.0
    }, 
    "dir_reads": {
      "max": 4593158144.0, 
      "mean": 2848376003.047619, 
      "variance": 1.5177747387511754e+18, 
      "pvalue": 5.186923778332129e-12, 
      "min": 1269926912.0
    }, 
    "tcp_conn": {
      "max": 274.0, 
      "mean": 80.04761904761905, 
      "variance": 11526.426303854878, 
      "pvalue": 0.006187734300443568, 
      "min": 3.0
    }, 
    "kvdb_bytes_read": {
      "max": 954197.78, 
      "mean": 576333.3083341266, 
      "variance": 97124508051.65176, 
      "pvalue": 1.9712740710666917e-07, 
      "min": 72084.15718133334
    }, 
    "tcp_sends": {
      "max": 168960.0, 
      "mean": 67974.09523809524, 
      "variance": 5725372378.848073, 
      "pvalue": 4.3957867497373706e-08, 
      "min": 21504.0
    }, 
    "dir_writes": {
      "max": 586927104.0, 
      "mean": 288271067.4285714, 
      "variance": 2.445486407999744e+16, 
      "pvalue": 0.0004444939059055673, 
      "min": 64331776.0
    }, 
    "kvdb_bytes_write": {
      "max": 3907952.094783998, 
      "mean": 547013.269271579, 
      "variance": 1633789986650.4133, 
      "pvalue": 0.2501335386704011, 
      "min": 0.0
    }, 
    "dir_write_c": {
      "max": 9777.0, 
      "mean": 3821.0476190476193, 
      "variance": 91680457.28344673, 
      "pvalue": 0.8202992433827638, 
      "min": 194.0
    }, 
    "peer_stats": {
      "max": 7.050000000000001, 
      "mean": 4.8, 
      "variance": 2.660000000000001, 
      "pvalue": 1.2127697463551752e-18, 
      "min": 3.0
    }, 
    "tcp_recvs": {
      "max": 1718272.0, 
      "mean": 458166.85714285716, 
      "variance": 341538536803.26526, 
      "pvalue": 2.1003633256905014e-06, 
      "min": 24576.0
    }
  }, 
  "dir_reads": {
    "metric": {
      "instance": "172.17.0.1:8000", 
      "hostname": "longz-experiment", 
      "pid": "31186", 
      "directory": "/data/blockchain/eth-data", 
      "job": "syscall_monitoring", 
      "application_name": "openethereum"
    }, 
    "values": [
      [
        1633135344, 
        "1984258048"
      ], 
      [
        1633135359, 
        "1753711616"
      ], 
      [
        1633135374, 
        "535096320"
      ], 
      [
        1633135389, 
        "3024891904"
      ], 
      [
        1633135404, 
        "3500739584"
      ], 
      [
        1633135419, 
        "3366237184"
      ], 
      [
        1633135434, 
        "1285410816"
      ], 
      [
        1633135449, 
        "3962001408"
      ], 
      [
        1633135464, 
        "2484150272"
      ], 
      [
        1633135479, 
        "3261202432"
      ], 
      [
        1633135494, 
        "4097788928"
      ], 
      [
        1633135509, 
        "4544990208"
      ], 
      [
        1633135524, 
        "4593158144"
      ], 
      [
        1633135539, 
        "4866575360"
      ], 
      [
        1633135554, 
        "2774648832"
      ], 
      [
        1633135569, 
        "3193513984"
      ], 
      [
        1633135584, 
        "3991527424"
      ], 
      [
        1633135599, 
        "2560975872"
      ], 
      [
        1633135614, 
        "1269926912"
      ], 
      [
        1633135629, 
        "1326435328"
      ], 
      [
        1633135644, 
        "1438655488"
      ]
    ]
  }, 
  "tcp_conn": {
    "metric": {}, 
    "values": [
      [
        1633135344, 
        "20"
      ], 
      [
        1633135359, 
        "67"
      ], 
      [
        1633135374, 
        "448"
      ], 
      [
        1633135389, 
        "136"
      ], 
      [
        1633135404, 
        "51"
      ], 
      [
        1633135419, 
        "3"
      ], 
      [
        1633135434, 
        "3"
      ], 
      [
        1633135449, 
        "12"
      ], 
      [
        1633135464, 
        "35"
      ], 
      [
        1633135479, 
        "19"
      ], 
      [
        1633135494, 
        "8"
      ], 
      [
        1633135509, 
        "5"
      ], 
      [
        1633135524, 
        "4"
      ], 
      [
        1633135539, 
        "35"
      ], 
      [
        1633135554, 
        "79"
      ], 
      [
        1633135569, 
        "66"
      ], 
      [
        1633135584, 
        "63"
      ], 
      [
        1633135599, 
        "42"
      ], 
      [
        1633135614, 
        "96"
      ], 
      [
        1633135629, 
        "274"
      ], 
      [
        1633135644, 
        "215"
      ]
    ]
  }, 
  "kvdb_bytes_read": {
    "metric": {
      "instance": "172.17.0.1:3033", 
      "job": "openethereum"
    }, 
    "values": [
      [
        1633135344, 
        "498850.6"
      ], 
      [
        1633135359, 
        "72695.6"
      ], 
      [
        1633135374, 
        "557262.6"
      ], 
      [
        1633135389, 
        "887303.1"
      ], 
      [
        1633135404, 
        "886829.1"
      ], 
      [
        1633135434, 
        "302865.2185866667"
      ], 
      [
        1633135449, 
        "793170.7"
      ], 
      [
        1633135464, 
        "319646.09176000004"
      ], 
      [
        1633135494, 
        "834674.0949884038"
      ], 
      [
        1633135509, 
        "964368.5"
      ], 
      [
        1633135524, 
        "953067.7"
      ], 
      [
        1633135539, 
        "699589.6"
      ], 
      [
        1633135554, 
        "764874.8"
      ], 
      [
        1633135569, 
        "801833.6"
      ], 
      [
        1633135584, 
        "809755.5"
      ], 
      [
        1633135599, 
        "504973.3"
      ], 
      [
        1633135614, 
        "100684.2"
      ], 
      [
        1633135629, 
        "131307.3812"
      ], 
      [
        1633135644, 
        "66581.17181333333"
      ]
    ]
  }, 
  "tcp_sends": {
    "metric": {},