{
  "stat": {
    "max": 44.0, 
    "mean": 42.476190476190474, 
    "variance": 0.439909297052154, 
    "min": 42.0
  }, 
  "values": [
    [
      1627483185, 
      44
    ], 
    [
      1627483200, 
      43
    ], 
    [
      1627483215, 
      42
    ], 
    [
      1627483230, 
      42
    ], 
    [
      1627483245, 
      42.5
    ], 
    [
      1627483260, 
      42
    ], 
    [
      1627483275, 
      42
    ], 
    [
      1627483290, 
      42
    ], 
    [
      1627483305, 
      43.5
    ], 
    [
      1627483320, 
      44
    ], 
    [
      1627483335, 
      42.5
    ], 
    [
      1627483350, 
      42
    ], 
    [
      1627483365, 
      43.5
    ], 
    [
      1627483380, 
      43
    ], 
    [
      1627483395, 
      43.5
    ], 
    [
      1627483410, 
      42
    ], 
    [
      1627483425, 
      42.5
    ], 
    [
      1627483440, 
      42
    ], 
    [
      1627483455, 
      42
    ], 
    [
      1627483470, 
      43
    ], 
    [
      1627483485, 
      42
    ]
  ], 
  "name": "geth.p2p/peers.gauge", 
  "columns": [
    "time", 
    "median"
  ]
}