{
  "stat": {
    "max": 41.10000000000001, 
    "mean": 39.45, 
    "variance": 1.5475000000000003, 
    "min": 38.0
  }, 
  "values": [
    [
      1622764335, 
      38
    ], 
    [
      1622764350, 
      38
    ], 
    [
      1622764365, 
      38
    ], 
    [
      1622764380, 
      38
    ], 
    [
      1622764395, 
      38
    ], 
    [
      1622764410, 
      38
    ], 
    [
      1622764425, 
      40
    ], 
    [
      1622764440, 
      39.5
    ], 
    [
      1622764455, 
      40
    ], 
    [
      1622764470, 
      40
    ], 
    [
      1622764485, 
      39
    ], 
    [
      1622764500, 
      39.5
    ], 
    [
      1622764515, 
      43
    ], 
    [
      1622764530, 
      40
    ], 
    [
      1622764545, 
      40
    ], 
    [
      1622764560, 
      40
    ], 
    [
      1622764575, 
      40
    ], 
    [
      1622764590, 
      40
    ], 
    [
      1622764605, 
      41
    ], 
    [
      1622764620, 
      40
    ]
  ], 
  "name": "geth.p2p/peers.gauge", 
  "columns": [
    "time", 
    "median"
  ]
}