{
  "stat": {
    "max": 45.050000000000004, 
    "mean": 43.55, 
    "variance": 0.7474999999999998, 
    "min": 42.949999999999996
  }, 
  "values": [
    [
      1627483560, 
      43
    ], 
    [
      1627483575, 
      43.5
    ], 
    [
      1627483590, 
      43
    ], 
    [
      1627483605, 
      42.5
    ], 
    [
      1627483620, 
      43
    ], 
    [
      1627483635, 
      44
    ], 
    [
      1627483650, 
      43
    ], 
    [
      1627483665, 
      43.5
    ], 
    [
      1627483680, 
      43
    ], 
    [
      1627483695, 
      43
    ], 
    [
      1627483710, 
      46
    ], 
    [
      1627483725, 
      44
    ], 
    [
      1627483740, 
      43
    ], 
    [
      1627483755, 
      44.5
    ], 
    [
      1627483770, 
      44
    ], 
    [
      1627483785, 
      44
    ], 
    [
      1627483800, 
      44
    ], 
    [
      1627483815, 
      45
    ], 
    [
      1627483830, 
      43
    ], 
    [
      1627483845, 
      44
    ]
  ], 
  "name": "geth.p2p/peers.gauge", 
  "columns": [
    "time", 
    "median"
  ]
}