{
  "dir_read_c": {
    "metric": {
      "instance": "172.17.0.1:8000", 
      "hostname": "longz-experiment", 
      "pid": "30493", 
      "directory": "/data/blockchain/eth-data", 
      "job": "syscall_monitoring", 
      "application_name": "openethereum", 
      "__name__": "dir_reads_total"
    }, 
    "values": [
      [
        1633132613, 
        "31256"
      ], 
      [
        1633132628, 
        "49002"
      ], 
      [
        1633132643, 
        "87306"
      ], 
      [
        1633132658, 
        "63196"
      ], 
      [
        1633132673, 
        "41873"
      ], 
      [
        1633132688, 
        "41341"
      ], 
      [
        1633132703, 
        "64049"
      ], 
      [
        1633132718, 
        "53655"
      ], 
      [
        1633132733, 
        "17745"
      ], 
      [
        1633132748, 
        "15586"
      ], 
      [
        1633132763, 
        "17779"
      ], 
      [
        1633132778, 
        "7420"
      ], 
      [
        1633132793, 
        "18979"
      ], 
      [
        1633132808, 
        "17064"
      ], 
      [
        1633132823, 
        "10774"
      ], 
      [
        1633132838, 
        "11971"
      ], 
      [
        1633132853, 
        "20269"
      ], 
      [
        1633132868, 
        "19697"
      ], 
      [
        1633132883, 
        "26344"
      ], 
      [
        1633132898, 
        "22061"
      ], 
      [
        1633132913, 
        "30209"
      ]
    ]
  }, 
  "stat": {
    "dir_read_c": {
      "max": 64049.0, 
      "mean": 31789.333333333332, 
      "variance": 426084545.84126973, 
      "pvalue": 0.003008214470903496, 
      "min": 10774.0
    }, 
    "dir_reads": {
      "max": 1369168896.0, 
      "mean": 627310348.1904762, 
      "variance": 1.528864006879531e+17, 
      "pvalue": 0.004198254485522808, 
      "min": 262835200.0
    }, 
    "tcp_conn": {
      "max": 460.0, 
      "mean": 328.7142857142857, 
      "variance": 21541.061224489793, 
      "pvalue": 8.846386663365336e-15, 
      "min": 58.0
    }, 
    "kvdb_bytes_read": {
      "max": 306788.97999999975, 
      "mean": 109511.36315789477, 
      "variance": 12008492129.785484, 
      "pvalue": 0.04219999923387597, 
      "min": 0.0
    }, 
    "tcp_sends": {
      "max": 2082816.0, 
      "mean": 301543.61904761905, 
      "variance": 430987067577.75964, 
      "pvalue": 8.360391246553053e-06, 
      "min": 41984.0
    }, 
    "dir_writes": {
      "max": 390521856.0, 
      "mean": 258477397.33333334, 
      "variance": 5685626300189484.0, 
      "pvalue": 0.0010024457835426947, 
      "min": 171673600.0
    }, 
    "kvdb_bytes_write": {
      "max": 5040339.439999996, 
      "mean": 1099675.8736842105, 
      "variance": 3405632670007.417, 
      "pvalue": 0.42774425686012524, 
      "min": 0.0
    }, 
    "dir_write_c": {
      "max": 6009.0, 
      "mean": 3694.4761904761904, 
      "variance": 86161883.01133783, 
      "pvalue": 0.15553390546461718, 
      "min": 218.0
    }, 
    "peer_stats": {
      "max": 18.300000000000004, 
      "mean": 6.3, 
      "variance": 33.30999999999999, 
      "pvalue": 1.6165956221877188e-16, 
      "min": 2.0
    }, 
    "tcp_recvs": {
      "max": 1065984.0, 
      "mean": 215332.57142857142, 
      "variance": 159377873996.62585, 
      "pvalue": 1.404318038217581e-10, 
      "min": 1024.0
    }
  }, 
  "dir_reads": {
    "metric": {
      "instance": "172.17.0.1:8000", 
      "hostname": "longz-experiment", 
      "pid": "30493", 
      "directory": "/data/blockchain/eth-data", 
      "job": "syscall_monitoring", 
      "application_name": "openethereum"
    }, 
    "values": [
      [
        1633132613, 
        "637392896"
      ], 
      [
        1633132628, 
        "969384960"
      ], 
      [
        1633132643, 
        "1709606912"
      ], 
      [
        1633132658, 
        "1140072448"
      ], 
      [
        1633132673, 
        "742093824"
      ], 
      [
        1633132688, 
        "738217984"
      ], 
      [
        1633132703, 
        "1369168896"
      ], 
      [
        1633132718, 
        "955104256"
      ], 
      [
        1633132733, 
        "225124352"
      ], 
      [
        1633132748, 
        "290993152"
      ], 
      [
        1633132763, 
        "368677888"
      ], 
      [
        1633132778, 
        "270912512"
      ], 
      [
        1633132793, 
        "364392448"
      ], 
      [
        1633132808, 
        "389005312"
      ], 
      [
        1633132823, 
        "262835200"
      ], 
      [
        1633132838, 
        "271746048"
      ], 
      [
        1633132853, 
        "419320832"
      ], 
      [
        1633132868, 
        "414801920"
      ], 
      [
        1633132883, 
        "540870656"
      ], 
      [
        1633132898, 
        "465816576"
      ], 
      [
        1633132913, 
        "627978240"
      ]
    ]
  }, 
  "tcp_conn": {
    "metric": {}, 
    "values": [
      [
        1633132613, 
        "469"
      ], 
      [
        1633132628, 
        "93"
      ], 
      [
        1633132643, 
        "58"
      ], 
      [
        1633132658, 
        "459"
      ], 
      [
        1633132673, 
        "278"
      ], 
      [
        1633132688, 
        "310"
      ], 
      [
        1633132703, 
        "81"
      ], 
      [
        1633132718, 
        "5"
      ], 
      [
        1633132733, 
        "370"
      ], 
      [
        1633132748, 
        "452"
      ], 
      [
        1633132763, 
        "404"
      ], 
      [
        1633132778, 
        "432"
      ], 
      [
        1633132793, 
        "418"
      ], 
      [
        1633132808, 
        "460"
      ], 
      [
        1633132823, 
        "190"
      ], 
      [
        1633132838, 
        "336"
      ], 
      [
        1633132853, 
        "418"
      ], 
      [
        1633132868, 
        "431"
      ], 
      [
        1633132883, 
        "407"
      ], 
      [
        1633132898, 
        "405"
      ], 
      [
        1633132913, 
        "427"
      ]
    ]
  }, 
  "kvdb_bytes_read": {
    "metric": {
      "instance": "172.17.0.1:3033", 
      "job": "openethereum"
    }, 
    "values": [
      [
        1633132613, 
        "217308.2"
      ], 
      [
        1633132628, 
        "296441.3"
      ], 
      [
        1633132643, 
        "399918.1"
      ], 
      [
        1633132658, 
        "136656.8"
      ], 
      [
        1633132673, 
        "148903"
      ], 
      [
        1633132718, 
        "0"
      ], 
      [
        1633132733, 
        "12047.1"
      ], 
      [
        1633132748, 
        "224538.6"
      ], 
      [
        1633132763, 
        "41664.3"
      ], 
      [
        1633132778, 
        "61.8"
      ], 
      [
        1633132793, 
        "3.3"
      ], 
      [
        1633132808, 
        "10"
      ], 
      [
        1633132823, 
        "0"
      ], 
      [
        1633132838, 
        "63530.8"
      ], 
      [
        1633132853, 
        "59842.1"
      ], 
      [
        1633132868, 
        "148860.6"
      ], 
      [
        1633132883, 
        "85115.6"
      ], 
      [
        1633132898, 
        "140358"
      ], 
      [
        1633132913, 
        "105456.3"
      ]
    ]
  }, 
  "tcp_sends": {
    "metric": {},