{
  "dir_read_c": {
    "metric": {
      "instance": "172.17.0.1:8000", 
      "hostname": "longz-experiment", 
      "pid": "30493", 
      "directory": "/data/blockchain/eth-data", 
      "job": "syscall_monitoring", 
      "application_name": "openethereum", 
      "__name__": "dir_reads_total"
    }, 
    "values": [
      [
        1633132313, 
        "18338"
      ], 
      [
        1633132328, 
        "28829"
      ], 
      [
        1633132343, 
        "26725"
      ], 
      [
        1633132358, 
        "26321"
      ], 
      [
        1633132373, 
        "67203"
      ], 
      [
        1633132388, 
        "41011"
      ], 
      [
        1633132403, 
        "42678"
      ], 
      [
        1633132418, 
        "100315"
      ], 
      [
        1633132433, 
        "157821"
      ], 
      [
        1633132448, 
        "103966"
      ], 
      [
        1633132463, 
        "72234"
      ], 
      [
        1633132478, 
        "25280"
      ], 
      [
        1633132493, 
        "28506"
      ], 
      [
        1633132508, 
        "30487"
      ], 
      [
        1633132523, 
        "33673"
      ], 
      [
        1633132538, 
        "28062"
      ], 
      [
        1633132553, 
        "23431"
      ], 
      [
        1633132568, 
        "29874"
      ], 
      [
        1633132583, 
        "32383"
      ], 
      [
        1633132598, 
        "46447"
      ], 
      [
        1633132613, 
        "31256"
      ]
    ]
  }, 
  "stat": {
    "dir_read_c": {
      "max": 103966.0, 
      "mean": 47373.333333333336, 
      "variance": 1161390164.6984122, 
      "pvalue": 0.7160384743329622, 
      "min": 23431.0
    }, 
    "dir_reads": {
      "max": 2102110208.0, 
      "mean": 927415637.3333334, 
      "variance": 4.5984022114944256e+17, 
      "pvalue": 0.7169642529147315, 
      "min": 415493120.0
    }, 
    "tcp_conn": {
      "max": 367.0, 
      "mean": 126.19047619047619, 
      "variance": 12813.58276643991, 
      "pvalue": 4.386094236519344e-08, 
      "min": 9.0
    }, 
    "kvdb_bytes_read": {
      "max": 649684.7850000001, 
      "mean": 211576.96638765122, 
      "variance": 40709048895.127144, 
      "pvalue": 0.6671484525353685, 
      "min": 43298.65638765118
    }, 
    "tcp_sends": {
      "max": 848896.0, 
      "mean": 331142.09523809527, 
      "variance": 177386151508.75287, 
      "pvalue": 0.010581986558210969, 
      "min": 22528.0
    }, 
    "dir_writes": {
      "max": 290932736.0, 
      "mean": 212426118.0952381, 
      "variance": 7545103995668736.0, 
      "pvalue": 0.4783002480672571, 
      "min": 152168448.0
    }, 
    "kvdb_bytes_write": {
      "max": 2741000.835000005, 
      "mean": 793806.1061012093, 
      "variance": 4358666481842.043, 
      "pvalue": 0.999785454176616, 
      "min": 0.0
    }, 
    "dir_write_c": {
      "max": 6042.0, 
      "mean": 2646.3333333333335, 
      "variance": 66808538.6031746, 
      "pvalue": 0.49999641845095194, 
      "min": 174.0
    }, 
    "peer_stats": {
      "max": 26.05, 
      "mean": 23.45, 
      "variance": 1.8475000000000001, 
      "pvalue": 2.1991951283966e-09, 
      "min": 22.0
    }, 
    "tcp_recvs": {
      "max": 15932416.0, 
      "mean": 6670726.095238095, 
      "variance": 35356311037817.33, 
      "pvalue": 0.0019053315446999023, 
      "min": 638976.0
    }
  }, 
  "dir_reads": {
    "metric": {
      "instance": "172.17.0.1:8000", 
      "hostname": "longz-experiment", 
      "pid": "30493", 
      "directory": "/data/blockchain/eth-data", 
      "job": "syscall_monitoring", 
      "application_name": "openethereum"
    }, 
    "values": [
      [
        1633132313, 
        "384278528"
      ], 
      [
        1633132328, 
        "594442240"
      ], 
      [
        1633132343, 
        "545363968"
      ], 
      [
        1633132358, 
        "538592256"
      ], 
      [
        1633132373, 
        "1360746496"
      ], 
      [
        1633132388, 
        "813561856"
      ], 
      [
        1633132403, 
        "848497664"
      ], 
      [
        1633132418, 
        "2021270528"
      ], 
      [
        1633132433, 
        "3076170752"
      ], 
      [
        1633132448, 
        "2102110208"
      ], 
      [
        1633132463, 
        "1362577408"
      ], 
      [
        1633132478, 
        "495586304"
      ], 
      [
        1633132493, 
        "508567552"
      ], 
      [
        1633132508, 
        "550980608"
      ], 
      [
        1633132523, 
        "607138816"
      ], 
      [
        1633132538, 
        "498477056"
      ], 
      [
        1633132553, 
        "415493120"
      ], 
      [
        1633132568, 
        "544416768"
      ], 
      [
        1633132583, 
        "643380224"
      ], 
      [
        1633132598, 
        "926683136"
      ], 
      [
        1633132613, 
        "637392896"
      ]
    ]
  }, 
  "tcp_conn": {
    "metric": {}, 
    "values": [
      [
        1633132313, 
        "85"
      ], 
      [
        1633132328, 
        "85"
      ], 
      [
        1633132343, 
        "82"
      ], 
      [
        1633132358, 
        "62"
      ], 
      [
        1633132373, 
        "9"
      ], 
      [
        1633132388, 
        "125"
      ], 
      [
        1633132403, 
        "149"
      ], 
      [
        1633132418, 
        "150"
      ], 
      [
        1633132433, 
        "45"
      ], 
      [
        1633132448, 
        "1"
      ], 
      [
        1633132463, 
        "26"
      ], 
      [
        1633132478, 
        "367"
      ], 
      [
        1633132493, 
        "184"
      ], 
      [
        1633132508, 
        "206"
      ], 
      [
        1633132523, 
        "95"
      ], 
      [
        1633132538, 
        "171"
      ], 
      [
        1633132553, 
        "89"
      ], 
      [
        1633132568, 
        "53"
      ], 
      [
        1633132583, 
        "9"
      ], 
      [
        1633132598, 
        "188"
      ], 
      [
        1633132613, 
        "469"
      ]
    ]
  }, 
  "kvdb_bytes_read": {
    "metric": {
      "instance": "172.17.0.1:3033", 
      "job": "openethereum"
    }, 
    "values": [
      [
        1633132313, 
        "165881.5"
      ], 
      [
        1633132328, 
        "109722.5"
      ], 
      [
        1633132343, 
        "123890.5"
      ], 
      [
        1633132358, 
        "354753.2"
      ], 
      [
        1633132373, 
        "215271"
      ], 
      [
        1633132388, 
        "151961"
      ], 
      [
        1633132403, 
        "401079.9"
      ], 
      [
        1633132418, 
        "841246.3"
      ], 
      [
        1633132433, 
        "639602.6"
      ], 
      [
        1633132448, 
        "243127.4"
      ], 
      [
        1633132463, 
        "100071.1"
      ], 
      [
        1633132478, 
        "44549.5"
      ], 
      [
        1633132493, 
        "127694.2"
      ], 
      [
        1633132508, 
        "118793.2"
      ], 
      [
        1633132523, 
        "92007.5"
      ], 
      [
        1633132538, 
        "80203.7"
      ], 
      [
        1633132553, 
        "76238.3"
      ], 
      [
        1633132583, 
        "19532.627753023546"
      ], 
      [
        1633132598, 
        "108605.1"
      ], 
      [
        1633132613, 
        "217308.2"
      ]
    ]
  }, 
  "tcp_sends": {
    "metric": {},