{
  "dir_read_c": {
    "metric": {
      "instance": "172.17.0.1:8000", 
      "hostname": "longz-experiment", 
      "pid": "30493", 
      "directory": "/data/blockchain/eth-data", 
      "job": "syscall_monitoring", 
      "application_name": "openethereum", 
      "__name__": "dir_reads_total"
    }, 
    "values": [
      [
        1633133215, 
        "126292"
      ], 
      [
        1633133230, 
        "102136"
      ], 
      [
        1633133245, 
        "103068"
      ], 
      [
        1633133260, 
        "46948"
      ], 
      [
        1633133275, 
        "31248"
      ], 
      [
        1633133290, 
        "76403"
      ], 
      [
        1633133305, 
        "50234"
      ], 
      [
        1633133320, 
        "91328"
      ], 
      [
        1633133335, 
        "121952"
      ], 
      [
        1633133350, 
        "30550"
      ], 
      [
        1633133365, 
        "62099"
      ], 
      [
        1633133380, 
        "75079"
      ], 
      [
        1633133395, 
        "68946"
      ], 
      [
        1633133410, 
        "135327"
      ], 
      [
        1633133425, 
        "149986"
      ], 
      [
        1633133440, 
        "109460"
      ], 
      [
        1633133455, 
        "65205"
      ], 
      [
        1633133470, 
        "81091"
      ], 
      [
        1633133485, 
        "168286"
      ], 
      [
        1633133500, 
        "128379"
      ], 
      [
        1633133515, 
        "131410"
      ]
    ]
  }, 
  "stat": {
    "dir_read_c": {
      "max": 149986.0, 
      "mean": 93115.57142857143, 
      "variance": 1454586722.8163264, 
      "pvalue": 5.849936442643837e-08, 
      "min": 31248.0
    }, 
    "dir_reads": {
      "max": 2881191936.0, 
      "mean": 1952603769.9047618, 
      "variance": 5.2486379531046e+17, 
      "pvalue": 2.464191289556402e-09, 
      "min": 753298432.0
    }, 
    "tcp_conn": {
      "max": 384.0, 
      "mean": 149.61904761904762, 
      "variance": 17567.95011337868, 
      "pvalue": 4.776027249403063e-07, 
      "min": 3.0
    }, 
    "kvdb_bytes_read": {
      "max": 584178.277584966, 
      "mean": 335582.00771014625, 
      "variance": 28843227288.15882, 
      "pvalue": 0.0009598828016129173, 
      "min": 84023.7
    }, 
    "tcp_sends": {
      "max": 305152.0, 
      "mean": 120539.42857142857, 
      "variance": 10139344728.816324, 
      "pvalue": 2.8206507016874267e-06, 
      "min": 28672.0
    }, 
    "dir_writes": {
      "max": 289258496.0, 
      "mean": 228575280.76190478, 
      "variance": 1815474491381820.5, 
      "pvalue": 0.008063457567532998, 
      "min": 178299904.0
    }, 
    "kvdb_bytes_write": {
      "max": 599027.6679408236, 
      "mean": 193211.98127507902, 
      "variance": 54693159834.75989, 
      "pvalue": 0.2363893154688283, 
      "min": 0.0
    }, 
    "dir_write_c": {
      "max": 2313.0, 
      "mean": 2528.5238095238096, 
      "variance": 87371398.05895694, 
      "pvalue": 0.49649505809550804, 
      "min": 216.0
    }, 
    "peer_stats": {
      "max": 15.0, 
      "mean": 6.235294117647059, 
      "variance": 25.47404844290658, 
      "pvalue": 4.793145621230278e-16, 
      "min": 1.0
    }, 
    "tcp_recvs": {
      "max": 22791168.0, 
      "mean": 4091318.8571428573, 
      "variance": 70026886888023.07, 
      "pvalue": 0.41403245152287693, 
      "min": 27648.0
    }
  }, 
  "dir_reads": {
    "metric": {
      "instance": "172.17.0.1:8000", 
      "hostname": "longz-experiment", 
      "pid": "30493", 
      "directory": "/data/blockchain/eth-data", 
      "job": "syscall_monitoring", 
      "application_name": "openethereum"
    }, 
    "values": [
      [
        1633133215, 
        "2698821632"
      ], 
      [
        1633133230, 
        "2494019584"
      ], 
      [
        1633133245, 
        "2507423744"
      ], 
      [
        1633133260, 
        "1159814144"
      ], 
      [
        1633133275, 
        "753298432"
      ], 
      [
        1633133290, 
        "1847254016"
      ], 
      [
        1633133305, 
        "1221100544"
      ], 
      [
        1633133320, 
        "2210704384"
      ], 
      [
        1633133335, 
        "2881191936"
      ], 
      [
        1633133350, 
        "635899904"
      ], 
      [
        1633133365, 
        "1488067584"
      ], 
      [
        1633133380, 
        "1746594816"
      ], 
      [
        1633133395, 
        "1341700096"
      ], 
      [
        1633133410, 
        "2627247104"
      ], 
      [
        1633133425, 
        "2823484416"
      ], 
      [
        1633133440, 
        "1996193792"
      ], 
      [
        1633133455, 
        "1135682560"
      ], 
      [
        1633133470, 
        "1457704960"
      ], 
      [
        1633133485, 
        "3126002688"
      ], 
      [
        1633133500, 
        "2381640704"
      ], 
      [
        1633133515, 
        "2470832128"
      ]
    ]
  }, 
  "tcp_conn": {
    "metric": {}, 
    "values": [
      [
        1633133215, 
        "5"
      ], 
      [
        1633133230, 
        "29"
      ], 
      [
        1633133245, 
        "4"
      ], 
      [
        1633133260, 
        "0"
      ], 
      [
        1633133275, 
        "41"
      ], 
      [
        1633133290, 
        "51"
      ], 
      [
        1633133305, 
        "125"
      ], 
      [
        1633133320, 
        "246"
      ], 
      [
        1633133335, 
        "108"
      ], 
      [
        1633133350, 
        "476"
      ], 
      [
        1633133365, 
        "310"
      ], 
      [
        1633133380, 
        "203"
      ], 
      [
        1633133395, 
        "265"
      ], 
      [
        1633133410, 
        "3"
      ], 
      [
        1633133425, 
        "56"
      ], 
      [
        1633133440, 
        "106"
      ], 
      [
        1633133455, 
        "384"
      ], 
      [
        1633133470, 
        "264"
      ], 
      [
        1633133485, 
        "85"
      ], 
      [
        1633133500, 
        "208"
      ], 
      [
        1633133515, 
        "173"
      ]
    ]
  }, 
  "kvdb_bytes_read": {
    "metric": {
      "instance": "172.17.0.1:3033", 
      "job": "openethereum"
    }, 
    "values": [
      [
        1633133215, 
        "434747.6"
      ], 
      [
        1633133275, 
        "428450.7"
      ], 
      [
        1633133290, 
        "89113.7"
      ], 
      [
        1633133305, 
        "403307.9"
      ], 
      [
        1633133320, 
        "568382.5469812076"
      ], 
      [
        1633133335, 
        "133753.7"
      ], 
      [
        1633133350, 
        "348497.7"
      ], 
      [
        1633133365, 
        "481631.1"
      ], 
      [
        1633133380, 
        "63663.7"
      ], 
      [
        1633133410, 
        "416767.0096912778"
      ], 
      [
        1633133425, 
        "149358.5744"
      ], 
      [
        1633133440, 
        "114651.5"
      ], 
      [
        1633133455, 
        "419338.7"
      ], 
      [
        1633133470, 
        "303834.4"
      ], 
      [
        1633133485, 
        "647361.2"
      ], 
      [
        1633133500, 
        "250048.6"
      ], 
      [
        1633133515, 
        "451985.5"
      ]
    ]
  }, 
  "tcp_sends": {
    "metric": {},