{
  "dir_read_c": {
    "metric": {
      "instance": "172.17.0.1:8000", 
      "hostname": "longz-experiment", 
      "pid": "30493", 
      "directory": "/data/blockchain/eth-data", 
      "job": "syscall_monitoring", 
      "application_name": "openethereum", 
      "__name__": "dir_reads_total"
    }, 
    "values": [
      [
        1633133518, 
        "131410"
      ], 
      [
        1633133533, 
        "146051"
      ], 
      [
        1633133548, 
        "117547"
      ], 
      [
        1633133563, 
        "178662"
      ], 
      [
        1633133578, 
        "120957"
      ], 
      [
        1633133593, 
        "132321"
      ], 
      [
        1633133608, 
        "201918"
      ], 
      [
        1633133623, 
        "76631"
      ], 
      [
        1633133638, 
        "113629"
      ], 
      [
        1633133653, 
        "113216"
      ], 
      [
        1633133668, 
        "211477"
      ], 
      [
        1633133683, 
        "202119"
      ], 
      [
        1633133698, 
        "178968"
      ], 
      [
        1633133713, 
        "180723"
      ], 
      [
        1633133728, 
        "189348"
      ], 
      [
        1633133743, 
        "183775"
      ], 
      [
        1633133758, 
        "186902"
      ], 
      [
        1633133773, 
        "206270"
      ], 
      [
        1633133788, 
        "201255"
      ], 
      [
        1633133803, 
        "188214"
      ], 
      [
        1633133818, 
        "193407"
      ]
    ]
  }, 
  "stat": {
    "dir_read_c": {
      "max": 206270.0, 
      "mean": 164514.2857142857, 
      "variance": 1485232289.8231292, 
      "pvalue": 1.5969735565227805e-17, 
      "min": 113216.0
    }, 
    "dir_reads": {
      "max": 4131580928.0, 
      "mean": 3268908227.047619, 
      "variance": 6.442549526885883e+17, 
      "pvalue": 2.4171448499328253e-17, 
      "min": 2193169408.0
    }, 
    "tcp_conn": {
      "max": 124.0, 
      "mean": 42.714285714285715, 
      "variance": 1917.3469387755104, 
      "pvalue": 2.5453115777831294e-05, 
      "min": 4.0
    }, 
    "kvdb_bytes_read": {
      "max": 942532.8999999999, 
      "mean": 669888.9828906667, 
      "variance": 52684504604.84951, 
      "pvalue": 1.4792552648881456e-09, 
      "min": 271283.52259999997
    }, 
    "tcp_sends": {
      "max": 77824.0, 
      "mean": 32719.238095238095, 
      "variance": 511053591.80045354, 
      "pvalue": 4.488558131072095e-10, 
      "min": 14336.0
    }, 
    "dir_writes": {
      "max": 423344128.0, 
      "mean": 180216734.47619048, 
      "variance": 3.0709086118093824e+16, 
      "pvalue": 0.04111151903802124, 
      "min": 10187776.0
    }, 
    "kvdb_bytes_write": {
      "max": 1181578.4444959997, 
      "mean": 603132.5175128889, 
      "variance": 122900599919.00827, 
      "pvalue": 0.001716831973914843, 
      "min": 0.0
    }, 
    "dir_write_c": {
      "max": 992.0, 
      "mean": 2556.0, 
      "variance": 87732603.71428572, 
      "pvalue": 0.08222675069046753, 
      "min": 166.0
    }, 
    "peer_stats": {
      "max": 12.35, 
      "mean": 8.214285714285714, 
      "variance": 7.88265306122449, 
      "pvalue": 1.9807382435772293e-13, 
      "min": 3.65
    }, 
    "tcp_recvs": {
      "max": 1119232.0, 
      "mean": 630686.4761904762, 
      "variance": 181181140648.34467, 
      "pvalue": 3.9058845262001835e-05, 
      "min": 115712.0
    }
  }, 
  "dir_reads": {
    "metric": {
      "instance": "172.17.0.1:8000", 
      "hostname": "longz-experiment", 
      "pid": "30493", 
      "directory": "/data/blockchain/eth-data", 
      "job": "syscall_monitoring", 
      "application_name": "openethereum"
    }, 
    "values": [
      [
        1633133518, 
        "2470832128"
      ], 
      [
        1633133533, 
        "2763213824"
      ], 
      [
        1633133548, 
        "2193169408"
      ], 
      [
        1633133563, 
        "3462923264"
      ], 
      [
        1633133578, 
        "2330754048"
      ], 
      [
        1633133593, 
        "2570865664"
      ], 
      [
        1633133608, 
        "3988384768"
      ], 
      [
        1633133623, 
        "1475820544"
      ], 
      [
        1633133638, 
        "2391598080"
      ], 
      [
        1633133653, 
        "2348841984"
      ], 
      [
        1633133668, 
        "4278742016"
      ], 
      [
        1633133683, 
        "4131580928"
      ], 
      [
        1633133698, 
        "3557352448"
      ], 
      [
        1633133713, 
        "3616105472"
      ], 
      [
        1633133728, 
        "3762482176"
      ], 
      [
        1633133743, 
        "3597630464"
      ], 
      [
        1633133758, 
        "3654956032"
      ], 
      [
        1633133773, 
        "4083437568"
      ], 
      [
        1633133788, 
        "4118811648"
      ], 
      [
        1633133803, 
        "3998542848"
      ], 
      [
        1633133818, 
        "3851027456"
      ]
    ]
  }, 
  "tcp_conn": {
    "metric": {}, 
    "values": [
      [
        1633133518, 
        "173"
      ], 
      [
        1633133533, 
        "34"
      ], 
      [
        1633133548, 
        "74"
      ], 
      [
        1633133563, 
        "48"
      ], 
      [
        1633133578, 
        "11"
      ], 
      [
        1633133593, 
        "36"
      ], 
      [
        1633133608, 
        "17"
      ], 
      [
        1633133623, 
        "120"
      ], 
      [
        1633133638, 
        "25"
      ], 
      [
        1633133653, 
        "124"
      ], 
      [
        1633133668, 
        "28"
      ], 
      [
        1633133683, 
        "12"
      ], 
      [
        1633133698, 
        "28"
      ], 
      [
        1633133713, 
        "27"
      ], 
      [
        1633133728, 
        "46"
      ], 
      [
        1633133743, 
        "50"
      ], 
      [
        1633133758, 
        "7"
      ], 
      [
        1633133773, 
        "15"
      ], 
      [
        1633133788, 
        "2"
      ], 
      [
        1633133803, 
        "16"
      ], 
      [
        1633133818, 
        "4"
      ]
    ]
  }, 
  "kvdb_bytes_read": {
    "metric": {
      "instance": "172.17.0.1:3033", 
      "job": "openethereum"
    }, 
    "values": [
      [
        1633133518, 
        "346455.57263999997"
      ], 
      [
        1633133533, 
        "554403.9"
      ], 
      [
        1633133548, 
        "604663.7"
      ], 
      [
        1633133593, 
        "633027.6"
      ], 
      [
        1633133608, 
        "95882.07250666666"
      ], 
      [
        1633133653, 
        "957079.6"
      ], 
      [
        1633133668, 
        "653475.862"
      ], 
      [
        1633133683, 
        "936298.6"
      ], 
      [
        1633133698, 
        "893125.7"
      ], 
      [
        1633133713, 
        "842599.8"
      ], 
      [
        1633133728, 
        "867718.9"
      ], 
      [
        1633133743, 
        "477109.55791999993"
      ], 
      [
        1633133758, 
        "654738.21016"
      ], 
      [
        1633133773, 
        "832515.4"
      ], 
      [
        1633133803, 
        "699240.2681333333"
      ]
    ]
  }, 
  "tcp_sends": {
    "metric": {},