{
  "stat": {
    "max": 38.0, 
    "mean": 37.285714285714285, 
    "variance": 0.4897959183673468, 
    "min": 36.0
  }, 
  "values": [
    [
      1623185595, 
      38
    ], 
    [
      1623185610, 
      37
    ], 
    [
      1623185625, 
      36.5
    ], 
    [
      1623185640, 
      36
    ], 
    [
      1623185655, 
      36
    ], 
    [
      1623185670, 
      37
    ], 
    [
      1623185685, 
      37
    ], 
    [
      1623185700, 
      37
    ], 
    [
      1623185715, 
      37
    ], 
    [
      1623185730, 
      38
    ], 
    [
      1623185745, 
      37
    ], 
    [
      1623185760, 
      37
    ], 
    [
      1623185775, 
      37
    ], 
    [
      1623185790, 
      38
    ], 
    [
      1623185805, 
      37
    ], 
    [
      1623185820, 
      38
    ], 
    [
      1623185835, 
      38
    ], 
    [
      1623185850, 
      38
    ], 
    [
      1623185865, 
      38.5
    ], 
    [
      1623185880, 
      38
    ], 
    [
      1623185895, 
      38
    ]
  ], 
  "name": "geth.p2p/peers.gauge", 
  "columns": [
    "time", 
    "median"
  ]
}