{
  "stat": {
    "max": 40.0, 
    "mean": 38.333333333333336, 
    "variance": 0.6984126984126983, 
    "min": 37.0
  }, 
  "values": [
    [
      1627481265, 
      38
    ], 
    [
      1627481280, 
      38
    ], 
    [
      1627481295, 
      39.5
    ], 
    [
      1627481310, 
      40
    ], 
    [
      1627481325, 
      38.5
    ], 
    [
      1627481340, 
      38
    ], 
    [
      1627481355, 
      38
    ], 
    [
      1627481370, 
      39
    ], 
    [
      1627481385, 
      38
    ], 
    [
      1627481400, 
      40
    ], 
    [
      1627481415, 
      38.5
    ], 
    [
      1627481430, 
      38
    ], 
    [
      1627481445, 
      38.5
    ], 
    [
      1627481460, 
      40
    ], 
    [
      1627481475, 
      38
    ], 
    [
      1627481490, 
      38
    ], 
    [
      1627481505, 
      39.5
    ], 
    [
      1627481520, 
      38
    ], 
    [
      1627481535, 
      38
    ], 
    [
      1627481550, 
      37
    ], 
    [
      1627481565, 
      37
    ]
  ], 
  "name": "geth.p2p/peers.gauge", 
  "columns": [
    "time", 
    "median"
  ]
}