{
  "stat": {
    "max": 42.0, 
    "mean": 40.57142857142857, 
    "variance": 0.7210884353741491, 
    "min": 40.0
  }, 
  "values": [
    [
      1627481625, 
      42
    ], 
    [
      1627481640, 
      40
    ], 
    [
      1627481655, 
      40
    ], 
    [
      1627481670, 
      40
    ], 
    [
      1627481685, 
      40
    ], 
    [
      1627481700, 
      43
    ], 
    [
      1627481715, 
      41
    ], 
    [
      1627481730, 
      41
    ], 
    [
      1627481745, 
      40.5
    ], 
    [
      1627481760, 
      41
    ], 
    [
      1627481775, 
      40.5
    ], 
    [
      1627481790, 
      41
    ], 
    [
      1627481805, 
      40
    ], 
    [
      1627481820, 
      42
    ], 
    [
      1627481835, 
      40
    ], 
    [
      1627481850, 
      40
    ], 
    [
      1627481865, 
      40.5
    ], 
    [
      1627481880, 
      40
    ], 
    [
      1627481895, 
      40
    ], 
    [
      1627481910, 
      41
    ], 
    [
      1627481925, 
      40
    ]
  ], 
  "name": "geth.p2p/peers.gauge", 
  "columns": [
    "time", 
    "median"
  ]
}