{
  "stat": {
    "max": 37.050000000000004, 
    "mean": 35.65, 
    "variance": 0.9275, 
    "min": 34.949999999999996
  }, 
  "values": [
    [
      1623186270, 
      35
    ], 
    [
      1623186285, 
      35
    ], 
    [
      1623186300, 
      35
    ], 
    [
      1623186315, 
      35
    ], 
    [
      1623186330, 
      34
    ], 
    [
      1623186345, 
      36
    ], 
    [
      1623186360, 
      36
    ], 
    [
      1623186375, 
      36
    ], 
    [
      1623186390, 
      36
    ], 
    [
      1623186405, 
      35.5
    ], 
    [
      1623186420, 
      35
    ], 
    [
      1623186435, 
      35
    ], 
    [
      1623186450, 
      37
    ], 
    [
      1623186465, 
      35
    ], 
    [
      1623186480, 
      35
    ], 
    [
      1623186495, 
      35
    ], 
    [
      1623186510, 
      37
    ], 
    [
      1623186525, 
      37
    ], 
    [
      1623186540, 
      38
    ], 
    [
      1623186555, 
      36
    ]
  ], 
  "name": "geth.p2p/peers.gauge", 
  "columns": [
    "time", 
    "median"
  ]
}