{
  "stat": {
    "max": 41.050000000000004, 
    "mean": 40.15, 
    "variance": 0.2275000000000001, 
    "min": 40.0
  }, 
  "values": [
    [
      1623161535, 
      40
    ], 
    [
      1623161550, 
      41
    ], 
    [
      1623161565, 
      40
    ], 
    [
      1623161580, 
      40
    ], 
    [
      1623161595, 
      40
    ], 
    [
      1623161610, 
      40
    ], 
    [
      1623161625, 
      40
    ], 
    [
      1623161640, 
      40
    ], 
    [
      1623161655, 
      40
    ], 
    [
      1623161670, 
      40
    ], 
    [
      1623161685, 
      40
    ], 
    [
      1623161700, 
      40
    ], 
    [
      1623161715, 
      40
    ], 
    [
      1623161730, 
      40
    ], 
    [
      1623161745, 
      42
    ], 
    [
      1623161760, 
      40
    ], 
    [
      1623161775, 
      40
    ], 
    [
      1623161790, 
      40
    ], 
    [
      1623161805, 
      40
    ], 
    [
      1623161820, 
      40.5
    ]
  ], 
  "name": "geth.p2p/peers.gauge", 
  "columns": [
    "time", 
    "median"
  ]
}