{
  "stat": {
    "max": 41.10000000000001, 
    "mean": 40.4, 
    "variance": 0.5399999999999998, 
    "min": 40.0
  }, 
  "values": [
    [
      1622765010, 
      40
    ], 
    [
      1622765025, 
      40
    ], 
    [
      1622765040, 
      40
    ], 
    [
      1622765055, 
      43
    ], 
    [
      1622765070, 
      40
    ], 
    [
      1622765085, 
      41
    ], 
    [
      1622765100, 
      40
    ], 
    [
      1622765115, 
      40
    ], 
    [
      1622765130, 
      40
    ], 
    [
      1622765145, 
      40
    ], 
    [
      1622765160, 
      40
    ], 
    [
      1622765175, 
      40
    ], 
    [
      1622765190, 
      40
    ], 
    [
      1622765205, 
      41
    ], 
    [
      1622765220, 
      40
    ], 
    [
      1622765235, 
      41
    ], 
    [
      1622765250, 
      40
    ], 
    [
      1622765265, 
      40
    ], 
    [
      1622765280, 
      41.5
    ], 
    [
      1622765295, 
      41
    ]
  ], 
  "name": "geth.p2p/peers.gauge", 
  "columns": [
    "time", 
    "median"
  ]
}