{
  "stat": {
    "max": 41.050000000000004, 
    "mean": 40.8, 
    "variance": 0.25999999999999984, 
    "min": 40.0
  }, 
  "values": [
    [
      1622765370, 
      40
    ], 
    [
      1622765385, 
      40
    ], 
    [
      1622765400, 
      40.5
    ], 
    [
      1622765415, 
      42
    ], 
    [
      1622765430, 
      40.5
    ], 
    [
      1622765445, 
      41
    ], 
    [
      1622765460, 
      40.5
    ], 
    [
      1622765475, 
      41
    ], 
    [
      1622765490, 
      41
    ], 
    [
      1622765505, 
      41
    ], 
    [
      1622765520, 
      41
    ], 
    [
      1622765535, 
      41
    ], 
    [
      1622765550, 
      41
    ], 
    [
      1622765565, 
      41
    ], 
    [
      1622765580, 
      41
    ], 
    [
      1622765595, 
      41
    ], 
    [
      1622765610, 
      41
    ], 
    [
      1622765625, 
      41
    ], 
    [
      1622765640, 
      41.5
    ], 
    [
      1622765655, 
      41
    ]
  ], 
  "name": "geth.p2p/peers.gauge", 
  "columns": [
    "time", 
    "median"
  ]
}