{
  "dir_read_c": {
    "metric": {
      "instance": "172.17.0.1:8000", 
      "hostname": "longz-experiment", 
      "pid": "19703", 
      "directory": "/data/blockchain/eth-data", 
      "job": "syscall_monitoring", 
      "application_name": "openethereum", 
      "__name__": "dir_reads_total"
    }, 
    "values": [
      [
        1632269355, 
        "109609"
      ], 
      [
        1632269370, 
        "86346"
      ], 
      [
        1632269385, 
        "61893"
      ], 
      [
        1632269400, 
        "79473"
      ], 
      [
        1632269415, 
        "18508"
      ], 
      [
        1632269430, 
        "23263"
      ], 
      [
        1632269445, 
        "29602"
      ], 
      [
        1632269460, 
        "12587"
      ], 
      [
        1632269475, 
        "20531"
      ], 
      [
        1632269490, 
        "20265"
      ], 
      [
        1632269505, 
        "31184"
      ], 
      [
        1632269520, 
        "26526"
      ], 
      [
        1632269535, 
        "18842"
      ], 
      [
        1632269550, 
        "27084"
      ], 
      [
        1632269565, 
        "20030"
      ], 
      [
        1632269580, 
        "32941"
      ], 
      [
        1632269595, 
        "32141"
      ], 
      [
        1632269610, 
        "23547"
      ], 
      [
        1632269625, 
        "32403"
      ], 
      [
        1632269640, 
        "76801"
      ], 
      [
        1632269655, 
        "22318"
      ]
    ]
  }, 
  "stat": {
    "dir_read_c": {
      "max": 86346.0, 
      "mean": 38375.90476190476, 
      "variance": 701193425.3242629, 
      "min": 18508.0
    }, 
    "dir_reads": {
      "max": 1737001984.0, 
      "mean": 740975372.1904762, 
      "variance": 3.072538098988138e+17, 
      "min": 255762432.0
    }, 
    "tcp_conn": {
      "max": 434.0, 
      "mean": 331.85714285714283, 
      "variance": 11802.503401360545, 
      "min": 122.0
    }, 
    "kvdb_bytes_read": {
      "max": 375307.8, 
      "mean": 106344.90204571432, 
      "variance": 18928518549.86435, 
      "min": 0.0
    }, 
    "tcp_sends": {
      "max": 369664.0, 
      "mean": 112835.04761904762, 
      "variance": 11321886418.140589, 
      "min": 44032.0
    }, 
    "dir_writes": {
      "max": 455906304.0, 
      "mean": 274914694.0952381, 
      "variance": 5816886057722990.0, 
      "min": 201594880.0
    }, 
    "kvdb_bytes_write": {
      "max": 1310962.3, 
      "mean": 586706.3200114286, 
      "variance": 2917274038053.9087, 
      "min": 0.0
    }, 
    "dir_write_c": {
      "max": 10133.0, 
      "mean": 3186.3809523809523, 
      "variance": 90855744.14058957, 
      "min": 206.0
    }, 
    "peer_stats": {
      "max": 6.0, 
      "mean": 3.8, 
      "variance": 1.2599999999999998, 
      "min": 2.0
    }, 
    "tcp_recvs": {
      "max": 911360.0, 
      "mean": 320170.6666666667, 
      "variance": 195402869938.7937, 
      "min": 6144.0
    }
  }, 
  "dir_reads": {
    "metric": {
      "instance": "172.17.0.1:8000", 
      "hostname": "longz-experiment", 
      "pid": "19703", 
      "directory": "/data/blockchain/eth-data", 
      "job": "syscall_monitoring", 
      "application_name": "openethereum"
    }, 
    "values": [
      [
        1632269355, 
        "2138615808"
      ], 
      [
        1632269370, 
        "1644014592"
      ], 
      [
        1632269385, 
        "1337005056"
      ], 
      [
        1632269400, 
        "1737001984"
      ], 
      [
        1632269415, 
        "241674240"
      ], 
      [
        1632269430, 
        "436791296"
      ], 
      [
        1632269445, 
        "462450688"
      ], 
      [
        1632269460, 
        "255762432"
      ], 
      [
        1632269475, 
        "420591616"
      ], 
      [
        1632269490, 
        "419950592"
      ], 
      [
        1632269505, 
        "599537664"
      ], 
      [
        1632269520, 
        "479985664"
      ], 
      [
        1632269535, 
        "339187712"
      ], 
      [
        1632269550, 
        "501739520"
      ], 
      [
        1632269565, 
        "352936960"
      ], 
      [
        1632269580, 
        "552364032"
      ], 
      [
        1632269595, 
        "472909824"
      ], 
      [
        1632269610, 
        "479993856"
      ], 
      [
        1632269625, 
        "705697792"
      ], 
      [
        1632269640, 
        "1589583872"
      ], 
      [
        1632269655, 
        "392687616"
      ]
    ]
  }, 
  "tcp_conn": {
    "metric": {}, 
    "values": [
      [
        1632269355, 
        "20"
      ], 
      [
        1632269370, 
        "122"
      ], 
      [
        1632269385, 
        "315"
      ], 
      [
        1632269400, 
        "341"
      ], 
      [
        1632269415, 
        "434"
      ], 
      [
        1632269430, 
        "380"
      ], 
      [
        1632269445, 
        "375"
      ], 
      [
        1632269460, 
        "436"
      ], 
      [
        1632269475, 
        "305"
      ], 
      [
        1632269490, 
        "348"
      ], 
      [
        1632269505, 
        "287"
      ], 
      [
        1632269520, 
        "433"
      ], 
      [
        1632269535, 
        "392"
      ], 
      [
        1632269550, 
        "428"
      ], 
      [
        1632269565, 
        "392"
      ], 
      [
        1632269580, 
        "403"
      ], 
      [
        1632269595, 
        "330"
      ], 
      [
        1632269610, 
        "365"
      ], 
      [
        1632269625, 
        "356"
      ], 
      [
        1632269640, 
        "127"
      ], 
      [
        1632269655, 
        "380"
      ]
    ]
  }, 
  "kvdb_bytes_read": {
    "metric": {
      "instance": "172.17.0.1:3033", 
      "job": "openethereum"
    }, 
    "values": [
      [
        1632269355, 
        "544385.5"
      ], 
      [
        1632269370, 
        "375307.8"
      ], 
      [
        1632269385, 
        "326461.9"
      ], 
      [
        1632269400, 
        "69.9"
      ], 
      [
        1632269415, 
        "0"
      ], 
      [
        1632269430, 
        "17.6"
      ], 
      [
        1632269445, 
        "12.6"
      ], 
      [
        1632269460, 
        "76649.3"
      ], 
      [
        1632269475, 
        "52861.2"
      ], 
      [
        1632269490, 
        "136316.5"
      ], 
      [
        1632269505, 
        "49387.7"
      ], 
      [
        1632269520, 
        "86019.8"
      ], 
      [
        1632269535, 
        "92156"
      ], 
      [
        1632269550, 
        "38861.2"
      ], 
      [
        1632269565, 
        "79320.6"
      ], 
      [
        1632269580, 
        "89394.5"
      ], 
      [
        1632269595, 
        "91441.4"
      ], 
      [
        1632269610, 
        "132896.4"
      ], 
      [
        1632269625, 
        "61683.042960000006"
      ], 
      [
        1632269640, 
        "0"
      ], 
      [
        1632269655, 
        "0"
      ]
    ]
  }, 
  "tcp_sends": {
    "metric": {},