{
  "dir_read_c": {
    "metric": {
      "instance": "172.17.0.1:8000", 
      "hostname": "longz-experiment", 
      "pid": "19703", 
      "directory": "/data/blockchain/eth-data", 
      "job": "syscall_monitoring", 
      "application_name": "openethereum", 
      "__name__": "dir_reads_total"
    }, 
    "values": [
      [
        1632269054, 
        "122514"
      ], 
      [
        1632269069, 
        "32993"
      ], 
      [
        1632269084, 
        "38789"
      ], 
      [
        1632269099, 
        "42621"
      ], 
      [
        1632269114, 
        "66834"
      ], 
      [
        1632269129, 
        "62571"
      ], 
      [
        1632269144, 
        "82978"
      ], 
      [
        1632269159, 
        "94557"
      ], 
      [
        1632269174, 
        "65202"
      ], 
      [
        1632269189, 
        "39856"
      ], 
      [
        1632269204, 
        "82143"
      ], 
      [
        1632269219, 
        "85621"
      ], 
      [
        1632269234, 
        "93496"
      ], 
      [
        1632269249, 
        "157233"
      ], 
      [
        1632269264, 
        "171637"
      ], 
      [
        1632269279, 
        "144212"
      ], 
      [
        1632269294, 
        "70336"
      ], 
      [
        1632269309, 
        "139225"
      ], 
      [
        1632269324, 
        "255076"
      ], 
      [
        1632269339, 
        "182542"
      ], 
      [
        1632269354, 
        "109609"
      ]
    ]
  }, 
  "stat": {
    "dir_read_c": {
      "max": 182542.0, 
      "mean": 101906.90476190476, 
      "variance": 3043372539.324262, 
      "min": 38789.0
    }, 
    "dir_reads": {
      "max": 4336333824.0, 
      "mean": 2343850910.4761906, 
      "variance": 1.8323315761471345e+18, 
      "min": 692412416.0
    }, 
    "tcp_conn": {
      "max": 277.0, 
      "mean": 72.76190476190476, 
      "variance": 7021.800453514739, 
      "min": 6.0
    }, 
    "kvdb_bytes_read": {
      "max": 391672.1499999996, 
      "mean": 222959.9780775558, 
      "variance": 20577776537.06715, 
      "min": 29271.317626666667
    }, 
    "tcp_sends": {
      "max": 2312192.0, 
      "mean": 529505.5238095238, 
      "variance": 697705783537.4874, 
      "min": 7168.0
    }, 
    "dir_writes": {
      "max": 325198848.0, 
      "mean": 262571641.9047619, 
      "variance": 2.1773658182945016e+16, 
      "min": 175032320.0
    }, 
    "kvdb_bytes_write": {
      "max": 2168346.3599999975, 
      "mean": 548876.8784705297, 
      "variance": 748343601292.82, 
      "min": 0.0
    }, 
    "dir_write_c": {
      "max": 13205.0, 
      "mean": 3898.5714285714284, 
      "variance": 92583153.5782313, 
      "min": 188.0
    }, 
    "peer_stats": {
      "max": 30.0, 
      "mean": 16.333333333333332, 
      "variance": 83.68888888888888, 
      "min": 5.699999999999999
    }, 
    "tcp_recvs": {
      "max": 18793472.0, 
      "mean": 4795928.380952381, 
      "variance": 40531062972211.64, 
      "min": 101376.0
    }
  }, 
  "dir_reads": {
    "metric": {
      "instance": "172.17.0.1:8000", 
      "hostname": "longz-experiment", 
      "pid": "19703", 
      "directory": "/data/blockchain/eth-data", 
      "job": "syscall_monitoring", 
      "application_name": "openethereum"
    }, 
    "values": [
      [
        1632269054, 
        "2404553728"
      ], 
      [
        1632269069, 
        "564359168"
      ], 
      [
        1632269084, 
        "692412416"
      ], 
      [
        1632269099, 
        "765894656"
      ], 
      [
        1632269114, 
        "1271446528"
      ], 
      [
        1632269129, 
        "1592694784"
      ], 
      [
        1632269144, 
        "2107585536"
      ], 
      [
        1632269159, 
        "2423700480"
      ], 
      [
        1632269174, 
        "1714228224"
      ], 
      [
        1632269189, 
        "833856512"
      ], 
      [
        1632269204, 
        "2011325440"
      ], 
      [
        1632269219, 
        "2073617408"
      ], 
      [
        1632269234, 
        "2192568320"
      ], 
      [
        1632269249, 
        "3897853952"
      ], 
      [
        1632269264, 
        "4041256960"
      ], 
      [
        1632269279, 
        "3479734272"
      ], 
      [
        1632269294, 
        "1497479168"
      ], 
      [
        1632269309, 
        "3172795392"
      ], 
      [
        1632269324, 
        "6008556544"
      ], 
      [
        1632269339, 
        "4336333824"
      ], 
      [
        1632269354, 
        "2138615808"
      ]
    ]
  }, 
  "tcp_conn": {
    "metric": {}, 
    "values": [
      [
        1632269054, 
        "34"
      ], 
      [
        1632269069, 
        "82"
      ], 
      [
        1632269084, 
        "37"
      ], 
      [
        1632269099, 
        "41"
      ], 
      [
        1632269114, 
        "59"
      ], 
      [
        1632269129, 
        "50"
      ], 
      [
        1632269144, 
        "22"
      ], 
      [
        1632269159, 
        "24"
      ], 
      [
        1632269174, 
        "277"
      ], 
      [
        1632269189, 
        "321"
      ], 
      [
        1632269204, 
        "65"
      ], 
      [
        1632269219, 
        "116"
      ], 
      [
        1632269234, 
        "187"
      ], 
      [
        1632269249, 
        "38"
      ], 
      [
        1632269264, 
        "37"
      ], 
      [
        1632269279, 
        "49"
      ], 
      [
        1632269294, 
        "0"
      ], 
      [
        1632269309, 
        "6"
      ], 
      [
        1632269324, 
        "14"
      ], 
      [
        1632269339, 
        "49"
      ], 
      [
        1632269354, 
        "20"
      ]
    ]
  }, 
  "kvdb_bytes_read": {
    "metric": {
      "instance": "172.17.0.1:3033", 
      "job": "openethereum"
    }, 
    "values": [
      [
        1632269054, 
        "105279.8"
      ], 
      [
        1632269069, 
        "69277.2"
      ], 
      [
        1632269084, 
        "180310.2"
      ], 
      [
        1632269099, 
        "126276.8"
      ], 
      [
        1632269114, 
        "292603.8"
      ], 
      [
        1632269129, 
        "262975.52144000004"
      ], 
      [
        1632269144, 
        "30448.322826666667"
      ], 
      [
        1632269159, 
        "340051.7"
      ], 
      [
        1632269174, 
        "116139.5"
      ], 
      [
        1632269189, 
        "374704"
      ], 
      [
        1632269204, 
        "18678.270826666667"
      ], 
      [
        1632269219, 
        "219442.85408000002"
      ], 
      [
        1632269234, 
        "314565.80112"
      ], 
      [
        1632269249, 
        "369928.5"
      ], 
      [
        1632269264, 
        "351607.6349066667"
      ], 
      [
        1632269294, 
        "36478.983900226754"
      ], 
      [
        1632269324, 
        "132870.19437333333"
      ], 
      [
        1632269339, 
        "350215"
      ], 
      [
        1632269354, 
        "544385.5"
      ]
    ]
  }, 
  "tcp_sends": {
    "metric": {},