{
  "dir_read_c": {
    "metric": {
      "instance": "172.17.0.1:8000", 
      "hostname": "longz-experiment", 
      "pid": "19703", 
      "directory": "/data/blockchain/eth-data", 
      "job": "syscall_monitoring", 
      "application_name": "openethereum", 
      "__name__": "dir_reads_total"
    }, 
    "values": [
      [
        1632269958, 
        "142862"
      ], 
      [
        1632269973, 
        "86744"
      ], 
      [
        1632269988, 
        "180272"
      ], 
      [
        1632270003, 
        "256423"
      ], 
      [
        1632270018, 
        "125796"
      ], 
      [
        1632270033, 
        "123444"
      ], 
      [
        1632270048, 
        "86495"
      ], 
      [
        1632270063, 
        "21479"
      ], 
      [
        1632270078, 
        "53402"
      ], 
      [
        1632270093, 
        "48847"
      ], 
      [
        1632270108, 
        "68621"
      ], 
      [
        1632270123, 
        "22078"
      ], 
      [
        1632270138, 
        "81906"
      ], 
      [
        1632270153, 
        "90517"
      ], 
      [
        1632270168, 
        "71067"
      ], 
      [
        1632270183, 
        "59183"
      ], 
      [
        1632270198, 
        "50681"
      ], 
      [
        1632270213, 
        "51475"
      ], 
      [
        1632270228, 
        "97461"
      ], 
      [
        1632270243, 
        "62780"
      ], 
      [
        1632270258, 
        "62369"
      ]
    ]
  }, 
  "stat": {
    "dir_read_c": {
      "max": 180272.0, 
      "mean": 87804.85714285714, 
      "variance": 2844014872.598639, 
      "min": 22078.0
    }, 
    "dir_reads": {
      "max": 3567563776.0, 
      "mean": 1655143180.1904762, 
      "variance": 1.1545555101586396e+18, 
      "min": 398704640.0
    }, 
    "tcp_conn": {
      "max": 352.0, 
      "mean": 122.76190476190476, 
      "variance": 17055.895691609974, 
      "min": 3.0
    }, 
    "kvdb_bytes_read": {
      "max": 818225.94, 
      "mean": 277089.9556854886, 
      "variance": 78846974004.51653, 
      "min": 11.76
    }, 
    "tcp_sends": {
      "max": 762880.0, 
      "mean": 182515.80952380953, 
      "variance": 57660086220.91611, 
      "min": 14336.0
    }, 
    "dir_writes": {
      "max": 338948096.0, 
      "mean": 239568115.80952382, 
      "variance": 3911546279187649.0, 
      "min": 187189248.0
    }, 
    "kvdb_bytes_write": {
      "max": 3028532.9954453325, 
      "mean": 669265.0243161648, 
      "variance": 1381126218661.9072, 
      "min": 0.0
    }, 
    "dir_write_c": {
      "max": 6087.0, 
      "mean": 3394.714285714286, 
      "variance": 87075606.58503401, 
      "min": 187.0
    }, 
    "peer_stats": {
      "max": 18.89999999999999, 
      "mean": 9.166666666666666, 
      "variance": 63.36111111111112, 
      "min": 0.0
    }, 
    "tcp_recvs": {
      "max": 45297664.0, 
      "mean": 10026227.80952381, 
      "variance": 250460485279985.47, 
      "min": 0.0
    }
  }, 
  "dir_reads": {
    "metric": {
      "instance": "172.17.0.1:8000", 
      "hostname": "longz-experiment", 
      "pid": "19703", 
      "directory": "/data/blockchain/eth-data", 
      "job": "syscall_monitoring", 
      "application_name": "openethereum"
    }, 
    "values": [
      [
        1632269958, 
        "2741413888"
      ], 
      [
        1632269973, 
        "1729160192"
      ], 
      [
        1632269988, 
        "3567563776"
      ], 
      [
        1632270003, 
        "5047349248"
      ], 
      [
        1632270018, 
        "2450160640"
      ], 
      [
        1632270033, 
        "2390204416"
      ], 
      [
        1632270048, 
        "1675476992"
      ], 
      [
        1632270063, 
        "398704640"
      ], 
      [
        1632270078, 
        "975381504"
      ], 
      [
        1632270093, 
        "857298944"
      ], 
      [
        1632270108, 
        "1183203328"
      ], 
      [
        1632270123, 
        "293344256"
      ], 
      [
        1632270138, 
        "1434982400"
      ], 
      [
        1632270153, 
        "1600350208"
      ], 
      [
        1632270168, 
        "1224630272"
      ], 
      [
        1632270183, 
        "969812992"
      ], 
      [
        1632270198, 
        "940783616"
      ], 
      [
        1632270213, 
        "965803008"
      ], 
      [
        1632270228, 
        "1736471552"
      ], 
      [
        1632270243, 
        "1276655616"
      ], 
      [
        1632270258, 
        "1299255296"
      ]
    ]
  }, 
  "tcp_conn": {
    "metric": {}, 
    "values": [
      [
        1632269958, 
        "3"
      ], 
      [
        1632269973, 
        "8"
      ], 
      [
        1632269988, 
        "25"
      ], 
      [
        1632270003, 
        "9"
      ], 
      [
        1632270018, 
        "40"
      ], 
      [
        1632270033, 
        "12"
      ], 
      [
        1632270048, 
        "26"
      ], 
      [
        1632270063, 
        "131"
      ], 
      [
        1632270078, 
        "242"
      ], 
      [
        1632270093, 
        "466"
      ], 
      [
        1632270108, 
        "127"
      ], 
      [
        1632270123, 
        "352"
      ], 
      [
        1632270138, 
        "224"
      ], 
      [
        1632270153, 
        "136"
      ], 
      [
        1632270168, 
        "118"
      ], 
      [
        1632270183, 
        "303"
      ], 
      [
        1632270198, 
        "219"
      ], 
      [
        1632270213, 
        "127"
      ], 
      [
        1632270228, 
        "1"
      ], 
      [
        1632270243, 
        "6"
      ], 
      [
        1632270258, 
        "3"
      ]
    ]
  }, 
  "kvdb_bytes_read": {
    "metric": {
      "instance": "172.17.0.1:3033", 
      "job": "openethereum"
    }, 
    "values": [
      [
        1632269973, 
        "779622.8"
      ], 
      [
        1632269988, 
        "972638.5"
      ], 
      [
        1632270003, 
        "607889.2"
      ], 
      [
        1632270033, 
        "34178.486653306616"
      ], 
      [
        1632270048, 
        "49928.3"
      ], 
      [
        1632270063, 
        "166268.9"
      ], 
      [
        1632270078, 
        "69730.88464"
      ], 
      [
        1632270093, 
        "0"
      ], 
      [
        1632270108, 
        "14.7"
      ], 
      [
        1632270123, 
        "460664.1"
      ], 
      [
        1632270138, 
        "226226.8"
      ], 
      [
        1632270153, 
        "148093.9"
      ], 
      [
        1632270168, 
        "194528.8"
      ], 
      [
        1632270183, 
        "94288.4"
      ], 
      [
        1632270198, 
        "124955.2"
      ], 
      [
        1632270213, 
        "262171.7"
      ], 
      [
        1632270258, 
        "519328.57536"
      ]
    ]
  }, 
  "tcp_sends": {
    "metric": {},