{
  "dir_read_c": {
    "metric": {
      "instance": "172.17.0.1:8000", 
      "hostname": "longz-experiment", 
      "pid": "26724", 
      "directory": "/data/blockchain/eth-data", 
      "job": "syscall_monitoring", 
      "application_name": "openethereum", 
      "__name__": "dir_reads_total"
    }, 
    "values": [
      [
        1633121869, 
        "67489"
      ], 
      [
        1633121884, 
        "25787"
      ], 
      [
        1633121899, 
        "47632"
      ], 
      [
        1633121914, 
        "18593"
      ], 
      [
        1633121929, 
        "72976"
      ], 
      [
        1633121944, 
        "14238"
      ], 
      [
        1633121959, 
        "184706"
      ], 
      [
        1633121974, 
        "39764"
      ], 
      [
        1633121989, 
        "183616"
      ], 
      [
        1633122004, 
        "173796"
      ], 
      [
        1633122019, 
        "207112"
      ], 
      [
        1633122034, 
        "168410"
      ], 
      [
        1633122049, 
        "208518"
      ], 
      [
        1633122064, 
        "202422"
      ], 
      [
        1633122079, 
        "198501"
      ], 
      [
        1633122094, 
        "151041"
      ], 
      [
        1633122109, 
        "170579"
      ], 
      [
        1633122124, 
        "197072"
      ], 
      [
        1633122139, 
        "201267"
      ], 
      [
        1633122154, 
        "232502"
      ], 
      [
        1633122169, 
        "121275"
      ]
    ]
  }, 
  "stat": {
    "dir_read_c": {
      "max": 208518.0, 
      "mean": 137490.2857142857, 
      "variance": 5292391194.394558, 
      "pvalue": 8.020102835012525e-09, 
      "min": 18593.0
    }, 
    "dir_reads": {
      "max": 4266888192.0, 
      "mean": 2741541985.5238094, 
      "variance": 2.1709708010528346e+18, 
      "pvalue": 9.274718582496552e-09, 
      "min": 323425280.0
    }, 
    "tcp_conn": {
      "max": 323.0, 
      "mean": 93.76190476190476, 
      "variance": 20453.133786848073, 
      "pvalue": 0.0002207209353787538, 
      "min": 1.0
    }, 
    "kvdb_bytes_read": {
      "max": 1042984.6207641526, 
      "mean": 645526.1210275895, 
      "variance": 153167148386.41068, 
      "pvalue": 0.00708988183215, 
      "min": 112100.90000000001
    }, 
    "tcp_sends": {
      "max": 175104.0, 
      "mean": 53443.04761904762, 
      "variance": 10171948071.473919, 
      "pvalue": 5.050228846653191e-08, 
      "min": 2048.0
    }, 
    "dir_writes": {
      "max": 586808320.0, 
      "mean": 233786075.42857143, 
      "variance": 3.4923638193978044e+16, 
      "pvalue": 0.23998543360994748, 
      "min": 44613632.0
    }, 
    "kvdb_bytes_write": {
      "max": 756932.2171384275, 
      "mean": 306339.2982529839, 
      "variance": 106238340397.54665, 
      "pvalue": 0.981878053896205, 
      "min": 0.0
    }, 
    "dir_write_c": {
      "max": 7997.0, 
      "mean": 2932.714285714286, 
      "variance": 86994300.29931974, 
      "pvalue": 0.13540503899439538, 
      "min": 210.0
    }, 
    "peer_stats": {
      "max": 4.0, 
      "mean": 1.2222222222222223, 
      "variance": 3.061728395061728, 
      "pvalue": 5.0954744907130466e-09, 
      "min": 0.0
    }, 
    "tcp_recvs": {
      "max": 4866048.0, 
      "mean": 2346422.8571428573, 
      "variance": 43959244586339.26, 
      "pvalue": 3.4979894080547585e-06, 
      "min": 0.0
    }
  }, 
  "dir_reads": {
    "metric": {
      "instance": "172.17.0.1:8000", 
      "hostname": "longz-experiment", 
      "pid": "26724", 
      "directory": "/data/blockchain/eth-data", 
      "job": "syscall_monitoring", 
      "application_name": "openethereum"
    }, 
    "values": [
      [
        1633121869, 
        "1266386944"
      ], 
      [
        1633121884, 
        "464231424"
      ], 
      [
        1633121899, 
        "894931968"
      ], 
      [
        1633121914, 
        "323425280"
      ], 
      [
        1633121929, 
        "1369498624"
      ], 
      [
        1633121944, 
        "232637440"
      ], 
      [
        1633121959, 
        "3613672448"
      ], 
      [
        1633121974, 
        "899550208"
      ], 
      [
        1633121989, 
        "3631112192"
      ], 
      [
        1633122004, 
        "3475201024"
      ], 
      [
        1633122019, 
        "4077255680"
      ], 
      [
        1633122034, 
        "3392065536"
      ], 
      [
        1633122049, 
        "4266888192"
      ], 
      [
        1633122064, 
        "4154701824"
      ], 
      [
        1633122079, 
        "3958798336"
      ], 
      [
        1633122094, 
        "3145081856"
      ], 
      [
        1633122109, 
        "3453884416"
      ], 
      [
        1633122124, 
        "3989896192"
      ], 
      [
        1633122139, 
        "3977537536"
      ], 
      [
        1633122154, 
        "4591168512"
      ], 
      [
        1633122169, 
        "2394456064"
      ]
    ]
  }, 
  "tcp_conn": {
    "metric": {}, 
    "values": [
      [
        1633121869, 
        "11"
      ], 
      [
        1633121884, 
        "44"
      ], 
      [
        1633121899, 
        "55"
      ], 
      [
        1633121914, 
        "176"
      ], 
      [
        1633121929, 
        "319"
      ], 
      [
        1633121944, 
        "537"
      ], 
      [
        1633121959, 
        "273"
      ], 
      [
        1633121974, 
        "323"
      ], 
      [
        1633121989, 
        "2"
      ], 
      [
        1633122004, 
        "60"
      ], 
      [
        1633122019, 
        "7"
      ], 
      [
        1633122034, 
        "13"
      ], 
      [
        1633122049, 
        "33"
      ], 
      [
        1633122064, 
        "3"
      ], 
      [
        1633122079, 
        "2"
      ], 
      [
        1633122094, 
        "2"
      ], 
      [
        1633122109, 
        "46"
      ], 
      [
        1633122124, 
        "1"
      ], 
      [
        1633122139, 
        "40"
      ], 
      [
        1633122154, 
        "1"
      ], 
      [
        1633122169, 
        "21"
      ]
    ]
  }, 
  "kvdb_bytes_read": {
    "metric": {
      "instance": "172.17.0.1:3033", 
      "job": "openethereum"
    }, 
    "values": [
      [
        1633121869, 
        "101301.6"
      ], 
      [
        1633121944, 
        "949106.5"
      ], 
      [
        1633122004, 
        "1070638.427685537"
      ], 
      [
        1633122019, 
        "960023.2"
      ], 
      [
        1633122139, 
        "647588.1984800001"
      ], 
      [
        1633122169, 
        "144498.8"
      ]
    ]
  }, 
  "tcp_sends": {
    "metric": {}, 
    "values": [
      [
        1633121869, 
        "58368"
      ], 
      [
        1633121884, 
        "36864"
      ], 
      [
        1633121899, 
        "9216"
      ], 
      [
        1633121914, 
        "2048"
      ], 
      [
        1633121929, 
        "59392"
      ], 
      [
        1633121944, 
        "175104"
      ], 
      [
        1633121959, 
        "83968"
      ], 
      [
        1633121974, 
        "467968"
      ], 
      [
        1633121989, 
        "45056"
      ], 
      [
        1633122004, 
        "11264"
      ], 
      [
        1633122019, 
        "15360"
      ], 
      [
        1633122034, 
        "68608"
      ], 
      [
        1633122049, 
        "11264"
      ], 
      [
        1633122064, 
        "0"
      ], 
      [
        1633122079, 
        "7168"
      ], 
      [
        1633122094, 
        "7168"
      ], 
      [
        1633122109, 
        "8192"
      ], 
      [
        1633122124, 
        "5120"
      ], 
      [
        1633122139, 
        "28672"
      ], 
      [
        1633122154, 
        "14336"
      ], 
      [
        1633122169, 
        "7168"
      ]
    ]
  }, 
  "dir_writes": {
    "metric": {
      "instance": "172.17.0.1:8000", 
      "hostname": "longz-experiment", 
      "pid": "26724", 
      "directory": "/data/blockchain/eth-data",