{
  "dir_read_c": {
    "metric": {
      "instance": "172.17.0.1:8000", 
      "hostname": "longz-experiment", 
      "pid": "26724", 
      "directory": "/data/blockchain/eth-data", 
      "job": "syscall_monitoring", 
      "application_name": "openethereum", 
      "__name__": "dir_reads_total"
    }, 
    "values": [
      [
        1633121566, 
        "234045"
      ], 
      [
        1633121581, 
        "171315"
      ], 
      [
        1633121596, 
        "88798"
      ], 
      [
        1633121611, 
        "181634"
      ], 
      [
        1633121626, 
        "259511"
      ], 
      [
        1633121641, 
        "249306"
      ], 
      [
        1633121656, 
        "261958"
      ], 
      [
        1633121671, 
        "256325"
      ], 
      [
        1633121686, 
        "231623"
      ], 
      [
        1633121701, 
        "227422"
      ], 
      [
        1633121716, 
        "260794"
      ], 
      [
        1633121731, 
        "231566"
      ], 
      [
        1633121746, 
        "255496"
      ], 
      [
        1633121761, 
        "259670"
      ], 
      [
        1633121776, 
        "240208"
      ], 
      [
        1633121791, 
        "264566"
      ], 
      [
        1633121806, 
        "260163"
      ], 
      [
        1633121821, 
        "250578"
      ], 
      [
        1633121836, 
        "259843"
      ], 
      [
        1633121851, 
        "183179"
      ], 
      [
        1633121866, 
        "67489"
      ]
    ]
  }, 
  "stat": {
    "dir_read_c": {
      "max": 261958.0, 
      "mean": 223594.7142857143, 
      "variance": 2973770989.2517004, 
      "pvalue": 1.7373929688373875e-16, 
      "min": 88798.0
    }, 
    "dir_reads": {
      "max": 5168616448.0, 
      "mean": 4364499431.619047, 
      "variance": 1.170709614686671e+18, 
      "pvalue": 4.783104314799467e-16, 
      "min": 1700259840.0
    }, 
    "tcp_conn": {
      "max": 16.0, 
      "mean": 9.952380952380953, 
      "variance": 70.23582766439911, 
      "pvalue": 2.773911785501245e-17, 
      "min": 2.0
    }, 
    "kvdb_bytes_read": {
      "max": 1135361.9, 
      "mean": 763790.5778645558, 
      "variance": 111978831892.64154, 
      "pvalue": 7.782021886606848e-08, 
      "min": 198944.76219999997
    }, 
    "tcp_sends": {
      "max": 343040.0, 
      "mean": 119369.14285714286, 
      "variance": 12756233766.312925, 
      "pvalue": 1.3782263924225512e-05, 
      "min": 15360.0
    }, 
    "dir_writes": {
      "max": 270281728.0, 
      "mean": 242322236.95238096, 
      "variance": 3145881036233767.5, 
      "pvalue": 1.3461211731605991e-05, 
      "min": 170002432.0
    }, 
    "kvdb_bytes_write": {
      "max": 0.05, 
      "mean": 0.0125, 
      "variance": 0.00234375, 
      "pvalue": 3.9373949391225335e-05, 
      "min": 0.0
    }, 
    "dir_write_c": {
      "max": 805.0, 
      "mean": 2364.714285714286, 
      "variance": 87962244.48979592, 
      "pvalue": 1.442040506709762e-05, 
      "min": 170.0
    }, 
    "peer_stats": {
      "max": 6.25, 
      "mean": 2.8125, 
      "variance": 5.65234375, 
      "pvalue": 3.5517678645213883e-15, 
      "min": 0.0
    }, 
    "tcp_recvs": {
      "max": 1003520.0, 
      "mean": 200460.19047619047, 
      "variance": 102251529603.77322, 
      "pvalue": 6.767646153036114e-11, 
      "min": 0.0
    }
  }, 
  "dir_reads": {
    "metric": {
      "instance": "172.17.0.1:8000", 
      "hostname": "longz-experiment", 
      "pid": "26724", 
      "directory": "/data/blockchain/eth-data", 
      "job": "syscall_monitoring", 
      "application_name": "openethereum"
    }, 
    "values": [
      [
        1633121566, 
        "4532515840"
      ], 
      [
        1633121581, 
        "3344950272"
      ], 
      [
        1633121596, 
        "1700259840"
      ], 
      [
        1633121611, 
        "3539641344"
      ], 
      [
        1633121626, 
        "5074876416"
      ], 
      [
        1633121641, 
        "4933785600"
      ], 
      [
        1633121656, 
        "5207790592"
      ], 
      [
        1633121671, 
        "5093351424"
      ], 
      [
        1633121686, 
        "4562831360"
      ], 
      [
        1633121701, 
        "4444486656"
      ], 
      [
        1633121716, 
        "5168616448"
      ], 
      [
        1633121731, 
        "4600233984"
      ], 
      [
        1633121746, 
        "5072374784"
      ], 
      [
        1633121761, 
        "5023148032"
      ], 
      [
        1633121776, 
        "4619951104"
      ], 
      [
        1633121791, 
        "5088412672"
      ], 
      [
        1633121806, 
        "5020905472"
      ], 
      [
        1633121821, 
        "4838833152"
      ], 
      [
        1633121836, 
        "5008784384"
      ], 
      [
        1633121851, 
        "3512351744"
      ], 
      [
        1633121866, 
        "1266386944"
      ]
    ]
  }, 
  "tcp_conn": {
    "metric": {}, 
    "values": [
      [
        1633121566, 
        "10"
      ], 
      [
        1633121581, 
        "2"
      ], 
      [
        1633121596, 
        "43"
      ], 
      [
        1633121611, 
        "7"
      ], 
      [
        1633121626, 
        "15"
      ], 
      [
        1633121641, 
        "9"
      ], 
      [
        1633121656, 
        "8"
      ], 
      [
        1633121671, 
        "5"
      ], 
      [
        1633121686, 
        "16"
      ], 
      [
        1633121701, 
        "12"
      ], 
      [
        1633121716, 
        "4"
      ], 
      [
        1633121731, 
        "14"
      ], 
      [
        1633121746, 
        "4"
      ], 
      [
        1633121761, 
        "6"
      ], 
      [
        1633121776, 
        "2"
      ], 
      [
        1633121791, 
        "6"
      ], 
      [
        1633121806, 
        "5"
      ], 
      [
        1633121821, 
        "12"
      ], 
      [
        1633121836, 
        "8"
      ], 
      [
        1633121851, 
        "10"
      ], 
      [
        1633121866, 
        "11"
      ]
    ]
  }, 
  "kvdb_bytes_read": {
    "metric": {
      "instance": "172.17.0.1:3033", 
      "job": "openethereum"
    }, 
    "values": [
      [
        1633121566, 
        "877848.1038328938"
      ], 
      [
        1633121596, 
        "698653.1"
      ], 
      [
        1633121611, 
        "1109171.7"
      ], 
      [
        1633121626, 
        "526228.8332533333"
      ], 
      [
        1633121641, 
        "1130562.4"
      ], 
      [
        1633121656, 
        "1035650.7"
      ], 
      [
        1633121671, 
        "935952.5"
      ], 
      [
        1633121701, 
        "1025261"
      ], 
      [
        1633121716, 
        "943030.9"
      ], 
      [
        1633121731, 
        "1149760.4"
      ], 
      [
        1633121746, 
        "231492.48293333332"
      ], 
      [
        1633121776, 
        "983166.3"
      ], 
      [
        1633121821, 
        "327450.32581333333"
      ], 
      [
        1633121836, 
        "769104.2"
      ], 
      [
        1633121851, 
        "376014.7"
      ], 
      [
        1633121866, 
        "101301.6"
      ]
    ]
  }, 
  "tcp_sends": {
    "metric": {},