{
  "dir_read_c": {
    "metric": {
      "instance": "172.17.0.1:8000", 
      "hostname": "longz-experiment", 
      "pid": "26724", 
      "directory": "/data/blockchain/eth-data", 
      "job": "syscall_monitoring", 
      "application_name": "openethereum", 
      "__name__": "dir_reads_total"
    }, 
    "values": [
      [
        1633122772, 
        "228406"
      ], 
      [
        1633122787, 
        "127369"
      ], 
      [
        1633122802, 
        "251844"
      ], 
      [
        1633122817, 
        "150267"
      ], 
      [
        1633122832, 
        "226321"
      ], 
      [
        1633122847, 
        "268265"
      ], 
      [
        1633122862, 
        "269236"
      ], 
      [
        1633122877, 
        "268895"
      ], 
      [
        1633122892, 
        "270441"
      ], 
      [
        1633122907, 
        "260933"
      ], 
      [
        1633122922, 
        "210137"
      ], 
      [
        1633122937, 
        "67157"
      ], 
      [
        1633122952, 
        "32939"
      ], 
      [
        1633122967, 
        "220231"
      ], 
      [
        1633122982, 
        "197940"
      ], 
      [
        1633122997, 
        "114331"
      ], 
      [
        1633123012, 
        "161801"
      ], 
      [
        1633123027, 
        "246707"
      ], 
      [
        1633123042, 
        "276208"
      ], 
      [
        1633123057, 
        "276912"
      ], 
      [
        1633123072, 
        "277781"
      ]
    ]
  }, 
  "stat": {
    "dir_read_c": {
      "max": 276912.0, 
      "mean": 209720.04761904763, 
      "variance": 5126328753.283447, 
      "pvalue": 7.591483791450815e-16, 
      "min": 67157.0
    }, 
    "dir_reads": {
      "max": 5668357120.0, 
      "mean": 4321910247.619047, 
      "variance": 2.2414927068193966e+18, 
      "pvalue": 9.245031639777392e-16, 
      "min": 1299591168.0
    }, 
    "tcp_conn": {
      "max": 474.0, 
      "mean": 119.19047619047619, 
      "variance": 21937.678004535144, 
      "pvalue": 0.0017948352606013337, 
      "min": 3.0
    }, 
    "kvdb_bytes_read": {
      "max": 1220388.1449999998, 
      "mean": 791045.9706014815, 
      "variance": 142428899891.136, 
      "pvalue": 3.799630605282922e-09, 
      "min": 185836.52000000002
    }, 
    "tcp_sends": {
      "max": 210944.0, 
      "mean": 76019.80952380953, 
      "variance": 4742749669.297052, 
      "pvalue": 7.567127074268443e-08, 
      "min": 21504.0
    }, 
    "dir_writes": {
      "max": 582716416.0, 
      "mean": 177389324.19047618, 
      "variance": 6.288196109195816e+16, 
      "pvalue": 2.7667329686504123e-06, 
      "min": 0.0
    }, 
    "kvdb_bytes_write": {
      "max": 4315479.6149999965, 
      "mean": 700597.4444444445, 
      "variance": 2667799530343.567, 
      "pvalue": 0.2609357206364228, 
      "min": 0.0
    }, 
    "dir_write_c": {
      "max": 4498.0, 
      "mean": 2748.0, 
      "variance": 92259076.28571428, 
      "pvalue": 6.12848911130194e-05, 
      "min": 0.0
    }, 
    "peer_stats": {
      "max": 4.199999999999999, 
      "mean": 1.6470588235294117, 
      "variance": 1.8754325259515572, 
      "pvalue": 4.793145621230278e-16, 
      "min": 0.0
    }, 
    "tcp_recvs": {
      "max": 16363520.0, 
      "mean": 2699995.4285714286, 
      "variance": 24054733910433.96, 
      "pvalue": 7.694174131137992e-05, 
      "min": 0.0
    }
  }, 
  "dir_reads": {
    "metric": {
      "instance": "172.17.0.1:8000", 
      "hostname": "longz-experiment", 
      "pid": "26724", 
      "directory": "/data/blockchain/eth-data", 
      "job": "syscall_monitoring", 
      "application_name": "openethereum"
    }, 
    "values": [
      [
        1633122772, 
        "4783459328"
      ], 
      [
        1633122787, 
        "2700582912"
      ], 
      [
        1633122802, 
        "5222967296"
      ], 
      [
        1633122817, 
        "3208054784"
      ], 
      [
        1633122832, 
        "4738209792"
      ], 
      [
        1633122847, 
        "5576627200"
      ], 
      [
        1633122862, 
        "5610076160"
      ], 
      [
        1633122877, 
        "5602954240"
      ], 
      [
        1633122892, 
        "5627693056"
      ], 
      [
        1633122907, 
        "5432684544"
      ], 
      [
        1633122922, 
        "4234074112"
      ], 
      [
        1633122937, 
        "1299591168"
      ], 
      [
        1633122952, 
        "642507776"
      ], 
      [
        1633122967, 
        "4264029184"
      ], 
      [
        1633122982, 
        "4144037888"
      ], 
      [
        1633122997, 
        "2281320448"
      ], 
      [
        1633123012, 
        "3237332992"
      ], 
      [
        1633123027, 
        "5138116608"
      ], 
      [
        1633123042, 
        "5654165504"
      ], 
      [
        1633123057, 
        "5668357120"
      ], 
      [
        1633123072, 
        "5693273088"
      ]
    ]
  }, 
  "tcp_conn": {
    "metric": {}, 
    "values": [
      [
        1633122772, 
        "185"
      ], 
      [
        1633122787, 
        "265"
      ], 
      [
        1633122802, 
        "63"
      ], 
      [
        1633122817, 
        "191"
      ], 
      [
        1633122832, 
        "46"
      ], 
      [
        1633122847, 
        "17"
      ], 
      [
        1633122862, 
        "13"
      ], 
      [
        1633122877, 
        "10"
      ], 
      [
        1633122892, 
        "9"
      ], 
      [
        1633122907, 
        "4"
      ], 
      [
        1633122922, 
        "131"
      ], 
      [
        1633122937, 
        "474"
      ], 
      [
        1633122952, 
        "495"
      ], 
      [
        1633122967, 
        "73"
      ], 
      [
        1633122982, 
        "34"
      ], 
      [
        1633122997, 
        "316"
      ], 
      [
        1633123012, 
        "131"
      ], 
      [
        1633123027, 
        "1"
      ], 
      [
        1633123042, 
        "3"
      ], 
      [
        1633123057, 
        "14"
      ], 
      [
        1633123072, 
        "28"
      ]
    ]
  }, 
  "kvdb_bytes_read": {
    "metric": {
      "instance": "172.17.0.1:3033", 
      "job": "openethereum"
    }, 
    "values": [
      [
        1633122772, 
        "401740.1"
      ], 
      [
        1633122787, 
        "1010261.9"
      ], 
      [
        1633122802, 
        "0"
      ], 
      [
        1633122817, 
        "1020692.1"
      ], 
      [
        1633122832, 
        "699559.2991466667"
      ], 
      [
        1633122847, 
        "1199153.9"
      ], 
      [
        1633122862, 
        "1216929.4"
      ], 
      [
        1633122877, 
        "1216731"
      ], 
      [
        1633122892, 
        "870838.1529600001"
      ], 
      [
        1633122907, 
        "906476.9"
      ], 
      [
        1633122922, 
        "339687.2"
      ], 
      [
        1633122937, 
        "218631.2"
      ], 
      [
        1633122952, 
        "601124.1187200001"
      ], 
      [
        1633122967, 
        "703013.2"
      ], 
      [
        1633122982, 
        "409943"
      ], 
      [
        1633122997, 
        "979682.3"
      ], 
      [
        1633123012, 
        "1204376"
      ], 
      [
        1633123057, 
        "1239987.7"
      ]
    ]
  }, 
  "tcp_sends": {
    "metric": {},