{
  "dir_read_c": {
    "metric": {
      "instance": "172.17.0.1:8000", 
      "hostname": "longz-experiment", 
      "pid": "26724", 
      "directory": "/data/blockchain/eth-data", 
      "job": "syscall_monitoring", 
      "application_name": "openethereum", 
      "__name__": "dir_reads_total"
    }, 
    "values": [
      [
        1633122469, 
        "280230"
      ], 
      [
        1633122484, 
        "284631"
      ], 
      [
        1633122499, 
        "155458"
      ], 
      [
        1633122514, 
        "167040"
      ], 
      [
        1633122529, 
        "6328"
      ], 
      [
        1633122544, 
        "0"
      ], 
      [
        1633122559, 
        "59756"
      ], 
      [
        1633122574, 
        "131990"
      ], 
      [
        1633122589, 
        "222868"
      ], 
      [
        1633122604, 
        "250654"
      ], 
      [
        1633122619, 
        "134256"
      ], 
      [
        1633122634, 
        "130226"
      ], 
      [
        1633122649, 
        "198568"
      ], 
      [
        1633122664, 
        "251135"
      ], 
      [
        1633122679, 
        "271192"
      ], 
      [
        1633122694, 
        "43509"
      ], 
      [
        1633122709, 
        "171177"
      ], 
      [
        1633122724, 
        "228306"
      ], 
      [
        1633122739, 
        "283218"
      ], 
      [
        1633122754, 
        "60617"
      ], 
      [
        1633122769, 
        "228406"
      ]
    ]
  }, 
  "stat": {
    "dir_read_c": {
      "max": 283218.0, 
      "mean": 169503.09523809524, 
      "variance": 8199366238.276644, 
      "pvalue": 1.6722727929477647e-11, 
      "min": 6328.0
    }, 
    "dir_reads": {
      "max": 5714448384.0, 
      "mean": 3533230762.6666665, 
      "variance": 3.478154801432016e+18, 
      "pvalue": 1.6722727929477647e-11, 
      "min": 126410752.0
    }, 
    "tcp_conn": {
      "max": 372.0, 
      "mean": 142.38095238095238, 
      "variance": 19475.759637188206, 
      "pvalue": 1.1616493256190677e-05, 
      "min": 2.0
    }, 
    "kvdb_bytes_read": {
      "max": 1239493.4, 
      "mean": 682359.7753269841, 
      "variance": 159434412573.15717, 
      "pvalue": 1.9881775612394216e-07, 
      "min": 81436.8
    }, 
    "tcp_sends": {
      "max": 167936.0, 
      "mean": 79676.95238095238, 
      "variance": 3402940601.759637, 
      "pvalue": 1.2785466773255907e-08, 
      "min": 21504.0
    }, 
    "dir_writes": {
      "max": 441092096.0, 
      "mean": 82865834.66666667, 
      "variance": 2.3965554769528856e+16, 
      "pvalue": 1.3901116440674238e-10, 
      "min": 0.0
    }, 
    "kvdb_bytes_write": {
      "max": 1752694.6, 
      "mean": 591503.6003733333, 
      "variance": 1510064885038.014, 
      "pvalue": 0.7755286086219987, 
      "min": 0.0
    }, 
    "dir_write_c": {
      "max": 3726.0, 
      "mean": 2736.6190476190477, 
      "variance": 86256361.37868483, 
      "pvalue": 0.0006251284196767097, 
      "min": 0.0
    }, 
    "peer_stats": {
      "max": 2.0500000000000007, 
      "mean": 0.95, 
      "variance": 0.7474999999999996, 
      "pvalue": 1.2127697463551752e-18, 
      "min": 0.0
    }, 
    "tcp_recvs": {
      "max": 6928384.0, 
      "mean": 2291370.6666666665, 
      "variance": 27975143387070.98, 
      "pvalue": 0.012973747638800574, 
      "min": 2048.0
    }
  }, 
  "dir_reads": {
    "metric": {
      "instance": "172.17.0.1:8000", 
      "hostname": "longz-experiment", 
      "pid": "26724", 
      "directory": "/data/blockchain/eth-data", 
      "job": "syscall_monitoring", 
      "application_name": "openethereum"
    }, 
    "values": [
      [
        1633122469, 
        "5477148672"
      ], 
      [
        1633122484, 
        "5714448384"
      ], 
      [
        1633122499, 
        "3000098816"
      ], 
      [
        1633122514, 
        "3312371712"
      ], 
      [
        1633122529, 
        "126410752"
      ], 
      [
        1633122544, 
        "0"
      ], 
      [
        1633122559, 
        "1199232000"
      ], 
      [
        1633122574, 
        "2948676608"
      ], 
      [
        1633122589, 
        "5020272640"
      ], 
      [
        1633122604, 
        "5648595968"
      ], 
      [
        1633122619, 
        "3009801216"
      ], 
      [
        1633122634, 
        "2976432128"
      ], 
      [
        1633122649, 
        "4621708288"
      ], 
      [
        1633122664, 
        "4937771008"
      ], 
      [
        1633122679, 
        "5353494528"
      ], 
      [
        1633122694, 
        "865730560"
      ], 
      [
        1633122709, 
        "3380575232"
      ], 
      [
        1633122724, 
        "4690060288"
      ], 
      [
        1633122739, 
        "5858056192"
      ], 
      [
        1633122754, 
        "1273501696"
      ], 
      [
        1633122769, 
        "4783459328"
      ]
    ]
  }, 
  "tcp_conn": {
    "metric": {}, 
    "values": [
      [
        1633122469, 
        "2"
      ], 
      [
        1633122484, 
        "9"
      ], 
      [
        1633122499, 
        "42"
      ], 
      [
        1633122514, 
        "3"
      ], 
      [
        1633122529, 
        "2"
      ], 
      [
        1633122544, 
        "173"
      ], 
      [
        1633122559, 
        "449"
      ], 
      [
        1633122574, 
        "214"
      ], 
      [
        1633122589, 
        "2"
      ], 
      [
        1633122604, 
        "27"
      ], 
      [
        1633122619, 
        "287"
      ], 
      [
        1633122634, 
        "271"
      ], 
      [
        1633122649, 
        "213"
      ], 
      [
        1633122664, 
        "52"
      ], 
      [
        1633122679, 
        "8"
      ], 
      [
        1633122694, 
        "359"
      ], 
      [
        1633122709, 
        "160"
      ], 
      [
        1633122724, 
        "154"
      ], 
      [
        1633122739, 
        "6"
      ], 
      [
        1633122754, 
        "372"
      ], 
      [
        1633122769, 
        "185"
      ]
    ]
  }, 
  "kvdb_bytes_read": {
    "metric": {
      "instance": "172.17.0.1:3033", 
      "job": "openethereum"
    }, 
    "values": [
      [
        1633122469, 
        "1170885.9"
      ], 
      [
        1633122484, 
        "838291.6"
      ], 
      [
        1633122499, 
        "957019.4"
      ], 
      [
        1633122514, 
        "81436.8"
      ], 
      [
        1633122529, 
        "0"
      ], 
      [
        1633122544, 
        "330051.4"
      ], 
      [
        1633122559, 
        "436230.5"
      ], 
      [
        1633122574, 
        "840244.5019466667"
      ], 
      [
        1633122589, 
        "1306327"
      ], 
      [
        1633122604, 
        "705643.9"
      ], 
      [
        1633122619, 
        "546763.7"
      ], 
      [
        1633122634, 
        "1239493.4"
      ], 
      [
        1633122649, 
        "572217.2444266666"
      ], 
      [
        1633122664, 
        "1236510.3"
      ], 
      [
        1633122679, 
        "221816.6"
      ], 
      [
        1633122694, 
        "1004463"
      ], 
      [
        1633122709, 
        "931588.6"
      ], 
      [
        1633122724, 
        "355345.0354933333"
      ], 
      [
        1633122739, 
        "181471.4"
      ], 
      [
        1633122754, 
        "1002829.1"
      ], 
      [
        1633122769, 
        "370925.9"
      ]
    ]
  }, 
  "tcp_sends": {
    "metric": {},