{
  "dir_read_c": {
    "metric": {
      "instance": "172.17.0.1:8000", 
      "hostname": "longz-chaosevm", 
      "pid": "27998", 
      "directory": "/data/eth-data", 
      "job": "syscall_monitoring", 
      "application_name": "geth", 
      "__name__": "dir_reads_total"
    }, 
    "values": [
      [
        1633136626, 
        "92705"
      ], 
      [
        1633136641, 
        "62060"
      ], 
      [
        1633136656, 
        "54849"
      ], 
      [
        1633136671, 
        "39806"
      ], 
      [
        1633136686, 
        "34134"
      ], 
      [
        1633136701, 
        "45076"
      ], 
      [
        1633136716, 
        "36909"
      ], 
      [
        1633136731, 
        "36152"
      ], 
      [
        1633136746, 
        "29679"
      ], 
      [
        1633136761, 
        "25336"
      ], 
      [
        1633136776, 
        "22906"
      ], 
      [
        1633136791, 
        "27189"
      ], 
      [
        1633136806, 
        "26991"
      ], 
      [
        1633136821, 
        "26565"
      ], 
      [
        1633136836, 
        "25693"
      ], 
      [
        1633136851, 
        "23601"
      ], 
      [
        1633136866, 
        "25877"
      ], 
      [
        1633136881, 
        "26573"
      ], 
      [
        1633136896, 
        "25135"
      ], 
      [
        1633136911, 
        "25241"
      ], 
      [
        1633136926, 
        "23205"
      ]
    ]
  }, 
  "stat": {
    "dir_read_c": {
      "max": 62060.0, 
      "mean": 35032.47619047619, 
      "variance": 273960527.10657597, 
      "pvalue": 8.218468150782764e-08, 
      "min": 23205.0
    }, 
    "dir_reads": {
      "max": 705001472.0, 
      "mean": 409477120.0, 
      "variance": 6.712026504711061e+16, 
      "pvalue": 2.2899503600034546e-06, 
      "min": 274693120.0
    }, 
    "tcp_conn": {
      "max": 79.0, 
      "mean": 69.71428571428571, 
      "variance": 40.01360544217687, 
      "pvalue": 1.118238794932857e-17, 
      "min": 61.0
    }, 
    "tcp_sends": {
      "max": 18356224.0, 
      "mean": 5327335.619047619, 
      "variance": 39293386077320.99, 
      "pvalue": 4.765863630040429e-10, 
      "min": 93184.0
    }, 
    "dir_writes": {
      "max": 27648.0, 
      "mean": 494104.38095238095, 
      "variance": 4609582300589.57, 
      "pvalue": 9.764986382467013e-13, 
      "min": 1024.0
    }, 
    "dir_write_c": {
      "max": 225.0, 
      "mean": 124.57142857142857, 
      "variance": 10629.673469387759, 
      "pvalue": 0.00013566842018169936, 
      "min": 16.0
    }, 
    "disk_write": {
      "max": 97067.21060279531, 
      "mean": 27576.649149336678, 
      "variance": 1151547910.5980191, 
      "pvalue": 0.5049649221773429, 
      "min": 1402.2086419851212
    }, 
    "disk_read": {
      "max": 36654601.333696164, 
      "mean": 26515020.55934115, 
      "variance": 34732235718930.25, 
      "pvalue": 2.5353902691347387e-08, 
      "min": 20251366.993437517
    }, 
    "peer_stats": {
      "max": 38.05, 
      "mean": 35.625, 
      "variance": 2.396875, 
      "pvalue": 1.2026467019345983e-18, 
      "min": 33.95
    }, 
    "tcp_recvs": {
      "max": 3330048.0, 
      "mean": 1802825.142857143, 
      "variance": 1124505142919.8367, 
      "pvalue": 2.4071946439012448e-05, 
      "min": 1051648.0
    }
  }, 
  "dir_reads": {
    "metric": {
      "instance": "172.17.0.1:8000", 
      "hostname": "longz-chaosevm", 
      "pid": "27998", 
      "directory": "/data/eth-data", 
      "job": "syscall_monitoring", 
      "application_name": "geth"
    }, 
    "values": [
      [
        1633136626, 
        "1450812416"
      ], 
      [
        1633136641, 
        "705001472"
      ], 
      [
        1633136656, 
        "650960896"
      ], 
      [
        1633136671, 
        "384045056"
      ], 
      [
        1633136686, 
        "369249280"
      ], 
      [
        1633136701, 
        "468187136"
      ], 
      [
        1633136716, 
        "362263552"
      ], 
      [
        1633136731, 
        "308625408"
      ], 
      [
        1633136746, 
        "345668608"
      ], 
      [
        1633136761, 
        "297791488"
      ], 
      [
        1633136776, 
        "266191872"
      ], 
      [
        1633136791, 
        "319802368"
      ], 
      [
        1633136806, 
        "319565824"
      ], 
      [
        1633136821, 
        "309383168"
      ], 
      [
        1633136836, 
        "305594368"
      ], 
      [
        1633136851, 
        "275121152"
      ], 
      [
        1633136866, 
        "299313152"
      ], 
      [
        1633136881, 
        "303109120"
      ], 
      [
        1633136896, 
        "294853632"
      ], 
      [
        1633136911, 
        "288786432"
      ], 
      [
        1633136926, 
        "274693120"
      ]
    ]
  }, 
  "tcp_conn": {
    "metric": {}, 
    "values": [
      [
        1633136626, 
        "61"
      ], 
      [
        1633136641, 
        "66"
      ], 
      [
        1633136656, 
        "66"
      ], 
      [
        1633136671, 
        "74"
      ], 
      [
        1633136686, 
        "69"
      ], 
      [
        1633136701, 
        "79"
      ], 
      [
        1633136716, 
        "68"
      ], 
      [
        1633136731, 
        "76"
      ], 
      [
        1633136746, 
        "65"
      ], 
      [
        1633136761, 
        "74"
      ], 
      [
        1633136776, 
        "66"
      ], 
      [
        1633136791, 
        "61"
      ], 
      [
        1633136806, 
        "83"
      ], 
      [
        1633136821, 
        "62"
      ], 
      [
        1633136836, 
        "79"
      ], 
      [
        1633136851, 
        "66"
      ], 
      [
        1633136866, 
        "66"
      ], 
      [
        1633136881, 
        "70"
      ], 
      [
        1633136896, 
        "63"
      ], 
      [
        1633136911, 
        "73"
      ], 
      [
        1633136926, 
        "77"
      ]
    ]
  }, 
  "tcp_sends": {
    "metric": {}, 
    "values": [
      [
        1633136626, 
        "93184"
      ], 
      [
        1633136641, 
        "130048"
      ], 
      [
        1633136656, 
        "251904"
      ], 
      [
        1633136671, 
        "17394688"
      ], 
      [
        1633136686, 
        "18356224"
      ], 
      [
        1633136701, 
        "4159488"
      ], 
      [
        1633136716, 
        "10964992"
      ], 
      [
        1633136731, 
        "1068032"
      ], 
      [
        1633136746, 
        "101376"
      ], 
      [
        1633136761, 
        "109568"
      ], 
      [
        1633136776, 
        "3771392"
      ], 
      [
        1633136791, 
        "4530176"
      ], 
      [
        1633136806, 
        "5053440"
      ], 
      [
        1633136821, 
        "4874240"
      ], 
      [
        1633136836, 
        "3584000"
      ], 
      [
        1633136851, 
        "4627456"
      ], 
      [
        1633136866, 
        "2327552"
      ], 
      [
        1633136881, 
        "3507200"
      ], 
      [
        1633136896, 
        "21961728"
      ], 
      [
        1633136911, 
        "4950016"
      ], 
      [
        1633136926, 
        "57344"
      ]
    ]
  }, 
  "dir_writes": {
    "metric": {
      "instance": "172.17.0.1:8000", 
      "hostname": "longz-chaosevm", 
      "pid": "27998", 
      "directory": "/data/eth-data", 
      "job": "syscall_monitoring", 
      "application_name": "geth"
    },