{
  "dir_read_c": {
    "metric": {
      "instance": "172.17.0.1:8000", 
      "hostname": "longz-chaosevm", 
      "pid": "27998", 
      "directory": "/data/eth-data", 
      "job": "syscall_monitoring", 
      "application_name": "geth", 
      "__name__": "dir_reads_total"
    }, 
    "values": [
      [
        1633136326, 
        "25153"
      ], 
      [
        1633136341, 
        "22246"
      ], 
      [
        1633136356, 
        "24366"
      ], 
      [
        1633136371, 
        "23139"
      ], 
      [
        1633136386, 
        "20221"
      ], 
      [
        1633136401, 
        "21551"
      ], 
      [
        1633136416, 
        "20804"
      ], 
      [
        1633136431, 
        "22513"
      ], 
      [
        1633136446, 
        "20412"
      ], 
      [
        1633136461, 
        "21134"
      ], 
      [
        1633136476, 
        "20070"
      ], 
      [
        1633136491, 
        "20516"
      ], 
      [
        1633136506, 
        "19612"
      ], 
      [
        1633136521, 
        "21362"
      ], 
      [
        1633136536, 
        "20042"
      ], 
      [
        1633136551, 
        "20129"
      ], 
      [
        1633136566, 
        "21955"
      ], 
      [
        1633136581, 
        "21257"
      ], 
      [
        1633136596, 
        "21679"
      ], 
      [
        1633136611, 
        "9876"
      ], 
      [
        1633136626, 
        "92705"
      ]
    ]
  }, 
  "stat": {
    "dir_read_c": {
      "max": 25153.0, 
      "mean": 24321.04761904762, 
      "variance": 241824432.90249434, 
      "pvalue": 0.16352437306057888, 
      "min": 19612.0
    }, 
    "dir_reads": {
      "max": 286836736.0, 
      "mean": 301888609.52380955, 
      "variance": 6.700250129197568e+16, 
      "pvalue": 0.003567541297043626, 
      "min": 230690816.0
    }, 
    "tcp_conn": {
      "max": 77.0, 
      "mean": 67.42857142857143, 
      "variance": 37.57823129251701, 
      "pvalue": 1.347030772435488e-18, 
      "min": 59.0
    }, 
    "tcp_sends": {
      "max": 1284096.0, 
      "mean": 707876.5714285715, 
      "variance": 5200032702296.817, 
      "pvalue": 0.008446230328496097, 
      "min": 89088.0
    }, 
    "dir_writes": {
      "max": 412672.0, 
      "mean": 576950.8571428572, 
      "variance": 4535882782148.79, 
      "pvalue": 0.002316135886295135, 
      "min": 41984.0
    }, 
    "dir_write_c": {
      "max": 201.0, 
      "mean": 118.04761904761905, 
      "variance": 8910.045351473924, 
      "pvalue": 0.00013109936415165387, 
      "min": 24.0
    }, 
    "disk_write": {
      "max": 28502.45708715172, 
      "mean": 16144.289222462327, 
      "variance": 1075676492.8795817, 
      "pvalue": 0.023792909584853465, 
      "min": 5221.212000491771
    }, 
    "disk_read": {
      "max": 19428553.548989866, 
      "mean": 17487191.692724634, 
      "variance": 3005774095334.9146, 
      "pvalue": 0.002234249254299227, 
      "min": 16361126.655806834
    }, 
    "peer_stats": {
      "max": 34.525000000000006, 
      "mean": 31.575, 
      "variance": 3.0818749999999997, 
      "pvalue": 1.2026467019345983e-18, 
      "min": 29.0
    }, 
    "tcp_recvs": {
      "max": 2184192.0, 
      "mean": 1509619.8095238095, 
      "variance": 1133722458841.1064, 
      "pvalue": 1.2839481119591497e-07, 
      "min": 626688.0
    }
  }, 
  "dir_reads": {
    "metric": {
      "instance": "172.17.0.1:8000", 
      "hostname": "longz-chaosevm", 
      "pid": "27998", 
      "directory": "/data/eth-data", 
      "job": "syscall_monitoring", 
      "application_name": "geth"
    }, 
    "values": [
      [
        1633136326, 
        "286836736"
      ], 
      [
        1633136341, 
        "246639616"
      ], 
      [
        1633136356, 
        "278111232"
      ], 
      [
        1633136371, 
        "267474944"
      ], 
      [
        1633136386, 
        "230690816"
      ], 
      [
        1633136401, 
        "250344448"
      ], 
      [
        1633136416, 
        "243160064"
      ], 
      [
        1633136431, 
        "260090880"
      ], 
      [
        1633136446, 
        "239883264"
      ], 
      [
        1633136461, 
        "248378368"
      ], 
      [
        1633136476, 
        "235170816"
      ], 
      [
        1633136491, 
        "240620544"
      ], 
      [
        1633136506, 
        "236871680"
      ], 
      [
        1633136521, 
        "253457408"
      ], 
      [
        1633136536, 
        "243470336"
      ], 
      [
        1633136551, 
        "240355328"
      ], 
      [
        1633136566, 
        "258304000"
      ], 
      [
        1633136581, 
        "256945152"
      ], 
      [
        1633136596, 
        "255379456"
      ], 
      [
        1633136611, 
        "116663296"
      ], 
      [
        1633136626, 
        "1450812416"
      ]
    ]
  }, 
  "tcp_conn": {
    "metric": {}, 
    "values": [
      [
        1633136326, 
        "64"
      ], 
      [
        1633136341, 
        "55"
      ], 
      [
        1633136356, 
        "64"
      ], 
      [
        1633136371, 
        "63"
      ], 
      [
        1633136386, 
        "69"
      ], 
      [
        1633136401, 
        "71"
      ], 
      [
        1633136416, 
        "81"
      ], 
      [
        1633136431, 
        "72"
      ], 
      [
        1633136446, 
        "70"
      ], 
      [
        1633136461, 
        "74"
      ], 
      [
        1633136476, 
        "73"
      ], 
      [
        1633136491, 
        "70"
      ], 
      [
        1633136506, 
        "68"
      ], 
      [
        1633136521, 
        "59"
      ], 
      [
        1633136536, 
        "61"
      ], 
      [
        1633136551, 
        "69"
      ], 
      [
        1633136566, 
        "62"
      ], 
      [
        1633136581, 
        "77"
      ], 
      [
        1633136596, 
        "68"
      ], 
      [
        1633136611, 
        "65"
      ], 
      [
        1633136626, 
        "61"
      ]
    ]
  }, 
  "tcp_sends": {
    "metric": {}, 
    "values": [
      [
        1633136326, 
        "108544"
      ], 
      [
        1633136341, 
        "1284096"
      ], 
      [
        1633136356, 
        "10842112"
      ], 
      [
        1633136371, 
        "219136"
      ], 
      [
        1633136386, 
        "104448"
      ], 
      [
        1633136401, 
        "145408"
      ], 
      [
        1633136416, 
        "111616"
      ], 
      [
        1633136431, 
        "134144"
      ], 
      [
        1633136446, 
        "100352"
      ], 
      [
        1633136461, 
        "155648"
      ], 
      [
        1633136476, 
        "89088"
      ], 
      [
        1633136491, 
        "164864"
      ], 
      [
        1633136506, 
        "109568"
      ], 
      [
        1633136521, 
        "464896"
      ], 
      [
        1633136536, 
        "101376"
      ], 
      [
        1633136551, 
        "155648"
      ], 
      [
        1633136566, 
        "130048"
      ], 
      [
        1633136581, 
        "153600"
      ], 
      [
        1633136596, 
        "89088"
      ], 
      [
        1633136611, 
        "108544"
      ], 
      [
        1633136626, 
        "93184"
      ]
    ]
  }, 
  "dir_writes": {
    "metric": {
      "instance": "172.17.0.1:8000", 
      "hostname": "longz-chaosevm", 
      "pid": "27998", 
      "directory": "/data/eth-data", 
      "job": "syscall_monitoring", 
      "application_name": "geth"
    },