{
  "dir_read_c": {
    "metric": {
      "instance": "172.17.0.1:8000", 
      "hostname": "longz-chaosevm", 
      "pid": "27998", 
      "directory": "/data/eth-data", 
      "job": "syscall_monitoring", 
      "application_name": "geth", 
      "__name__": "dir_reads_total"
    }, 
    "values": [
      [
        1633137530, 
        "26444"
      ], 
      [
        1633137545, 
        "29040"
      ], 
      [
        1633137560, 
        "28962"
      ], 
      [
        1633137575, 
        "29124"
      ], 
      [
        1633137590, 
        "27982"
      ], 
      [
        1633137605, 
        "21752"
      ], 
      [
        1633137620, 
        "19424"
      ], 
      [
        1633137635, 
        "28005"
      ], 
      [
        1633137650, 
        "20936"
      ], 
      [
        1633137665, 
        "23061"
      ], 
      [
        1633137680, 
        "25506"
      ], 
      [
        1633137695, 
        "25763"
      ], 
      [
        1633137710, 
        "24220"
      ], 
      [
        1633137725, 
        "24997"
      ], 
      [
        1633137740, 
        "26753"
      ], 
      [
        1633137755, 
        "26491"
      ], 
      [
        1633137770, 
        "24468"
      ], 
      [
        1633137785, 
        "25672"
      ], 
      [
        1633137800, 
        "25381"
      ], 
      [
        1633137815, 
        "23578"
      ], 
      [
        1633137830, 
        "23829"
      ]
    ]
  }, 
  "stat": {
    "dir_read_c": {
      "max": 29040.0, 
      "mean": 25304.190476190477, 
      "variance": 6667791.963718823, 
      "pvalue": 9.047492443351299e-05, 
      "min": 20936.0
    }, 
    "dir_reads": {
      "max": 344971264.0, 
      "mean": 305191545.9047619, 
      "variance": 1012242321154401.0, 
      "pvalue": 0.00011709234916291699, 
      "min": 254338048.0
    }, 
    "tcp_conn": {
      "max": 89.0, 
      "mean": 77.47619047619048, 
      "variance": 33.773242630385475, 
      "pvalue": 6.970463386253341e-13, 
      "min": 72.0
    }, 
    "tcp_sends": {
      "max": 1179648.0, 
      "mean": 369517.71428571426, 
      "variance": 947570796892.2993, 
      "pvalue": 5.5423738777690276e-05, 
      "min": 63488.0
    }, 
    "dir_writes": {
      "max": 482304.0, 
      "mean": 172617.14285714287, 
      "variance": 25431720047.455788, 
      "pvalue": 0.24079574986994395, 
      "min": 3072.0
    }, 
    "dir_write_c": {
      "max": 275.0, 
      "mean": 140.47619047619048, 
      "variance": 12212.0589569161, 
      "pvalue": 0.01489821980501827, 
      "min": 21.0
    }, 
    "disk_write": {
      "max": 19711.61533791436, 
      "mean": 7925.091201072224, 
      "variance": 36397669.89817749, 
      "pvalue": 0.00037169651757399075, 
      "min": 1756.8715471829391
    }, 
    "disk_read": {
      "max": 24225668.543543633, 
      "mean": 21338970.381900273, 
      "variance": 2591729321450.7495, 
      "pvalue": 8.993129490200999e-08, 
      "min": 20052460.120935246
    }, 
    "peer_stats": {
      "max": 42.05, 
      "mean": 40.85, 
      "variance": 0.8525, 
      "pvalue": 1.2026467019345983e-18, 
      "min": 39.475
    }, 
    "tcp_recvs": {
      "max": 2464768.0, 
      "mean": 1632158.4761904762, 
      "variance": 222105164505.10654, 
      "pvalue": 5.093206940139745e-06, 
      "min": 944128.0
    }
  }, 
  "dir_reads": {
    "metric": {
      "instance": "172.17.0.1:8000", 
      "hostname": "longz-chaosevm", 
      "pid": "27998", 
      "directory": "/data/eth-data", 
      "job": "syscall_monitoring", 
      "application_name": "geth"
    }, 
    "values": [
      [
        1633137530, 
        "321721344"
      ], 
      [
        1633137545, 
        "343087104"
      ], 
      [
        1633137560, 
        "344971264"
      ], 
      [
        1633137575, 
        "358481920"
      ], 
      [
        1633137590, 
        "337063936"
      ], 
      [
        1633137605, 
        "266476544"
      ], 
      [
        1633137620, 
        "234497024"
      ], 
      [
        1633137635, 
        "344747008"
      ], 
      [
        1633137650, 
        "254338048"
      ], 
      [
        1633137665, 
        "284227584"
      ], 
      [
        1633137680, 
        "314341376"
      ], 
      [
        1633137695, 
        "312138752"
      ], 
      [
        1633137710, 
        "296956928"
      ], 
      [
        1633137725, 
        "301749248"
      ], 
      [
        1633137740, 
        "320486400"
      ], 
      [
        1633137755, 
        "324548608"
      ], 
      [
        1633137770, 
        "296923136"
      ], 
      [
        1633137785, 
        "305146880"
      ], 
      [
        1633137800, 
        "301857792"
      ], 
      [
        1633137815, 
        "273796096"
      ], 
      [
        1633137830, 
        "271465472"
      ]
    ]
  }, 
  "tcp_conn": {
    "metric": {}, 
    "values": [
      [
        1633137530, 
        "81"
      ], 
      [
        1633137545, 
        "72"
      ], 
      [
        1633137560, 
        "72"
      ], 
      [
        1633137575, 
        "83"
      ], 
      [
        1633137590, 
        "82"
      ], 
      [
        1633137605, 
        "73"
      ], 
      [
        1633137620, 
        "81"
      ], 
      [
        1633137635, 
        "73"
      ], 
      [
        1633137650, 
        "76"
      ], 
      [
        1633137665, 
        "79"
      ], 
      [
        1633137680, 
        "86"
      ], 
      [
        1633137695, 
        "69"
      ], 
      [
        1633137710, 
        "74"
      ], 
      [
        1633137725, 
        "74"
      ], 
      [
        1633137740, 
        "73"
      ], 
      [
        1633137755, 
        "89"
      ], 
      [
        1633137770, 
        "73"
      ], 
      [
        1633137785, 
        "77"
      ], 
      [
        1633137800, 
        "72"
      ], 
      [
        1633137815, 
        "90"
      ], 
      [
        1633137830, 
        "78"
      ]
    ]
  }, 
  "tcp_sends": {
    "metric": {}, 
    "values": [
      [
        1633137530, 
        "114688"
      ], 
      [
        1633137545, 
        "69632"
      ], 
      [
        1633137560, 
        "124928"
      ], 
      [
        1633137575, 
        "68608"
      ], 
      [
        1633137590, 
        "119808"
      ], 
      [
        1633137605, 
        "68608"
      ], 
      [
        1633137620, 
        "108544"
      ], 
      [
        1633137635, 
        "61440"
      ], 
      [
        1633137650, 
        "116736"
      ], 
      [
        1633137665, 
        "71680"
      ], 
      [
        1633137680, 
        "123904"
      ], 
      [
        1633137695, 
        "63488"
      ], 
      [
        1633137710, 
        "123904"
      ], 
      [
        1633137725, 
        "75776"
      ], 
      [
        1633137740, 
        "124928"
      ], 
      [
        1633137755, 
        "4598784"
      ], 
      [
        1633137770, 
        "1179648"
      ], 
      [
        1633137785, 
        "107520"
      ], 
      [
        1633137800, 
        "178176"
      ], 
      [
        1633137815, 
        "103424"
      ], 
      [
        1633137830, 
        "155648"
      ]
    ]
  }, 
  "dir_writes": {
    "metric": {
      "instance": "172.17.0.1:8000", 
      "hostname": "longz-chaosevm", 
      "pid": "27998", 
      "directory": "/data/eth-data", 
      "job": "syscall_monitoring", 
      "application_name": "geth"
    },