{
  "dir_read_c": {
    "metric": {
      "instance": "172.17.0.1:8000", 
      "hostname": "longz-chaosevm", 
      "pid": "27998", 
      "directory": "/data/eth-data", 
      "job": "syscall_monitoring", 
      "application_name": "geth", 
      "__name__": "dir_reads_total"
    }, 
    "values": [
      [
        1633137227, 
        "27374"
      ], 
      [
        1633137242, 
        "28137"
      ], 
      [
        1633137257, 
        "27135"
      ], 
      [
        1633137272, 
        "62056"
      ], 
      [
        1633137287, 
        "118267"
      ], 
      [
        1633137302, 
        "52999"
      ], 
      [
        1633137317, 
        "60446"
      ], 
      [
        1633137332, 
        "36863"
      ], 
      [
        1633137347, 
        "31704"
      ], 
      [
        1633137362, 
        "27261"
      ], 
      [
        1633137377, 
        "34405"
      ], 
      [
        1633137392, 
        "38663"
      ], 
      [
        1633137407, 
        "38804"
      ], 
      [
        1633137422, 
        "33216"
      ], 
      [
        1633137437, 
        "32197"
      ], 
      [
        1633137452, 
        "31695"
      ], 
      [
        1633137467, 
        "31552"
      ], 
      [
        1633137482, 
        "31566"
      ], 
      [
        1633137497, 
        "30873"
      ], 
      [
        1633137512, 
        "32375"
      ], 
      [
        1633137527, 
        "26444"
      ]
    ]
  }, 
  "stat": {
    "dir_read_c": {
      "max": 62056.0, 
      "mean": 39715.80952380953, 
      "variance": 408677243.77324265, 
      "pvalue": 5.3591824652408115e-14, 
      "min": 27135.0
    }, 
    "dir_reads": {
      "max": 914112512.0, 
      "mean": 475814814.47619045, 
      "variance": 9.004264777484722e+16, 
      "pvalue": 4.5220333352811517e-13, 
      "min": 321721344.0
    }, 
    "tcp_conn": {
      "max": 81.0, 
      "mean": 73.28571428571429, 
      "variance": 39.63265306122449, 
      "pvalue": 7.237669417903351e-17, 
      "min": 64.0
    }, 
    "tcp_sends": {
      "max": 5280768.0, 
      "mean": 958268.9523809524, 
      "variance": 3306863334927.093, 
      "pvalue": 0.06142401316302805, 
      "min": 56320.0
    }, 
    "dir_writes": {
      "max": 303104.0, 
      "mean": 369956.5714285714, 
      "variance": 1998935495464.0532, 
      "pvalue": 1.4705948222880659e-08, 
      "min": 1024.0
    }, 
    "dir_write_c": {
      "max": 261.0, 
      "mean": 139.8095238095238, 
      "variance": 16344.535147392293, 
      "pvalue": 0.0005950663467097757, 
      "min": 17.0
    }, 
    "disk_write": {
      "max": 78528.5652453058, 
      "mean": 24410.268427809897, 
      "variance": 698117609.4603021, 
      "pvalue": 0.8847742712067904, 
      "min": 2326.9352191825324
    }, 
    "disk_read": {
      "max": 45247172.828885846, 
      "mean": 30996127.22352407, 
      "variance": 62012399676226.73, 
      "pvalue": 2.86845903632929e-10, 
      "min": 20879229.49858623
    }, 
    "peer_stats": {
      "max": 39.525, 
      "mean": 38.325, 
      "variance": 1.4318750000000011, 
      "pvalue": 1.2026467019345983e-18, 
      "min": 36.0
    }, 
    "tcp_recvs": {
      "max": 7727104.0, 
      "mean": 2220129.523809524, 
      "variance": 9355236977174.059, 
      "pvalue": 1.8653628591529714e-06, 
      "min": 626688.0
    }
  }, 
  "dir_reads": {
    "metric": {
      "instance": "172.17.0.1:8000", 
      "hostname": "longz-chaosevm", 
      "pid": "27998", 
      "directory": "/data/eth-data", 
      "job": "syscall_monitoring", 
      "application_name": "geth"
    }, 
    "values": [
      [
        1633137227, 
        "334359552"
      ], 
      [
        1633137242, 
        "346775552"
      ], 
      [
        1633137257, 
        "338439168"
      ], 
      [
        1633137272, 
        "914112512"
      ], 
      [
        1633137287, 
        "1668965376"
      ], 
      [
        1633137302, 
        "545769472"
      ], 
      [
        1633137317, 
        "666899456"
      ], 
      [
        1633137332, 
        "379318272"
      ], 
      [
        1633137347, 
        "329553920"
      ], 
      [
        1633137362, 
        "292516864"
      ], 
      [
        1633137377, 
        "394621952"
      ], 
      [
        1633137392, 
        "432072704"
      ], 
      [
        1633137407, 
        "440594432"
      ], 
      [
        1633137422, 
        "371438592"
      ], 
      [
        1633137437, 
        "357035008"
      ], 
      [
        1633137452, 
        "363414528"
      ], 
      [
        1633137467, 
        "350215168"
      ], 
      [
        1633137482, 
        "375128064"
      ], 
      [
        1633137497, 
        "373352448"
      ], 
      [
        1633137512, 
        "395806720"
      ], 
      [
        1633137527, 
        "321721344"
      ]
    ]
  }, 
  "tcp_conn": {
    "metric": {}, 
    "values": [
      [
        1633137227, 
        "68"
      ], 
      [
        1633137242, 
        "71"
      ], 
      [
        1633137257, 
        "74"
      ], 
      [
        1633137272, 
        "69"
      ], 
      [
        1633137287, 
        "66"
      ], 
      [
        1633137302, 
        "63"
      ], 
      [
        1633137317, 
        "71"
      ], 
      [
        1633137332, 
        "64"
      ], 
      [
        1633137347, 
        "90"
      ], 
      [
        1633137362, 
        "70"
      ], 
      [
        1633137377, 
        "78"
      ], 
      [
        1633137392, 
        "77"
      ], 
      [
        1633137407, 
        "78"
      ], 
      [
        1633137422, 
        "72"
      ], 
      [
        1633137437, 
        "73"
      ], 
      [
        1633137452, 
        "71"
      ], 
      [
        1633137467, 
        "81"
      ], 
      [
        1633137482, 
        "80"
      ], 
      [
        1633137497, 
        "71"
      ], 
      [
        1633137512, 
        "71"
      ], 
      [
        1633137527, 
        "81"
      ]
    ]
  }, 
  "tcp_sends": {
    "metric": {}, 
    "values": [
      [
        1633137227, 
        "196608"
      ], 
      [
        1633137242, 
        "1061888"
      ], 
      [
        1633137257, 
        "138240"
      ], 
      [
        1633137272, 
        "3321856"
      ], 
      [
        1633137287, 
        "169984"
      ], 
      [
        1633137302, 
        "65536"
      ], 
      [
        1633137317, 
        "123904"
      ], 
      [
        1633137332, 
        "54272"
      ], 
      [
        1633137347, 
        "108544"
      ], 
      [
        1633137362, 
        "1025024"
      ], 
      [
        1633137377, 
        "112640"
      ], 
      [
        1633137392, 
        "56320"
      ], 
      [
        1633137407, 
        "124928"
      ], 
      [
        1633137422, 
        "63488"
      ], 
      [
        1633137437, 
        "122880"
      ], 
      [
        1633137452, 
        "59392"
      ], 
      [
        1633137467, 
        "114688"
      ], 
      [
        1633137482, 
        "993280"
      ], 
      [
        1633137497, 
        "6814720"
      ], 
      [
        1633137512, 
        "5280768"
      ], 
      [
        1633137527, 
        "114688"
      ]
    ]
  }, 
  "dir_writes": {
    "metric": {
      "instance": "172.17.0.1:8000", 
      "hostname": "longz-chaosevm", 
      "pid": "27998", 
      "directory": "/data/eth-data", 
      "job": "syscall_monitoring", 
      "application_name": "geth"
    },