{
  "stat": {
    "max": 52.0, 
    "mean": 50.42857142857143, 
    "variance": 0.5306122448979591, 
    "min": 50.0
  }, 
  "values": [
    [
      1627473555, 
      50
    ], 
    [
      1627473570, 
      50
    ], 
    [
      1627473585, 
      50
    ], 
    [
      1627473600, 
      51
    ], 
    [
      1627473615, 
      50.5
    ], 
    [
      1627473630, 
      50
    ], 
    [
      1627473645, 
      50
    ], 
    [
      1627473660, 
      50
    ], 
    [
      1627473675, 
      50.5
    ], 
    [
      1627473690, 
      50
    ], 
    [
      1627473705, 
      50.5
    ], 
    [
      1627473720, 
      50
    ], 
    [
      1627473735, 
      51
    ], 
    [
      1627473750, 
      51
    ], 
    [
      1627473765, 
      50.5
    ], 
    [
      1627473780, 
      52
    ], 
    [
      1627473795, 
      50
    ], 
    [
      1627473810, 
      52
    ], 
    [
      1627473825, 
      50
    ], 
    [
      1627473840, 
      52
    ], 
    [
      1627473855, 
      50
    ]
  ], 
  "name": "geth.p2p/peers.gauge", 
  "columns": [
    "time", 
    "median"
  ]
}