{
  "dir_read_c": {
    "metric": {
      "instance": "172.17.0.1:8000", 
      "hostname": "longz-experiment", 
      "pid": "21003", 
      "directory": "/data/blockchain/eth-data", 
      "job": "syscall_monitoring", 
      "application_name": "openethereum", 
      "__name__": "dir_reads_total"
    }, 
    "values": [
      [
        1632273046, 
        "112963"
      ], 
      [
        1632273061, 
        "188794"
      ], 
      [
        1632273076, 
        "117490"
      ], 
      [
        1632273091, 
        "133534"
      ], 
      [
        1632273106, 
        "92047"
      ], 
      [
        1632273121, 
        "23408"
      ], 
      [
        1632273136, 
        "19076"
      ], 
      [
        1632273151, 
        "111078"
      ], 
      [
        1632273166, 
        "38042"
      ], 
      [
        1632273181, 
        "62530"
      ], 
      [
        1632273196, 
        "168832"
      ], 
      [
        1632273211, 
        "239371"
      ], 
      [
        1632273226, 
        "170534"
      ], 
      [
        1632273241, 
        "179183"
      ], 
      [
        1632273256, 
        "184873"
      ], 
      [
        1632273271, 
        "190915"
      ], 
      [
        1632273286, 
        "180517"
      ], 
      [
        1632273301, 
        "153041"
      ], 
      [
        1632273316, 
        "111878"
      ], 
      [
        1632273331, 
        "64548"
      ], 
      [
        1632273346, 
        "66433"
      ]
    ]
  }, 
  "stat": {
    "dir_read_c": {
      "max": 190915.0, 
      "mean": 124242.23809523809, 
      "variance": 3699157881.1337876, 
      "min": 23408.0
    }, 
    "dir_reads": {
      "max": 3930622976.0, 
      "mean": 2563880472.3809524, 
      "variance": 1.6147312952155203e+18, 
      "min": 522020864.0
    }, 
    "tcp_conn": {
      "max": 51.0, 
      "mean": 21.238095238095237, 
      "variance": 433.32426303854874, 
      "min": 2.0
    }, 
    "kvdb_bytes_read": {
      "max": 1009839.9350000003, 
      "mean": 552365.3812373332, 
      "variance": 127390085476.67563, 
      "min": 34829.895
    }, 
    "tcp_sends": {
      "max": 1311744.0, 
      "mean": 239323.42857142858, 
      "variance": 313764112509.38776, 
      "min": 14336.0
    }, 
    "dir_writes": {
      "max": 533097472.0, 
      "mean": 245597135.23809522, 
      "variance": 3.686691361476486e+16, 
      "min": 25171968.0
    }, 
    "kvdb_bytes_write": {
      "max": 3811629.090000004, 
      "mean": 1000577.0901693333, 
      "variance": 4371692589887.4326, 
      "min": 0.0
    }, 
    "dir_write_c": {
      "max": 7975.0, 
      "mean": 3140.904761904762, 
      "variance": 58230570.943310656, 
      "min": 235.0
    }, 
    "peer_stats": {
      "max": 28.0, 
      "mean": 26.0, 
      "variance": 12.6, 
      "min": 16.900000000000002
    }, 
    "tcp_recvs": {
      "max": 16336896.0, 
      "mean": 4150125.714285714, 
      "variance": 27524357464119.727, 
      "min": 548864.0
    }
  }, 
  "dir_reads": {
    "metric": {
      "instance": "172.17.0.1:8000", 
      "hostname": "longz-experiment", 
      "pid": "21003", 
      "directory": "/data/blockchain/eth-data", 
      "job": "syscall_monitoring", 
      "application_name": "openethereum"
    }, 
    "values": [
      [
        1632273046, 
        "2279919616"
      ], 
      [
        1632273061, 
        "3930622976"
      ], 
      [
        1632273076, 
        "2519434240"
      ], 
      [
        1632273091, 
        "2633568256"
      ], 
      [
        1632273106, 
        "1833149440"
      ], 
      [
        1632273121, 
        "522020864"
      ], 
      [
        1632273136, 
        "472337408"
      ], 
      [
        1632273151, 
        "2281114624"
      ], 
      [
        1632273166, 
        "796936192"
      ], 
      [
        1632273181, 
        "1335309312"
      ], 
      [
        1632273196, 
        "3424656384"
      ], 
      [
        1632273211, 
        "5231353856"
      ], 
      [
        1632273226, 
        "3702511616"
      ], 
      [
        1632273241, 
        "3587877888"
      ], 
      [
        1632273256, 
        "3729539072"
      ], 
      [
        1632273271, 
        "3750330368"
      ], 
      [
        1632273286, 
        "3740860416"
      ], 
      [
        1632273301, 
        "3226145792"
      ], 
      [
        1632273316, 
        "2280771584"
      ], 
      [
        1632273331, 
        "1236875264"
      ], 
      [
        1632273346, 
        "1326154752"
      ]
    ]
  }, 
  "tcp_conn": {
    "metric": {}, 
    "values": [
      [
        1632273046, 
        "2"
      ], 
      [
        1632273061, 
        "1"
      ], 
      [
        1632273076, 
        "9"
      ], 
      [
        1632273091, 
        "15"
      ], 
      [
        1632273106, 
        "42"
      ], 
      [
        1632273121, 
        "32"
      ], 
      [
        1632273136, 
        "38"
      ], 
      [
        1632273151, 
        "13"
      ], 
      [
        1632273166, 
        "51"
      ], 
      [
        1632273181, 
        "14"
      ], 
      [
        1632273196, 
        "6"
      ], 
      [
        1632273211, 
        "3"
      ], 
      [
        1632273226, 
        "6"
      ], 
      [
        1632273241, 
        "5"
      ], 
      [
        1632273256, 
        "25"
      ], 
      [
        1632273271, 
        "15"
      ], 
      [
        1632273286, 
        "6"
      ], 
      [
        1632273301, 
        "3"
      ], 
      [
        1632273316, 
        "34"
      ], 
      [
        1632273331, 
        "41"
      ], 
      [
        1632273346, 
        "85"
      ]
    ]
  }, 
  "kvdb_bytes_read": {
    "metric": {
      "instance": "172.17.0.1:3033", 
      "job": "openethereum"
    }, 
    "values": [
      [
        1632273046, 
        "620393.7"
      ], 
      [
        1632273061, 
        "325918.1"
      ], 
      [
        1632273076, 
        "503092.7"
      ], 
      [
        1632273091, 
        "360507.6"
      ], 
      [
        1632273106, 
        "26352"
      ], 
      [
        1632273121, 
        "35276.1"
      ], 
      [
        1632273136, 
        "440726.6"
      ], 
      [
        1632273151, 
        "40491"
      ], 
      [
        1632273166, 
        "288054.6"
      ], 
      [
        1632273181, 
        "829561.1"
      ], 
      [
        1632273196, 
        "1277258"
      ], 
      [
        1632273211, 
        "807336.9"
      ], 
      [
        1632273226, 
        "995765.3"
      ], 
      [
        1632273241, 
        "978892.8"
      ], 
      [
        1632273256, 
        "968580.6"
      ], 
      [
        1632273271, 
        "772442.7"
      ], 
      [
        1632273286, 
        "840247.7"
      ], 
      [
        1632273301, 
        "418987.2"
      ], 
      [
        1632273331, 
        "150080.52474666666"
      ], 
      [
        1632273346, 
        "367342.4"
      ]
    ]
  }, 
  "tcp_sends": {
    "metric": {},