{
  "dir_read_c": {
    "metric": {
      "instance": "172.17.0.1:8000", 
      "hostname": "longz-experiment", 
      "pid": "21003", 
      "directory": "/data/blockchain/eth-data", 
      "job": "syscall_monitoring", 
      "application_name": "openethereum", 
      "__name__": "dir_reads_total"
    }, 
    "values": [
      [
        1632272746, 
        "42833"
      ], 
      [
        1632272761, 
        "104329"
      ], 
      [
        1632272776, 
        "84749"
      ], 
      [
        1632272791, 
        "87770"
      ], 
      [
        1632272806, 
        "104016"
      ], 
      [
        1632272821, 
        "39471"
      ], 
      [
        1632272836, 
        "108541"
      ], 
      [
        1632272851, 
        "111188"
      ], 
      [
        1632272866, 
        "37553"
      ], 
      [
        1632272881, 
        "88814"
      ], 
      [
        1632272896, 
        "73768"
      ], 
      [
        1632272911, 
        "102720"
      ], 
      [
        1632272926, 
        "31075"
      ], 
      [
        1632272941, 
        "128735"
      ], 
      [
        1632272956, 
        "113424"
      ], 
      [
        1632272971, 
        "99753"
      ], 
      [
        1632272986, 
        "137216"
      ], 
      [
        1632273001, 
        "67737"
      ], 
      [
        1632273016, 
        "79086"
      ], 
      [
        1632273031, 
        "103684"
      ], 
      [
        1632273046, 
        "112963"
      ]
    ]
  }, 
  "stat": {
    "dir_read_c": {
      "max": 128735.0, 
      "mean": 88544.04761904762, 
      "variance": 872037815.1882086, 
      "min": 37553.0
    }, 
    "dir_reads": {
      "max": 2497119232.0, 
      "mean": 1674382969.9047618, 
      "variance": 3.566775077268645e+17, 
      "min": 607112192.0
    }, 
    "tcp_conn": {
      "max": 52.0, 
      "mean": 28.857142857142858, 
      "variance": 244.7891156462585, 
      "min": 11.0
    }, 
    "kvdb_bytes_read": {
      "max": 645439.985, 
      "mean": 253876.84429600002, 
      "variance": 38480556648.930374, 
      "min": 33423.002928
    }, 
    "tcp_sends": {
      "max": 150528.0, 
      "mean": 61440.0, 
      "variance": 10476872070.095238, 
      "min": 21504.0
    }, 
    "dir_writes": {
      "max": 234188800.0, 
      "mean": 198125372.95238096, 
      "variance": 477264565900815.1, 
      "min": 158806016.0
    }, 
    "kvdb_bytes_write": {
      "max": 610375.435, 
      "mean": 147368.055, 
      "variance": 57708792080.72646, 
      "min": 0.0
    }, 
    "dir_write_c": {
      "max": 463.0, 
      "mean": 2204.1428571428573, 
      "variance": 72131134.78911564, 
      "min": 183.0
    }, 
    "peer_stats": {
      "max": 32.05, 
      "mean": 28.65, 
      "variance": 5.527500000000002, 
      "min": 26.0
    }, 
    "tcp_recvs": {
      "max": 2976768.0, 
      "mean": 2736225.523809524, 
      "variance": 12248198542138.629, 
      "min": 746496.0
    }
  }, 
  "dir_reads": {
    "metric": {
      "instance": "172.17.0.1:8000", 
      "hostname": "longz-experiment", 
      "pid": "21003", 
      "directory": "/data/blockchain/eth-data", 
      "job": "syscall_monitoring", 
      "application_name": "openethereum"
    }, 
    "values": [
      [
        1632272746, 
        "847407104"
      ], 
      [
        1632272761, 
        "1858668544"
      ], 
      [
        1632272776, 
        "1524018176"
      ], 
      [
        1632272791, 
        "1553258496"
      ], 
      [
        1632272806, 
        "1915756544"
      ], 
      [
        1632272821, 
        "607112192"
      ], 
      [
        1632272836, 
        "2009329664"
      ], 
      [
        1632272851, 
        "2027906048"
      ], 
      [
        1632272866, 
        "539719680"
      ], 
      [
        1632272881, 
        "1805373440"
      ], 
      [
        1632272896, 
        "1523165184"
      ], 
      [
        1632272911, 
        "2156824576"
      ], 
      [
        1632272926, 
        "665630720"
      ], 
      [
        1632272941, 
        "2497119232"
      ], 
      [
        1632272956, 
        "2060810240"
      ], 
      [
        1632272971, 
        "1837803520"
      ], 
      [
        1632272986, 
        "2731350016"
      ], 
      [
        1632273001, 
        "1205405696"
      ], 
      [
        1632273016, 
        "1481897984"
      ], 
      [
        1632273031, 
        "2033565696"
      ], 
      [
        1632273046, 
        "2279919616"
      ]
    ]
  }, 
  "tcp_conn": {
    "metric": {}, 
    "values": [
      [
        1632272746, 
        "14"
      ], 
      [
        1632272761, 
        "65"
      ], 
      [
        1632272776, 
        "34"
      ], 
      [
        1632272791, 
        "51"
      ], 
      [
        1632272806, 
        "14"
      ], 
      [
        1632272821, 
        "50"
      ], 
      [
        1632272836, 
        "30"
      ], 
      [
        1632272851, 
        "25"
      ], 
      [
        1632272866, 
        "23"
      ], 
      [
        1632272881, 
        "11"
      ], 
      [
        1632272896, 
        "36"
      ], 
      [
        1632272911, 
        "40"
      ], 
      [
        1632272926, 
        "14"
      ], 
      [
        1632272941, 
        "16"
      ], 
      [
        1632272956, 
        "18"
      ], 
      [
        1632272971, 
        "19"
      ], 
      [
        1632272986, 
        "34"
      ], 
      [
        1632273001, 
        "52"
      ], 
      [
        1632273016, 
        "29"
      ], 
      [
        1632273031, 
        "29"
      ], 
      [
        1632273046, 
        "2"
      ]
    ]
  }, 
  "kvdb_bytes_read": {
    "metric": {
      "instance": "172.17.0.1:3033", 
      "job": "openethereum"
    }, 
    "values": [
      [
        1632272746, 
        "184665.8"
      ], 
      [
        1632272761, 
        "279884.4"
      ], 
      [
        1632272776, 
        "60306.588266666666"
      ], 
      [
        1632272791, 
        "305006.4"
      ], 
      [
        1632272806, 
        "108571.1"
      ], 
      [
        1632272821, 
        "383940.1"
      ], 
      [
        1632272836, 
        "465078.7"
      ], 
      [
        1632272851, 
        "134070"
      ], 
      [
        1632272866, 
        "235629.9"
      ], 
      [
        1632272881, 
        "227491.3"
      ], 
      [
        1632272896, 
        "14991.15856"
      ], 
      [
        1632272911, 
        "72668"
      ], 
      [
        1632272926, 
        "755350.9"
      ], 
      [
        1632272941, 
        "365821.1"
      ], 
      [
        1632272956, 
        "399276.5"
      ], 
      [
        1632272986, 
        "34393.1"
      ], 
      [
        1632273001, 
        "168101.2"
      ], 
      [
        1632273016, 
        "197115"
      ], 
      [
        1632273031, 
        "45520.439093333334"
      ], 
      [
        1632273046, 
        "639655.2"
      ]
    ]
  }, 
  "tcp_sends": {
    "metric": {},