{
  "dir_read_c": {
    "metric": {
      "instance": "172.17.0.1:8000", 
      "hostname": "longz-experiment", 
      "pid": "21003", 
      "directory": "/data/blockchain/eth-data", 
      "job": "syscall_monitoring", 
      "application_name": "openethereum", 
      "__name__": "dir_reads_total"
    }, 
    "values": [
      [
        1632273650, 
        "113585"
      ], 
      [
        1632273665, 
        "108057"
      ], 
      [
        1632273680, 
        "148959"
      ], 
      [
        1632273695, 
        "159549"
      ], 
      [
        1632273710, 
        "146010"
      ], 
      [
        1632273725, 
        "109036"
      ], 
      [
        1632273740, 
        "67795"
      ], 
      [
        1632273755, 
        "36516"
      ], 
      [
        1632273770, 
        "94273"
      ], 
      [
        1632273785, 
        "65071"
      ], 
      [
        1632273800, 
        "139626"
      ], 
      [
        1632273815, 
        "108988"
      ], 
      [
        1632273830, 
        "62056"
      ], 
      [
        1632273845, 
        "150532"
      ], 
      [
        1632273860, 
        "28919"
      ], 
      [
        1632273875, 
        "90452"
      ], 
      [
        1632273890, 
        "100230"
      ], 
      [
        1632273905, 
        "38079"
      ], 
      [
        1632273920, 
        "125063"
      ], 
      [
        1632273935, 
        "106630"
      ], 
      [
        1632273950, 
        "35400"
      ]
    ]
  }, 
  "stat": {
    "dir_read_c": {
      "max": 150532.0, 
      "mean": 96896.47619047618, 
      "variance": 1617928085.5827663, 
      "min": 35400.0
    }, 
    "dir_reads": {
      "max": 3048084480.0, 
      "mean": 1930869126.0952382, 
      "variance": 6.707803488323884e+17, 
      "min": 681379840.0
    }, 
    "tcp_conn": {
      "max": 261.0, 
      "mean": 129.61904761904762, 
      "variance": 13530.616780045353, 
      "min": 3.0
    }, 
    "kvdb_bytes_read": {
      "max": 516866.3717479999, 
      "mean": 215516.94750945587, 
      "variance": 39651998519.41314, 
      "min": 7480.171272
    }, 
    "tcp_sends": {
      "max": 771072.0, 
      "mean": 232204.19047619047, 
      "variance": 74659001146.63037, 
      "min": 14336.0
    }, 
    "dir_writes": {
      "max": 274962432.0, 
      "mean": 217982000.76190478, 
      "variance": 1155882024508232.8, 
      "min": 178395136.0
    }, 
    "kvdb_bytes_write": {
      "max": 1036623.5966666653, 
      "mean": 257922.15321798742, 
      "variance": 199080771847.44406, 
      "min": 0.0
    }, 
    "dir_write_c": {
      "max": 4964.0, 
      "mean": 2904.809523809524, 
      "variance": 92922662.63038546, 
      "min": 192.0
    }, 
    "peer_stats": {
      "max": 17.15, 
      "mean": 12.88888888888889, 
      "variance": 10.320987654320989, 
      "min": 8.0
    }, 
    "tcp_recvs": {
      "max": 10252288.0, 
      "mean": 3217310.476190476, 
      "variance": 10762466713841.49, 
      "min": 91136.0
    }
  }, 
  "dir_reads": {
    "metric": {
      "instance": "172.17.0.1:8000", 
      "hostname": "longz-experiment", 
      "pid": "21003", 
      "directory": "/data/blockchain/eth-data", 
      "job": "syscall_monitoring", 
      "application_name": "openethereum"
    }, 
    "values": [
      [
        1632273650, 
        "2257163264"
      ], 
      [
        1632273665, 
        "2111533056"
      ], 
      [
        1632273680, 
        "2935408640"
      ], 
      [
        1632273695, 
        "3151399936"
      ], 
      [
        1632273710, 
        "2926825472"
      ], 
      [
        1632273725, 
        "2290596864"
      ], 
      [
        1632273740, 
        "1350184960"
      ], 
      [
        1632273755, 
        "681379840"
      ], 
      [
        1632273770, 
        "1860568064"
      ], 
      [
        1632273785, 
        "1274674176"
      ], 
      [
        1632273800, 
        "2885612544"
      ], 
      [
        1632273815, 
        "2192518144"
      ], 
      [
        1632273830, 
        "1216407552"
      ], 
      [
        1632273845, 
        "3048084480"
      ], 
      [
        1632273860, 
        "525382656"
      ], 
      [
        1632273875, 
        "1713546240"
      ], 
      [
        1632273890, 
        "1923727360"
      ], 
      [
        1632273905, 
        "780427264"
      ], 
      [
        1632273920, 
        "2565168128"
      ], 
      [
        1632273935, 
        "2136617984"
      ], 
      [
        1632273950, 
        "721025024"
      ]
    ]
  }, 
  "tcp_conn": {
    "metric": {}, 
    "values": [
      [
        1632273650, 
        "81"
      ], 
      [
        1632273665, 
        "261"
      ], 
      [
        1632273680, 
        "69"
      ], 
      [
        1632273695, 
        "34"
      ], 
      [
        1632273710, 
        "240"
      ], 
      [
        1632273725, 
        "3"
      ], 
      [
        1632273740, 
        "42"
      ], 
      [
        1632273755, 
        "0"
      ], 
      [
        1632273770, 
        "5"
      ], 
      [
        1632273785, 
        "86"
      ], 
      [
        1632273800, 
        "18"
      ], 
      [
        1632273815, 
        "153"
      ], 
      [
        1632273830, 
        "189"
      ], 
      [
        1632273845, 
        "130"
      ], 
      [
        1632273860, 
        "489"
      ], 
      [
        1632273875, 
        "210"
      ], 
      [
        1632273890, 
        "210"
      ], 
      [
        1632273905, 
        "204"
      ], 
      [
        1632273920, 
        "128"
      ], 
      [
        1632273935, 
        "3"
      ], 
      [
        1632273950, 
        "167"
      ]
    ]
  }, 
  "kvdb_bytes_read": {
    "metric": {
      "instance": "172.17.0.1:3033", 
      "job": "openethereum"
    }, 
    "values": [
      [
        1632273650, 
        "410724.9"
      ], 
      [
        1632273665, 
        "508952.7"
      ], 
      [
        1632273680, 
        "136172.88216"
      ], 
      [
        1632273695, 
        "429418.4"
      ], 
      [
        1632273725, 
        "30758.62968"
      ], 
      [
        1632273770, 
        "57864.8"
      ], 
      [
        1632273785, 
        "14972.713623538899"
      ], 
      [
        1632273800, 
        "455395.5"
      ], 
      [
        1632273815, 
        "236087.1"
      ], 
      [
        1632273830, 
        "368744.20642666664"
      ], 
      [
        1632273845, 
        "44815.7"
      ], 
      [
        1632273860, 
        "20523.138506666663"
      ], 
      [
        1632273875, 
        "428416.1"
      ], 
      [
        1632273890, 
        "102988.6"
      ], 
      [
        1632273905, 
        "561710.5116533333"
      ], 
      [
        1632273920, 
        "6580.058399999999"
      ], 
      [
        1632273935, 
        "7639.01472"
      ], 
      [
        1632273950, 
        "57540.1"
      ]
    ]
  }, 
  "tcp_sends": {
    "metric": {},