{
  "dir_read_c": {
    "metric": {
      "instance": "172.17.0.1:8000", 
      "hostname": "longz-experiment", 
      "pid": "26333", 
      "directory": "/data/blockchain/eth-data", 
      "job": "syscall_monitoring", 
      "application_name": "openethereum", 
      "__name__": "dir_reads_total"
    }, 
    "values": [
      [
        1632286593, 
        "82524"
      ], 
      [
        1632286608, 
        "33852"
      ], 
      [
        1632286623, 
        "11554"
      ], 
      [
        1632286638, 
        "12270"
      ], 
      [
        1632286653, 
        "60800"
      ], 
      [
        1632286668, 
        "22001"
      ], 
      [
        1632286683, 
        "55775"
      ], 
      [
        1632286698, 
        "37712"
      ], 
      [
        1632286713, 
        "70318"
      ], 
      [
        1632286728, 
        "41894"
      ], 
      [
        1632286743, 
        "92705"
      ], 
      [
        1632286758, 
        "143539"
      ], 
      [
        1632286773, 
        "47657"
      ], 
      [
        1632286788, 
        "117657"
      ], 
      [
        1632286803, 
        "159962"
      ], 
      [
        1632286818, 
        "38397"
      ], 
      [
        1632286833, 
        "110606"
      ], 
      [
        1632286848, 
        "83437"
      ], 
      [
        1632286863, 
        "178548"
      ], 
      [
        1632286878, 
        "153409"
      ], 
      [
        1632286893, 
        "148971"
      ]
    ]
  }, 
  "stat": {
    "dir_read_c": {
      "max": 159962.0, 
      "mean": 81123.23809523809, 
      "variance": 2601370467.324263, 
      "min": 12270.0
    }, 
    "dir_reads": {
      "max": 2975889408.0, 
      "mean": 1569967104.0, 
      "variance": 9.488570555676379e+17, 
      "min": 252124160.0
    }, 
    "tcp_conn": {
      "max": 425.0, 
      "mean": 170.1904761904762, 
      "variance": 23234.63038548753, 
      "min": 4.0
    }, 
    "kvdb_bytes_read": {
      "max": 715489.5, 
      "mean": 299226.23514158727, 
      "variance": 62573142495.89943, 
      "min": 0.0
    }, 
    "tcp_sends": {
      "max": 424960.0, 
      "mean": 169203.80952380953, 
      "variance": 26710017411.773247, 
      "min": 22528.0
    }, 
    "dir_writes": {
      "max": 252078080.0, 
      "mean": 219519317.33333334, 
      "variance": 547540352589173.7, 
      "min": 181428224.0
    }, 
    "kvdb_bytes_write": {
      "max": 715659.1, 
      "mean": 234649.98177142857, 
      "variance": 86130267738.37039, 
      "min": 0.0
    }, 
    "dir_write_c": {
      "max": 554.0, 
      "mean": 2402.809523809524, 
      "variance": 87373378.53514738, 
      "min": 196.0
    }, 
    "peer_stats": {
      "max": 9.0, 
      "mean": 3.3333333333333335, 
      "variance": 6.793650793650794, 
      "min": 0.0
    }, 
    "tcp_recvs": {
      "max": 14916608.0, 
      "mean": 6467925.333333333, 
      "variance": 72789558167584.52, 
      "min": 0.0
    }
  }, 
  "dir_reads": {
    "metric": {
      "instance": "172.17.0.1:8000", 
      "hostname": "longz-experiment", 
      "pid": "26333", 
      "directory": "/data/blockchain/eth-data", 
      "job": "syscall_monitoring", 
      "application_name": "openethereum"
    }, 
    "values": [
      [
        1632286593, 
        "1649515520"
      ], 
      [
        1632286608, 
        "650744832"
      ], 
      [
        1632286623, 
        "237713408"
      ], 
      [
        1632286638, 
        "252124160"
      ], 
      [
        1632286653, 
        "1278492672"
      ], 
      [
        1632286668, 
        "451229696"
      ], 
      [
        1632286683, 
        "1272885248"
      ], 
      [
        1632286698, 
        "897452032"
      ], 
      [
        1632286713, 
        "1656623104"
      ], 
      [
        1632286728, 
        "687747072"
      ], 
      [
        1632286743, 
        "1867675648"
      ], 
      [
        1632286758, 
        "2908253184"
      ], 
      [
        1632286773, 
        "741139456"
      ], 
      [
        1632286788, 
        "2219490304"
      ], 
      [
        1632286803, 
        "2975889408"
      ], 
      [
        1632286818, 
        "562759680"
      ], 
      [
        1632286833, 
        "2037025792"
      ], 
      [
        1632286848, 
        "1483244544"
      ], 
      [
        1632286863, 
        "3365962752"
      ], 
      [
        1632286878, 
        "2855328768"
      ], 
      [
        1632286893, 
        "2918011904"
      ]
    ]
  }, 
  "tcp_conn": {
    "metric": {}, 
    "values": [
      [
        1632286593, 
        "64"
      ], 
      [
        1632286608, 
        "13"
      ], 
      [
        1632286623, 
        "4"
      ], 
      [
        1632286638, 
        "117"
      ], 
      [
        1632286653, 
        "322"
      ], 
      [
        1632286668, 
        "470"
      ], 
      [
        1632286683, 
        "293"
      ], 
      [
        1632286698, 
        "406"
      ], 
      [
        1632286713, 
        "203"
      ], 
      [
        1632286728, 
        "155"
      ], 
      [
        1632286743, 
        "1"
      ], 
      [
        1632286758, 
        "32"
      ], 
      [
        1632286773, 
        "381"
      ], 
      [
        1632286788, 
        "159"
      ], 
      [
        1632286803, 
        "54"
      ], 
      [
        1632286818, 
        "425"
      ], 
      [
        1632286833, 
        "165"
      ], 
      [
        1632286848, 
        "229"
      ], 
      [
        1632286863, 
        "44"
      ], 
      [
        1632286878, 
        "4"
      ], 
      [
        1632286893, 
        "33"
      ]
    ]
  }, 
  "kvdb_bytes_read": {
    "metric": {
      "instance": "172.17.0.1:3033", 
      "job": "openethereum"
    }, 
    "values": [
      [
        1632286593, 
        "68341.5"
      ], 
      [
        1632286608, 
        "0"
      ], 
      [
        1632286623, 
        "0"
      ], 
      [
        1632286638, 
        "326884.4"
      ], 
      [
        1632286653, 
        "73882.7"
      ], 
      [
        1632286668, 
        "103497.1"
      ], 
      [
        1632286683, 
        "109639.1"
      ], 
      [
        1632286698, 
        "37324.824799999995"
      ], 
      [
        1632286713, 
        "147580.1"
      ], 
      [
        1632286728, 
        "408070.6"
      ], 
      [
        1632286743, 
        "715489.5"
      ], 
      [
        1632286758, 
        "82295.6"
      ], 
      [
        1632286773, 
        "590663.9"
      ], 
      [
        1632286788, 
        "347116.88528"
      ], 
      [
        1632286803, 
        "158540.9"
      ], 
      [
        1632286818, 
        "549037.1"
      ], 
      [
        1632286833, 
        "116148.8"
      ], 
      [
        1632286848, 
        "697412.6"
      ], 
      [
        1632286863, 
        "531163.3"
      ], 
      [
        1632286878, 
        "502573.1"
      ], 
      [
        1632286893, 
        "718088.9278933334"
      ]
    ]
  }, 
  "tcp_sends": {
    "metric": {},