{
  "dir_read_c": {
    "metric": {
      "instance": "172.17.0.1:8000", 
      "hostname": "longz-experiment", 
      "pid": "26333", 
      "directory": "/data/blockchain/eth-data", 
      "job": "syscall_monitoring", 
      "application_name": "openethereum", 
      "__name__": "dir_reads_total"
    }, 
    "values": [
      [
        1632286292, 
        "162716"
      ], 
      [
        1632286307, 
        "142707"
      ], 
      [
        1632286322, 
        "139659"
      ], 
      [
        1632286337, 
        "210227"
      ], 
      [
        1632286352, 
        "123398"
      ], 
      [
        1632286367, 
        "117109"
      ], 
      [
        1632286382, 
        "117457"
      ], 
      [
        1632286397, 
        "27139"
      ], 
      [
        1632286412, 
        "120996"
      ], 
      [
        1632286427, 
        "76032"
      ], 
      [
        1632286442, 
        "100865"
      ], 
      [
        1632286457, 
        "59228"
      ], 
      [
        1632286472, 
        "188407"
      ], 
      [
        1632286487, 
        "196898"
      ], 
      [
        1632286502, 
        "180652"
      ], 
      [
        1632286517, 
        "204126"
      ], 
      [
        1632286532, 
        "113603"
      ], 
      [
        1632286547, 
        "35879"
      ], 
      [
        1632286562, 
        "34740"
      ], 
      [
        1632286577, 
        "31165"
      ], 
      [
        1632286592, 
        "82524"
      ]
    ]
  }, 
  "stat": {
    "dir_read_c": {
      "max": 204126.0, 
      "mean": 117406.04761904762, 
      "variance": 3352417063.569161, 
      "min": 31165.0
    }, 
    "dir_reads": {
      "max": 4172500992.0, 
      "mean": 2355863552.0, 
      "variance": 1.4270381480347348e+18, 
      "min": 579685376.0
    }, 
    "tcp_conn": {
      "max": 328.0, 
      "mean": 78.42857142857143, 
      "variance": 17076.244897959186, 
      "min": 0.0
    }, 
    "kvdb_bytes_read": {
      "max": 936771.6, 
      "mean": 469589.7209818181, 
      "variance": 89734598546.65349, 
      "min": 76703.35548
    }, 
    "tcp_sends": {
      "max": 438272.0, 
      "mean": 132827.42857142858, 
      "variance": 59935320189.38773, 
      "min": 0.0
    }, 
    "dir_writes": {
      "max": 521308160.0, 
      "mean": 262610602.66666666, 
      "variance": 1.1962143313514822e+16, 
      "min": 139372544.0
    }, 
    "kvdb_bytes_write": {
      "max": 3719297.55, 
      "mean": 901221.7953527272, 
      "variance": 2903943405324.0654, 
      "min": 0.0
    }, 
    "dir_write_c": {
      "max": 5643.0, 
      "mean": 3658.8571428571427, 
      "variance": 87114434.78911562, 
      "min": 219.0
    }, 
    "peer_stats": {
      "max": 13.0, 
      "mean": 8.909090909090908, 
      "variance": 22.082644628099175, 
      "min": 0.0
    }, 
    "tcp_recvs": {
      "max": 1856512.0, 
      "mean": 529066.6666666666, 
      "variance": 446356766459.93646, 
      "min": 0.0
    }
  }, 
  "dir_reads": {
    "metric": {
      "instance": "172.17.0.1:8000", 
      "hostname": "longz-experiment", 
      "pid": "26333", 
      "directory": "/data/blockchain/eth-data", 
      "job": "syscall_monitoring", 
      "application_name": "openethereum"
    }, 
    "values": [
      [
        1632286292, 
        "3167126528"
      ], 
      [
        1632286307, 
        "2827609088"
      ], 
      [
        1632286322, 
        "2769953792"
      ], 
      [
        1632286337, 
        "4171060224"
      ], 
      [
        1632286352, 
        "2395721728"
      ], 
      [
        1632286367, 
        "2262081536"
      ], 
      [
        1632286382, 
        "2309422080"
      ], 
      [
        1632286397, 
        "551247872"
      ], 
      [
        1632286412, 
        "2407108608"
      ], 
      [
        1632286427, 
        "1513799680"
      ], 
      [
        1632286442, 
        "2036673536"
      ], 
      [
        1632286457, 
        "1311457280"
      ], 
      [
        1632286472, 
        "3912730624"
      ], 
      [
        1632286487, 
        "4172500992"
      ], 
      [
        1632286502, 
        "3669001216"
      ], 
      [
        1632286517, 
        "4223718400"
      ], 
      [
        1632286532, 
        "2250059776"
      ], 
      [
        1632286547, 
        "646518784"
      ], 
      [
        1632286562, 
        "646141952"
      ], 
      [
        1632286577, 
        "579685376"
      ], 
      [
        1632286592, 
        "1649515520"
      ]
    ]
  }, 
  "tcp_conn": {
    "metric": {}, 
    "values": [
      [
        1632286292, 
        "2"
      ], 
      [
        1632286307, 
        "28"
      ], 
      [
        1632286322, 
        "25"
      ], 
      [
        1632286337, 
        "4"
      ], 
      [
        1632286352, 
        "58"
      ], 
      [
        1632286367, 
        "47"
      ], 
      [
        1632286382, 
        "328"
      ], 
      [
        1632286397, 
        "513"
      ], 
      [
        1632286412, 
        "194"
      ], 
      [
        1632286427, 
        "200"
      ], 
      [
        1632286442, 
        "168"
      ], 
      [
        1632286457, 
        "0"
      ], 
      [
        1632286472, 
        "4"
      ], 
      [
        1632286487, 
        "1"
      ], 
      [
        1632286502, 
        "2"
      ], 
      [
        1632286517, 
        "2"
      ], 
      [
        1632286532, 
        "1"
      ], 
      [
        1632286547, 
        "6"
      ], 
      [
        1632286562, 
        "0"
      ], 
      [
        1632286577, 
        "0"
      ], 
      [
        1632286592, 
        "64"
      ]
    ]
  }, 
  "kvdb_bytes_read": {
    "metric": {
      "instance": "172.17.0.1:3033", 
      "job": "openethereum"
    }, 
    "values": [
      [
        1632286292, 
        "403886.39112000004"
      ], 
      [
        1632286337, 
        "502273.2"
      ], 
      [
        1632286352, 
        "315141.9"
      ], 
      [
        1632286367, 
        "487233.5"
      ], 
      [
        1632286382, 
        "105027.3"
      ], 
      [
        1632286397, 
        "620928.2"
      ], 
      [
        1632286427, 
        "85065.21096000001"
      ], 
      [
        1632286457, 
        "910562.1"
      ], 
      [
        1632286472, 
        "962981.1"
      ], 
      [
        1632286502, 
        "704046.5287200002"
      ], 
      [
        1632286592, 
        "68341.5"
      ]
    ]
  }, 
  "tcp_sends": {
    "metric": {}, 
    "values": [
      [
        1632286292, 
        "21504"
      ], 
      [
        1632286307, 
        "14336"
      ], 
      [
        1632286322, 
        "21504"
      ], 
      [
        1632286337, 
        "21504"
      ], 
      [
        1632286352, 
        "1093632"
      ], 
      [
        1632286367, 
        "221184"
      ], 
      [
        1632286382, 
        "368640"
      ], 
      [
        1632286397, 
        "438272"
      ], 
      [
        1632286412, 
        "124928"
      ], 
      [
        1632286427, 
        "72704"
      ], 
      [
        1632286442, 
        "139264"
      ], 
      [
        1632286457, 
        "0"
      ], 
      [
        1632286472, 
        "51200"
      ], 
      [
        1632286487, 
        "14336"
      ], 
      [
        1632286502, 
        "21504"
      ], 
      [
        1632286517, 
        "21504"
      ], 
      [
        1632286532, 
        "7168"
      ], 
      [
        1632286547, 
        "43008"
      ], 
      [
        1632286562, 
        "0"
      ], 
      [
        1632286577, 
        "0"
      ], 
      [
        1632286592, 
        "93184"
      ]
    ]
  }, 
  "dir_writes": {
    "metric": {
      "instance": "172.17.0.1:8000", 
      "hostname": "longz-experiment", 
      "pid": "26333", 
      "directory": "/data/blockchain/eth-data", 
      "job": "syscall_monitoring", 
      "application_name": "openethereum"
    },