{
  "dir_read_c": {
    "metric": {
      "instance": "172.17.0.1:8000", 
      "hostname": "longz-experiment", 
      "pid": "26333", 
      "directory": "/data/blockchain/eth-data", 
      "job": "syscall_monitoring", 
      "application_name": "openethereum", 
      "__name__": "dir_reads_total"
    }, 
    "values": [
      [
        1632287196, 
        "71653"
      ], 
      [
        1632287211, 
        "105505"
      ], 
      [
        1632287226, 
        "128324"
      ], 
      [
        1632287241, 
        "179672"
      ], 
      [
        1632287256, 
        "73562"
      ], 
      [
        1632287271, 
        "97306"
      ], 
      [
        1632287286, 
        "63573"
      ], 
      [
        1632287301, 
        "78735"
      ], 
      [
        1632287316, 
        "124698"
      ], 
      [
        1632287331, 
        "200824"
      ], 
      [
        1632287346, 
        "151144"
      ], 
      [
        1632287361, 
        "122392"
      ], 
      [
        1632287376, 
        "147575"
      ], 
      [
        1632287391, 
        "57974"
      ], 
      [
        1632287406, 
        "91021"
      ], 
      [
        1632287421, 
        "77124"
      ], 
      [
        1632287436, 
        "64707"
      ], 
      [
        1632287451, 
        "166412"
      ], 
      [
        1632287466, 
        "69257"
      ], 
      [
        1632287481, 
        "122450"
      ], 
      [
        1632287496, 
        "212818"
      ]
    ]
  }, 
  "stat": {
    "dir_read_c": {
      "max": 200824.0, 
      "mean": 114606.0, 
      "variance": 2111824335.047619, 
      "min": 63573.0
    }, 
    "dir_reads": {
      "max": 3999575040.0, 
      "mean": 2243462972.952381, 
      "variance": 8.702092088896383e+17, 
      "min": 1217394688.0
    }, 
    "tcp_conn": {
      "max": 370.0, 
      "mean": 109.23809523809524, 
      "variance": 12477.41950113379, 
      "min": 3.0
    }, 
    "kvdb_bytes_read": {
      "max": 718630.885, 
      "mean": 331280.0535314286, 
      "variance": 61125458502.04686, 
      "min": 37103.57125866667
    }, 
    "tcp_sends": {
      "max": 1022976.0, 
      "mean": 265118.4761904762, 
      "variance": 117825279948.9161, 
      "min": 7168.0
    }, 
    "dir_writes": {
      "max": 289713152.0, 
      "mean": 215453598.47619048, 
      "variance": 4059552540115576.5, 
      "min": 143299584.0
    }, 
    "kvdb_bytes_write": {
      "max": 995052.0899999996, 
      "mean": 344343.91657904757, 
      "variance": 184616391659.17627, 
      "min": 0.0
    }, 
    "dir_write_c": {
      "max": 4405.0, 
      "mean": 2732.8571428571427, 
      "variance": 87735025.17006801, 
      "min": 175.0
    }, 
    "peer_stats": {
      "max": 19.25, 
      "mean": 13.125, 
      "variance": 9.859375, 
      "min": 9.0
    }, 
    "tcp_recvs": {
      "max": 6642688.0, 
      "mean": 2463597.714285714, 
      "variance": 10370560073783.729, 
      "min": 112640.0
    }
  }, 
  "dir_reads": {
    "metric": {
      "instance": "172.17.0.1:8000", 
      "hostname": "longz-experiment", 
      "pid": "26333", 
      "directory": "/data/blockchain/eth-data", 
      "job": "syscall_monitoring", 
      "application_name": "openethereum"
    }, 
    "values": [
      [
        1632287196, 
        "1408931840"
      ], 
      [
        1632287211, 
        "2159060992"
      ], 
      [
        1632287226, 
        "2411574272"
      ], 
      [
        1632287241, 
        "3398416384"
      ], 
      [
        1632287256, 
        "1301994496"
      ], 
      [
        1632287271, 
        "1794857984"
      ], 
      [
        1632287286, 
        "1217394688"
      ], 
      [
        1632287301, 
        "1566041088"
      ], 
      [
        1632287316, 
        "2385497088"
      ], 
      [
        1632287331, 
        "3999575040"
      ], 
      [
        1632287346, 
        "3086968832"
      ], 
      [
        1632287361, 
        "2512920576"
      ], 
      [
        1632287376, 
        "2921391104"
      ], 
      [
        1632287391, 
        "1065784320"
      ], 
      [
        1632287406, 
        "1785670656"
      ], 
      [
        1632287421, 
        "1495219200"
      ], 
      [
        1632287436, 
        "1236882432"
      ], 
      [
        1632287451, 
        "3351951360"
      ], 
      [
        1632287466, 
        "1338316800"
      ], 
      [
        1632287481, 
        "2428382208"
      ], 
      [
        1632287496, 
        "4245891072"
      ]
    ]
  }, 
  "tcp_conn": {
    "metric": {}, 
    "values": [
      [
        1632287196, 
        "83"
      ], 
      [
        1632287211, 
        "63"
      ], 
      [
        1632287226, 
        "91"
      ], 
      [
        1632287241, 
        "17"
      ], 
      [
        1632287256, 
        "78"
      ], 
      [
        1632287271, 
        "394"
      ], 
      [
        1632287286, 
        "215"
      ], 
      [
        1632287301, 
        "84"
      ], 
      [
        1632287316, 
        "29"
      ], 
      [
        1632287331, 
        "56"
      ], 
      [
        1632287346, 
        "2"
      ], 
      [
        1632287361, 
        "36"
      ], 
      [
        1632287376, 
        "4"
      ], 
      [
        1632287391, 
        "74"
      ], 
      [
        1632287406, 
        "212"
      ], 
      [
        1632287421, 
        "70"
      ], 
      [
        1632287436, 
        "370"
      ], 
      [
        1632287451, 
        "29"
      ], 
      [
        1632287466, 
        "249"
      ], 
      [
        1632287481, 
        "135"
      ], 
      [
        1632287496, 
        "3"
      ]
    ]
  }, 
  "kvdb_bytes_read": {
    "metric": {
      "instance": "172.17.0.1:3033", 
      "job": "openethereum"
    }, 
    "values": [
      [
        1632287196, 
        "553045.8"
      ], 
      [
        1632287211, 
        "14479.246453333333"
      ], 
      [
        1632287241, 
        "156961.9"
      ], 
      [
        1632287256, 
        "126567.4"
      ], 
      [
        1632287286, 
        "49285.9"
      ], 
      [
        1632287331, 
        "462689.5"
      ], 
      [
        1632287361, 
        "694183.7"
      ], 
      [
        1632287376, 
        "107548"
      ], 
      [
        1632287391, 
        "574608.4"
      ], 
      [
        1632287421, 
        "147757.7"
      ], 
      [
        1632287436, 
        "764032.8"
      ], 
      [
        1632287451, 
        "107496.6"
      ], 
      [
        1632287466, 
        "468371.6"
      ], 
      [
        1632287481, 
        "410892.2029866667"
      ]
    ]
  }, 
  "tcp_sends": {
    "metric": {}, 
    "values": [
      [
        1632287196, 
        "88064"
      ], 
      [
        1632287211, 
        "39936"
      ], 
      [
        1632287226, 
        "43008"
      ], 
      [
        1632287241, 
        "7168"
      ], 
      [
        1632287256, 
        "62464"
      ], 
      [
        1632287271, 
        "364544"
      ], 
      [
        1632287286, 
        "381952"
      ], 
      [
        1632287301, 
        "915456"
      ], 
      [
        1632287316, 
        "51200"
      ], 
      [
        1632287331, 
        "59392"
      ], 
      [
        1632287346, 
        "14336"
      ], 
      [
        1632287361, 
        "117760"
      ], 
      [
        1632287376, 
        "39936"
      ], 
      [
        1632287391, 
        "1022976"
      ], 
      [
        1632287406, 
        "429056"
      ], 
      [
        1632287421, 
        "3072"
      ], 
      [
        1632287436, 
        "489472"
      ], 
      [
        1632287451, 
        "14336"
      ], 
      [
        1632287466, 
        "1115136"
      ], 
      [
        1632287481, 
        "286720"
      ], 
      [
        1632287496, 
        "21504"
      ]
    ]
  }, 
  "dir_writes": {
    "metric": {
      "instance": "172.17.0.1:8000", 
      "hostname": "longz-experiment",