{
  "dir_read_c": {
    "metric": {
      "instance": "172.17.0.1:8000", 
      "hostname": "longz-experiment", 
      "pid": "16217", 
      "directory": "/data/blockchain/eth-data", 
      "job": "syscall_monitoring", 
      "application_name": "openethereum", 
      "__name__": "dir_reads_total"
    }, 
    "values": [
      [
        1632260160, 
        "71521"
      ], 
      [
        1632260175, 
        "94195"
      ], 
      [
        1632260190, 
        "97335"
      ], 
      [
        1632260205, 
        "107599"
      ], 
      [
        1632260220, 
        "122503"
      ], 
      [
        1632260235, 
        "43256"
      ], 
      [
        1632260250, 
        "97237"
      ], 
      [
        1632260265, 
        "79513"
      ], 
      [
        1632260280, 
        "159028"
      ], 
      [
        1632260295, 
        "42770"
      ], 
      [
        1632260310, 
        "80721"
      ], 
      [
        1632260325, 
        "138685"
      ], 
      [
        1632260340, 
        "223222"
      ], 
      [
        1632260355, 
        "110101"
      ], 
      [
        1632260370, 
        "156146"
      ], 
      [
        1632260385, 
        "215518"
      ], 
      [
        1632260400, 
        "154829"
      ], 
      [
        1632260415, 
        "151528"
      ], 
      [
        1632260430, 
        "215524"
      ], 
      [
        1632260445, 
        "235295"
      ], 
      [
        1632260460, 
        "178629"
      ]
    ]
  }, 
  "stat": {
    "dir_read_c": {
      "max": 223222.0, 
      "mean": 132150.2380952381, 
      "variance": 3202927976.943311, 
      "min": 43256.0
    }, 
    "dir_reads": {
      "max": 5749292032.0, 
      "mean": 3065027827.8095236, 
      "variance": 2.661382877901279e+18, 
      "min": 854999040.0
    }, 
    "tcp_conn": {
      "max": 253.0, 
      "mean": 95.0, 
      "variance": 11223.809523809523, 
      "min": 1.0
    }, 
    "kvdb_bytes_read": {
      "max": 938823.4781474442, 
      "mean": 595012.7981474443, 
      "variance": 55640401629.73679, 
      "min": 355377.80000000005
    }, 
    "tcp_sends": {
      "max": 1149952.0, 
      "mean": 315684.5714285714, 
      "variance": 148572048655.6735, 
      "min": 7168.0
    }, 
    "dir_writes": {
      "max": 334144512.0, 
      "mean": 244009691.42857143, 
      "variance": 2072757865335299.5, 
      "min": 187146240.0
    }, 
    "kvdb_bytes_write": {
      "max": 466408.54491547466, 
      "mean": 330580.3162288687, 
      "variance": 29659636600.46041, 
      "min": 67990.76
    }, 
    "dir_write_c": {
      "max": 5919.0, 
      "mean": 3324.8571428571427, 
      "variance": 86794145.170068, 
      "min": 216.0
    }, 
    "peer_stats": {
      "max": 20.6, 
      "mean": 15.444444444444445, 
      "variance": 29.135802469135804, 
      "min": 7.4
    }, 
    "tcp_recvs": {
      "max": 6157312.0, 
      "mean": 2440825.904761905, 
      "variance": 3475839046179.99, 
      "min": 736256.0
    }
  }, 
  "dir_reads": {
    "metric": {
      "instance": "172.17.0.1:8000", 
      "hostname": "longz-experiment", 
      "pid": "16217", 
      "directory": "/data/blockchain/eth-data", 
      "job": "syscall_monitoring", 
      "application_name": "openethereum"
    }, 
    "values": [
      [
        1632260160, 
        "1455203328"
      ], 
      [
        1632260175, 
        "1869400064"
      ], 
      [
        1632260190, 
        "1883821056"
      ], 
      [
        1632260205, 
        "2110925824"
      ], 
      [
        1632260220, 
        "2414495744"
      ], 
      [
        1632260235, 
        "854999040"
      ], 
      [
        1632260250, 
        "1915865088"
      ], 
      [
        1632260265, 
        "1610505216"
      ], 
      [
        1632260280, 
        "3278430208"
      ], 
      [
        1632260295, 
        "810549248"
      ], 
      [
        1632260310, 
        "1540454400"
      ], 
      [
        1632260325, 
        "2734155776"
      ], 
      [
        1632260340, 
        "5114348544"
      ], 
      [
        1632260355, 
        "2559168512"
      ], 
      [
        1632260370, 
        "3956667392"
      ], 
      [
        1632260385, 
        "5708432384"
      ], 
      [
        1632260400, 
        "4047156224"
      ], 
      [
        1632260415, 
        "3890485248"
      ], 
      [
        1632260430, 
        "5749292032"
      ], 
      [
        1632260445, 
        "6128943104"
      ], 
      [
        1632260460, 
        "4732285952"
      ]
    ]
  }, 
  "tcp_conn": {
    "metric": {}, 
    "values": [
      [
        1632260160, 
        "253"
      ], 
      [
        1632260175, 
        "218"
      ], 
      [
        1632260190, 
        "110"
      ], 
      [
        1632260205, 
        "31"
      ], 
      [
        1632260220, 
        "172"
      ], 
      [
        1632260235, 
        "116"
      ], 
      [
        1632260250, 
        "118"
      ], 
      [
        1632260265, 
        "230"
      ], 
      [
        1632260280, 
        "9"
      ], 
      [
        1632260295, 
        "388"
      ], 
      [
        1632260310, 
        "189"
      ], 
      [
        1632260325, 
        "0"
      ], 
      [
        1632260340, 
        "1"
      ], 
      [
        1632260355, 
        "46"
      ], 
      [
        1632260370, 
        "14"
      ], 
      [
        1632260385, 
        "31"
      ], 
      [
        1632260400, 
        "13"
      ], 
      [
        1632260415, 
        "5"
      ], 
      [
        1632260430, 
        "10"
      ], 
      [
        1632260445, 
        "23"
      ], 
      [
        1632260460, 
        "18"
      ]
    ]
  }, 
  "kvdb_bytes_read": {
    "metric": {
      "instance": "172.17.0.1:3033", 
      "job": "openethereum"
    }, 
    "values": [
      [
        1632260160, 
        "486333.2"
      ], 
      [
        1632260175, 
        "334054.8"
      ], 
      [
        1632260265, 
        "720635.7907372211"
      ], 
      [
        1632260295, 
        "440669.8"
      ], 
      [
        1632260430, 
        "993370.4"
      ]
    ]
  }, 
  "tcp_sends": {
    "metric": {}, 
    "values": [
      [
        1632260160, 
        "784384"
      ], 
      [
        1632260175, 
        "89088"
      ], 
      [
        1632260190, 
        "102400"
      ], 
      [
        1632260205, 
        "51200"
      ], 
      [
        1632260220, 
        "790528"
      ], 
      [
        1632260235, 
        "860160"
      ], 
      [
        1632260250, 
        "51200"
      ], 
      [
        1632260265, 
        "259072"
      ], 
      [
        1632260280, 
        "22528"
      ], 
      [
        1632260295, 
        "1155072"
      ], 
      [
        1632260310, 
        "264192"
      ], 
      [
        1632260325, 
        "0"
      ], 
      [
        1632260340, 
        "7168"
      ], 
      [
        1632260355, 
        "1149952"
      ], 
      [
        1632260370, 
        "567296"
      ], 
      [
        1632260385, 
        "293888"
      ], 
      [
        1632260400, 
        "41984"
      ], 
      [
        1632260415, 
        "26624"
      ], 
      [
        1632260430, 
        "43008"
      ], 
      [
        1632260445, 
        "28672"
      ], 
      [
        1632260460, 
        "40960"
      ]
    ]
  }, 
  "dir_writes": {
    "metric": {
      "instance": "172.17.0.1:8000", 
      "hostname": "longz-experiment", 
      "pid": "16217", 
      "directory": "/data/blockchain/eth-data", 
      "job": "syscall_monitoring", 
      "application_name": "openethereum"
    },