{
  "dir_read_c": {
    "metric": {
      "instance": "172.17.0.1:8000", 
      "hostname": "longz-experiment", 
      "pid": "16217", 
      "directory": "/data/blockchain/eth-data", 
      "job": "syscall_monitoring", 
      "application_name": "openethereum", 
      "__name__": "dir_reads_total"
    }, 
    "values": [
      [
        1632259859, 
        "58663"
      ], 
      [
        1632259874, 
        "59250"
      ], 
      [
        1632259889, 
        "49840"
      ], 
      [
        1632259904, 
        "67606"
      ], 
      [
        1632259919, 
        "72816"
      ], 
      [
        1632259934, 
        "57004"
      ], 
      [
        1632259949, 
        "31027"
      ], 
      [
        1632259964, 
        "43382"
      ], 
      [
        1632259979, 
        "33677"
      ], 
      [
        1632259994, 
        "45081"
      ], 
      [
        1632260009, 
        "46958"
      ], 
      [
        1632260024, 
        "48717"
      ], 
      [
        1632260039, 
        "66185"
      ], 
      [
        1632260054, 
        "58972"
      ], 
      [
        1632260069, 
        "47564"
      ], 
      [
        1632260084, 
        "80230"
      ], 
      [
        1632260099, 
        "69228"
      ], 
      [
        1632260114, 
        "87463"
      ], 
      [
        1632260129, 
        "76637"
      ], 
      [
        1632260144, 
        "68537"
      ], 
      [
        1632260159, 
        "71521"
      ]
    ]
  }, 
  "stat": {
    "dir_read_c": {
      "max": 80230.0, 
      "mean": 59064.666666666664, 
      "variance": 217702109.17460313, 
      "min": 33677.0
    }, 
    "dir_reads": {
      "max": 1502301184.0, 
      "mean": 1056279454.4761904, 
      "variance": 7.875480314891768e+16, 
      "min": 738352128.0
    }, 
    "tcp_conn": {
      "max": 304.0, 
      "mean": 131.14285714285714, 
      "variance": 12812.693877551023, 
      "min": 23.0
    }, 
    "kvdb_bytes_read": {
      "max": 488169.53500000003, 
      "mean": 216895.2655715812, 
      "variance": 17620194279.777718, 
      "min": 104738.605
    }, 
    "tcp_sends": {
      "max": 1792000.0, 
      "mean": 844604.9523809524, 
      "variance": 379843522160.61676, 
      "min": 84992.0
    }, 
    "dir_writes": {
      "max": 270938112.0, 
      "mean": 212692406.85714287, 
      "variance": 995790945362421.5, 
      "min": 170375168.0
    }, 
    "kvdb_bytes_write": {
      "max": 676934.53, 
      "mean": 357569.4236952457, 
      "variance": 55904863520.95473, 
      "min": 0.0
    }, 
    "dir_write_c": {
      "max": 551.0, 
      "mean": 2326.8571428571427, 
      "variance": 76479428.02721088, 
      "min": 278.0
    }, 
    "peer_stats": {
      "max": 24.0, 
      "mean": 22.35, 
      "variance": 1.5275000000000003, 
      "min": 20.0
    }, 
    "tcp_recvs": {
      "max": 3672064.0, 
      "mean": 2450675.8095238097, 
      "variance": 1239377076465.4875, 
      "min": 1402880.0
    }
  }, 
  "dir_reads": {
    "metric": {
      "instance": "172.17.0.1:8000", 
      "hostname": "longz-experiment", 
      "pid": "16217", 
      "directory": "/data/blockchain/eth-data", 
      "job": "syscall_monitoring", 
      "application_name": "openethereum"
    }, 
    "values": [
      [
        1632259859, 
        "942803968"
      ], 
      [
        1632259874, 
        "940582912"
      ], 
      [
        1632259889, 
        "738352128"
      ], 
      [
        1632259904, 
        "1099378688"
      ], 
      [
        1632259919, 
        "1267693568"
      ], 
      [
        1632259934, 
        "928308224"
      ], 
      [
        1632259949, 
        "641447936"
      ], 
      [
        1632259964, 
        "869719040"
      ], 
      [
        1632259979, 
        "764904448"
      ], 
      [
        1632259994, 
        "787582976"
      ], 
      [
        1632260009, 
        "820924416"
      ], 
      [
        1632260024, 
        "832226304"
      ], 
      [
        1632260039, 
        "1147984896"
      ], 
      [
        1632260054, 
        "1057797120"
      ], 
      [
        1632260069, 
        "792588288"
      ], 
      [
        1632260084, 
        "1439748096"
      ], 
      [
        1632260099, 
        "1206944768"
      ], 
      [
        1632260114, 
        "1616632832"
      ], 
      [
        1632260129, 
        "1502301184"
      ], 
      [
        1632260144, 
        "1328743424"
      ], 
      [
        1632260159, 
        "1455203328"
      ]
    ]
  }, 
  "tcp_conn": {
    "metric": {}, 
    "values": [
      [
        1632259859, 
        "46"
      ], 
      [
        1632259874, 
        "29"
      ], 
      [
        1632259889, 
        "33"
      ], 
      [
        1632259904, 
        "24"
      ], 
      [
        1632259919, 
        "31"
      ], 
      [
        1632259934, 
        "36"
      ], 
      [
        1632259949, 
        "23"
      ], 
      [
        1632259964, 
        "43"
      ], 
      [
        1632259979, 
        "44"
      ], 
      [
        1632259994, 
        "28"
      ], 
      [
        1632260009, 
        "146"
      ], 
      [
        1632260024, 
        "151"
      ], 
      [
        1632260039, 
        "250"
      ], 
      [
        1632260054, 
        "298"
      ], 
      [
        1632260069, 
        "263"
      ], 
      [
        1632260084, 
        "4"
      ], 
      [
        1632260099, 
        "304"
      ], 
      [
        1632260114, 
        "319"
      ], 
      [
        1632260129, 
        "173"
      ], 
      [
        1632260144, 
        "256"
      ], 
      [
        1632260159, 
        "253"
      ]
    ]
  }, 
  "kvdb_bytes_read": {
    "metric": {
      "instance": "172.17.0.1:3033", 
      "job": "openethereum"
    }, 
    "values": [
      [
        1632259859, 
        "114870.7"
      ], 
      [
        1632259874, 
        "104983.9"
      ], 
      [
        1632259889, 
        "193283"
      ], 
      [
        1632259904, 
        "330477.7"
      ], 
      [
        1632259919, 
        "133732.7"
      ], 
      [
        1632259934, 
        "100078"
      ], 
      [
        1632259949, 
        "167256.8"
      ], 
      [
        1632259964, 
        "137559.3"
      ], 
      [
        1632259979, 
        "194483.6"
      ], 
      [
        1632259994, 
        "126148.5"
      ], 
      [
        1632260009, 
        "147235.7"
      ], 
      [
        1632260024, 
        "125942.9"
      ], 
      [
        1632260039, 
        "135212.9"
      ], 
      [
        1632260054, 
        "170295.8"
      ], 
      [
        1632260084, 
        "169521.8114316239"
      ], 
      [
        1632260099, 
        "140105.1"
      ], 
      [
        1632260114, 
        "425447.2"
      ], 
      [
        1632260129, 
        "523059.9"
      ], 
      [
        1632260144, 
        "411876.6"
      ], 
      [
        1632260159, 
        "486333.2"
      ]
    ]
  }, 
  "tcp_sends": {
    "metric": {},