{
  "dir_read_c": {
    "metric": {
      "instance": "172.17.0.1:8000", 
      "hostname": "longz-experiment", 
      "pid": "16217", 
      "directory": "/data/blockchain/eth-data", 
      "job": "syscall_monitoring", 
      "application_name": "openethereum", 
      "__name__": "dir_reads_total"
    }, 
    "values": [
      [
        1632260763, 
        "183360"
      ], 
      [
        1632260778, 
        "187910"
      ], 
      [
        1632260793, 
        "66398"
      ], 
      [
        1632260808, 
        "21924"
      ], 
      [
        1632260823, 
        "55475"
      ], 
      [
        1632260838, 
        "45242"
      ], 
      [
        1632260853, 
        "43676"
      ], 
      [
        1632260868, 
        "36079"
      ], 
      [
        1632260883, 
        "36021"
      ], 
      [
        1632260898, 
        "33903"
      ], 
      [
        1632260913, 
        "33429"
      ], 
      [
        1632260928, 
        "55217"
      ], 
      [
        1632260943, 
        "112274"
      ], 
      [
        1632260958, 
        "143994"
      ], 
      [
        1632260973, 
        "118394"
      ], 
      [
        1632260988, 
        "120808"
      ], 
      [
        1632261003, 
        "135492"
      ], 
      [
        1632261018, 
        "228001"
      ], 
      [
        1632261033, 
        "204965"
      ], 
      [
        1632261048, 
        "103685"
      ], 
      [
        1632261063, 
        "109362"
      ]
    ]
  }, 
  "stat": {
    "dir_read_c": {
      "max": 204965.0, 
      "mean": 98838.52380952382, 
      "variance": 3839641784.3446712, 
      "min": 33429.0
    }, 
    "dir_reads": {
      "max": 3925053440.0, 
      "mean": 1911183262.4761906, 
      "variance": 1.5648409938422065e+18, 
      "min": 545277952.0
    }, 
    "tcp_conn": {
      "max": 483.0, 
      "mean": 209.85714285714286, 
      "variance": 38439.07482993197, 
      "min": 5.0
    }, 
    "kvdb_bytes_read": {
      "max": 1383392.2, 
      "mean": 391356.311223816, 
      "variance": 150065414859.53613, 
      "min": 53710.6
    }, 
    "tcp_sends": {
      "max": 2025472.0, 
      "mean": 940129.5238095238, 
      "variance": 1356644223900.1538, 
      "min": 25600.0
    }, 
    "dir_writes": {
      "max": 594004992.0, 
      "mean": 297282364.95238096, 
      "variance": 2.1824466668099084e+16, 
      "min": 116754432.0
    }, 
    "kvdb_bytes_write": {
      "max": 5486101.0, 
      "mean": 1345139.5127509725, 
      "variance": 12268597439668.492, 
      "min": 0.0
    }, 
    "dir_write_c": {
      "max": 13018.0, 
      "mean": 4406.619047619048, 
      "variance": 108297080.61678006, 
      "min": 231.0
    }, 
    "peer_stats": {
      "max": 14.299999999999994, 
      "mean": 9.947368421052632, 
      "variance": 10.049861495844874, 
      "min": 5.0
    }, 
    "tcp_recvs": {
      "max": 27298816.0, 
      "mean": 6869625.904761905, 
      "variance": 107977327357329.73, 
      "min": 163840.0
    }
  }, 
  "dir_reads": {
    "metric": {
      "instance": "172.17.0.1:8000", 
      "hostname": "longz-experiment", 
      "pid": "16217", 
      "directory": "/data/blockchain/eth-data", 
      "job": "syscall_monitoring", 
      "application_name": "openethereum"
    }, 
    "values": [
      [
        1632260763, 
        "3661913088"
      ], 
      [
        1632260778, 
        "3622544384"
      ], 
      [
        1632260793, 
        "1093297152"
      ], 
      [
        1632260808, 
        "411324416"
      ], 
      [
        1632260823, 
        "991238144"
      ], 
      [
        1632260838, 
        "837509120"
      ], 
      [
        1632260853, 
        "829522944"
      ], 
      [
        1632260868, 
        "659532800"
      ], 
      [
        1632260883, 
        "545277952"
      ], 
      [
        1632260898, 
        "580422656"
      ], 
      [
        1632260913, 
        "652510208"
      ], 
      [
        1632260928, 
        "1073377280"
      ], 
      [
        1632260943, 
        "2208645120"
      ], 
      [
        1632260958, 
        "2784624640"
      ], 
      [
        1632260973, 
        "2331305984"
      ], 
      [
        1632260988, 
        "2346822656"
      ], 
      [
        1632261003, 
        "2868769792"
      ], 
      [
        1632261018, 
        "4565778432"
      ], 
      [
        1632261033, 
        "3925053440"
      ], 
      [
        1632261048, 
        "2045423616"
      ], 
      [
        1632261063, 
        "2099954688"
      ]
    ]
  }, 
  "tcp_conn": {
    "metric": {}, 
    "values": [
      [
        1632260763, 
        "23"
      ], 
      [
        1632260778, 
        "40"
      ], 
      [
        1632260793, 
        "85"
      ], 
      [
        1632260808, 
        "475"
      ], 
      [
        1632260823, 
        "449"
      ], 
      [
        1632260838, 
        "483"
      ], 
      [
        1632260853, 
        "375"
      ], 
      [
        1632260868, 
        "247"
      ], 
      [
        1632260883, 
        "476"
      ], 
      [
        1632260898, 
        "485"
      ], 
      [
        1632260913, 
        "456"
      ], 
      [
        1632260928, 
        "393"
      ], 
      [
        1632260943, 
        "107"
      ], 
      [
        1632260958, 
        "128"
      ], 
      [
        1632260973, 
        "64"
      ], 
      [
        1632260988, 
        "4"
      ], 
      [
        1632261003, 
        "11"
      ], 
      [
        1632261018, 
        "50"
      ], 
      [
        1632261033, 
        "5"
      ], 
      [
        1632261048, 
        "41"
      ], 
      [
        1632261063, 
        "10"
      ]
    ]
  }, 
  "kvdb_bytes_read": {
    "metric": {
      "instance": "172.17.0.1:3033", 
      "job": "openethereum"
    }, 
    "values": [
      [
        1632260763, 
        "394035.30712"
      ], 
      [
        1632260778, 
        "76102.5"
      ], 
      [
        1632260793, 
        "35924.58491698339"
      ], 
      [
        1632260808, 
        "117545.6"
      ], 
      [
        1632260823, 
        "99725.3"
      ], 
      [
        1632260838, 
        "323307"
      ], 
      [
        1632260853, 
        "88739.2"
      ], 
      [
        1632260868, 
        "53710.6"
      ], 
      [
        1632260883, 
        "98498"
      ], 
      [
        1632260898, 
        "107445.2"
      ], 
      [
        1632260913, 
        "181658.8"
      ], 
      [
        1632260928, 
        "427639.8"
      ], 
      [
        1632260943, 
        "731421"
      ], 
      [
        1632260958, 
        "357350.7237866667"
      ], 
      [
        1632260973, 
        "476340"
      ], 
      [
        1632260988, 
        "388309.2473384447"
      ], 
      [
        1632261003, 
        "1444719.3"
      ], 
      [
        1632261018, 
        "1383392.2"
      ], 
      [
        1632261033, 
        "597474.4181380417"
      ], 
      [
        1632261048, 
        "620248.4"
      ], 
      [
        1632261063, 
        "214895.3544"
      ]
    ]
  }, 
  "tcp_sends": {
    "metric": {},