{
  "stat": {
    "max": 42.0, 
    "mean": 41.095238095238095, 
    "variance": 0.08616780045351474, 
    "min": 41.0
  }, 
  "values": [
    [
      1623181590, 
      41
    ], 
    [
      1623181605, 
      41
    ], 
    [
      1623181620, 
      41
    ], 
    [
      1623181635, 
      41
    ], 
    [
      1623181650, 
      41
    ], 
    [
      1623181665, 
      41
    ], 
    [
      1623181680, 
      41
    ], 
    [
      1623181695, 
      41
    ], 
    [
      1623181710, 
      41
    ], 
    [
      1623181725, 
      41
    ], 
    [
      1623181740, 
      41
    ], 
    [
      1623181755, 
      41
    ], 
    [
      1623181770, 
      41
    ], 
    [
      1623181785, 
      41
    ], 
    [
      1623181800, 
      41
    ], 
    [
      1623181815, 
      41
    ], 
    [
      1623181830, 
      41
    ], 
    [
      1623181845, 
      41
    ], 
    [
      1623181860, 
      42.5
    ], 
    [
      1623181875, 
      42
    ], 
    [
      1623181890, 
      41
    ]
  ], 
  "name": "geth.p2p/peers.gauge", 
  "columns": [
    "time", 
    "median"
  ]
}