{
  "stat": {
    "max": 42.0, 
    "mean": 41.23809523809524, 
    "variance": 0.18140589569161, 
    "min": 41.0
  }, 
  "values": [
    [
      1623177270, 
      42
    ], 
    [
      1623177285, 
      42
    ], 
    [
      1623177300, 
      42
    ], 
    [
      1623177315, 
      42
    ], 
    [
      1623177330, 
      42
    ], 
    [
      1623177345, 
      41
    ], 
    [
      1623177360, 
      41
    ], 
    [
      1623177375, 
      41
    ], 
    [
      1623177390, 
      41
    ], 
    [
      1623177405, 
      41
    ], 
    [
      1623177420, 
      41
    ], 
    [
      1623177435, 
      41
    ], 
    [
      1623177450, 
      41
    ], 
    [
      1623177465, 
      41
    ], 
    [
      1623177480, 
      41
    ], 
    [
      1623177495, 
      41
    ], 
    [
      1623177510, 
      41
    ], 
    [
      1623177525, 
      41
    ], 
    [
      1623177540, 
      41
    ], 
    [
      1623177555, 
      41
    ], 
    [
      1623177570, 
      41
    ]
  ], 
  "name": "geth.p2p/peers.gauge", 
  "columns": [
    "time", 
    "median"
  ]
}