{
  "dir_read_c": {
    "metric": {
      "instance": "172.17.0.1:8000", 
      "hostname": "longz-experiment", 
      "pid": "28189", 
      "directory": "/data/blockchain/eth-data", 
      "job": "syscall_monitoring", 
      "application_name": "openethereum", 
      "__name__": "dir_reads_total"
    }, 
    "values": [
      [
        1633126147, 
        "32350"
      ], 
      [
        1633126162, 
        "25652"
      ], 
      [
        1633126177, 
        "115628"
      ], 
      [
        1633126192, 
        "92700"
      ], 
      [
        1633126207, 
        "58103"
      ], 
      [
        1633126222, 
        "50135"
      ], 
      [
        1633126237, 
        "172791"
      ], 
      [
        1633126252, 
        "87639"
      ], 
      [
        1633126267, 
        "143754"
      ], 
      [
        1633126282, 
        "121086"
      ], 
      [
        1633126297, 
        "77701"
      ], 
      [
        1633126312, 
        "115609"
      ], 
      [
        1633126327, 
        "108764"
      ], 
      [
        1633126342, 
        "85802"
      ], 
      [
        1633126357, 
        "174417"
      ], 
      [
        1633126372, 
        "94529"
      ], 
      [
        1633126387, 
        "132029"
      ], 
      [
        1633126402, 
        "97543"
      ], 
      [
        1633126417, 
        "183627"
      ], 
      [
        1633126432, 
        "97314"
      ], 
      [
        1633126447, 
        "189876"
      ]
    ]
  }, 
  "stat": {
    "dir_read_c": {
      "max": 183627.0, 
      "mean": 107478.52380952382, 
      "variance": 2094132750.154195, 
      "pvalue": 1.0080006052293726e-10, 
      "min": 32350.0
    }, 
    "dir_reads": {
      "max": 3798754304.0, 
      "mean": 2201401100.1904764, 
      "variance": 9.680281789744228e+17, 
      "pvalue": 2.9177807810821956e-10, 
      "min": 632521728.0
    }, 
    "tcp_conn": {
      "max": 330.0, 
      "mean": 179.14285714285714, 
      "variance": 14270.69387755102, 
      "pvalue": 1.131131452288234e-09, 
      "min": 11.0
    }, 
    "kvdb_bytes_read": {
      "max": 751941.3974400001, 
      "mean": 396477.8890844445, 
      "variance": 77343917472.00139, 
      "pvalue": 0.00048485459989728485, 
      "min": 39785.69392
    }, 
    "tcp_sends": {
      "max": 1065984.0, 
      "mean": 416475.4285714286, 
      "variance": 171026055390.91153, 
      "pvalue": 0.03172955615768301, 
      "min": 21504.0
    }, 
    "dir_writes": {
      "max": 268429312.0, 
      "mean": 198864457.14285713, 
      "variance": 2879195996007974.0, 
      "pvalue": 0.20355790191405315, 
      "min": 169783296.0
    }, 
    "kvdb_bytes_write": {
      "max": 630837.4, 
      "mean": 178263.19404952382, 
      "variance": 74185451815.86125, 
      "pvalue": 0.1443617386889793, 
      "min": 0.0
    }, 
    "dir_write_c": {
      "max": 447.0, 
      "mean": 2400.9523809523807, 
      "variance": 87946440.61678006, 
      "pvalue": 0.03499147135882453, 
      "min": 169.0
    }, 
    "peer_stats": {
      "max": 24.15, 
      "mean": 15.833333333333334, 
      "variance": 25.027777777777782, 
      "pvalue": 1.487861068949514e-12, 
      "min": 9.85
    }, 
    "tcp_recvs": {
      "max": 2326528.0, 
      "mean": 1186572.1904761905, 
      "variance": 986486410140.1544, 
      "pvalue": 0.24181719591417133, 
      "min": 253952.0
    }
  }, 
  "dir_reads": {
    "metric": {
      "instance": "172.17.0.1:8000", 
      "hostname": "longz-experiment", 
      "pid": "28189", 
      "directory": "/data/blockchain/eth-data", 
      "job": "syscall_monitoring", 
      "application_name": "openethereum"
    }, 
    "values": [
      [
        1633126147, 
        "632521728"
      ], 
      [
        1633126162, 
        "462730240"
      ], 
      [
        1633126177, 
        "2223505408"
      ], 
      [
        1633126192, 
        "1818118144"
      ], 
      [
        1633126207, 
        "1118027776"
      ], 
      [
        1633126222, 
        "976376832"
      ], 
      [
        1633126237, 
        "3535407104"
      ], 
      [
        1633126252, 
        "1783301120"
      ], 
      [
        1633126267, 
        "3101223936"
      ], 
      [
        1633126282, 
        "2570850304"
      ], 
      [
        1633126297, 
        "1519710208"
      ], 
      [
        1633126312, 
        "2324922368"
      ], 
      [
        1633126327, 
        "2240646144"
      ], 
      [
        1633126342, 
        "1779703808"
      ], 
      [
        1633126357, 
        "3614587904"
      ], 
      [
        1633126372, 
        "1954659328"
      ], 
      [
        1633126387, 
        "2889963520"
      ], 
      [
        1633126402, 
        "1884251136"
      ], 
      [
        1633126417, 
        "3798754304"
      ], 
      [
        1633126432, 
        "1999436800"
      ], 
      [
        1633126447, 
        "4000724992"
      ]
    ]
  }, 
  "tcp_conn": {
    "metric": {}, 
    "values": [
      [
        1633126147, 
        "385"
      ], 
      [
        1633126162, 
        "24"
      ], 
      [
        1633126177, 
        "11"
      ], 
      [
        1633126192, 
        "78"
      ], 
      [
        1633126207, 
        "330"
      ], 
      [
        1633126222, 
        "167"
      ], 
      [
        1633126237, 
        "32"
      ], 
      [
        1633126252, 
        "268"
      ], 
      [
        1633126267, 
        "85"
      ], 
      [
        1633126282, 
        "184"
      ], 
      [
        1633126297, 
        "300"
      ], 
      [
        1633126312, 
        "306"
      ], 
      [
        1633126327, 
        "204"
      ], 
      [
        1633126342, 
        "205"
      ], 
      [
        1633126357, 
        "2"
      ], 
      [
        1633126372, 
        "300"
      ], 
      [
        1633126387, 
        "187"
      ], 
      [
        1633126402, 
        "264"
      ], 
      [
        1633126417, 
        "65"
      ], 
      [
        1633126432, 
        "315"
      ], 
      [
        1633126447, 
        "50"
      ]
    ]
  }, 
  "kvdb_bytes_read": {
    "metric": {
      "instance": "172.17.0.1:3033", 
      "job": "openethereum"
    }, 
    "values": [
      [
        1633126147, 
        "45582.7"
      ], 
      [
        1633126162, 
        "446078.8"
      ], 
      [
        1633126177, 
        "359544.15336000005"
      ], 
      [
        1633126192, 
        "107807.5"
      ], 
      [
        1633126207, 
        "408907.8"
      ], 
      [
        1633126222, 
        "713547"
      ], 
      [
        1633126237, 
        "84451.57608000001"
      ], 
      [
        1633126252, 
        "647748.3"
      ], 
      [
        1633126267, 
        "460724.6"
      ], 
      [
        1633126282, 
        "283271.1"
      ], 
      [
        1633126297, 
        "577339.5"
      ], 
      [
        1633126312, 
        "178391.01960000003"
      ], 
      [
        1633126327, 
        "174931.3"
      ], 
      [
        1633126342, 
        "713137.1"
      ], 
      [
        1633126357, 
        "254401.6"
      ], 
      [
        1633126372, 
        "10774.730373333332"
      ], 
      [
        1633126387, 
        "39785.69392"
      ], 
      [
        1633126402, 
        "600584.3"
      ], 
      [
        1633126417, 
        "405852.3"
      ], 
      [
        1633126432, 
        "1061233.2"
      ], 
      [
        1633126447, 
        "751941.3974400001"
      ]
    ]
  }, 
  "tcp_sends": {
    "metric": {},