{
  "dir_read_c": {
    "metric": {
      "instance": "172.17.0.1:8000", 
      "hostname": "longz-experiment", 
      "pid": "28189", 
      "directory": "/data/blockchain/eth-data", 
      "job": "syscall_monitoring", 
      "application_name": "openethereum", 
      "__name__": "dir_reads_total"
    }, 
    "values": [
      [
        1633125846, 
        "46053"
      ], 
      [
        1633125861, 
        "43994"
      ], 
      [
        1633125876, 
        "38441"
      ], 
      [
        1633125891, 
        "51157"
      ], 
      [
        1633125906, 
        "28523"
      ], 
      [
        1633125921, 
        "41277"
      ], 
      [
        1633125936, 
        "28943"
      ], 
      [
        1633125951, 
        "30683"
      ], 
      [
        1633125966, 
        "25162"
      ], 
      [
        1633125981, 
        "33129"
      ], 
      [
        1633125996, 
        "28377"
      ], 
      [
        1633126011, 
        "38974"
      ], 
      [
        1633126026, 
        "67282"
      ], 
      [
        1633126041, 
        "92426"
      ], 
      [
        1633126056, 
        "121080"
      ], 
      [
        1633126071, 
        "87884"
      ], 
      [
        1633126086, 
        "114539"
      ], 
      [
        1633126101, 
        "85356"
      ], 
      [
        1633126116, 
        "105243"
      ], 
      [
        1633126131, 
        "170060"
      ], 
      [
        1633126146, 
        "32350"
      ]
    ]
  }, 
  "stat": {
    "dir_read_c": {
      "max": 121080.0, 
      "mean": 62425.380952380954, 
      "variance": 1503248999.759637, 
      "pvalue": 0.041367762670967465, 
      "min": 28377.0
    }, 
    "dir_reads": {
      "max": 2648641536.0, 
      "mean": 1326695911.6190476, 
      "variance": 8.814233711349153e+17, 
      "pvalue": 0.02845924635995321, 
      "min": 563868672.0
    }, 
    "tcp_conn": {
      "max": 260.0, 
      "mean": 86.0952380952381, 
      "variance": 11228.371882086169, 
      "pvalue": 0.000269274046310603, 
      "min": 0.0
    }, 
    "kvdb_bytes_read": {
      "max": 669379.3199999998, 
      "mean": 256118.4676843914, 
      "variance": 47871607693.182495, 
      "pvalue": 0.2768877840370101, 
      "min": 42159.95946666666
    }, 
    "tcp_sends": {
      "max": 551936.0, 
      "mean": 227961.90476190476, 
      "variance": 43243421658.848076, 
      "pvalue": 0.0006431033409461342, 
      "min": 0.0
    }, 
    "dir_writes": {
      "max": 326626304.0, 
      "mean": 211818252.19047618, 
      "variance": 3217984226306582.5, 
      "pvalue": 0.22396413203001206, 
      "min": 156713984.0
    }, 
    "kvdb_bytes_write": {
      "max": 959633.3599999999, 
      "mean": 228614.30754419416, 
      "variance": 133061960404.25775, 
      "pvalue": 0.26448659320119416, 
      "min": 0.0
    }, 
    "dir_write_c": {
      "max": 3187.0, 
      "mean": 2588.095238095238, 
      "variance": 73343486.46712019, 
      "pvalue": 0.6195326149143099, 
      "min": 178.0
    }, 
    "peer_stats": {
      "max": 31.2, 
      "mean": 25.647058823529413, 
      "variance": 22.58131487889273, 
      "pvalue": 0.016811825203527912, 
      "min": 19.0
    }, 
    "tcp_recvs": {
      "max": 11662336.0, 
      "mean": 4389497.904761905, 
      "variance": 32532700891391.418, 
      "pvalue": 0.04427952822162936, 
      "min": 0.0
    }
  }, 
  "dir_reads": {
    "metric": {
      "instance": "172.17.0.1:8000", 
      "hostname": "longz-experiment", 
      "pid": "28189", 
      "directory": "/data/blockchain/eth-data", 
      "job": "syscall_monitoring", 
      "application_name": "openethereum"
    }, 
    "values": [
      [
        1633125846, 
        "903311360"
      ], 
      [
        1633125861, 
        "854569984"
      ], 
      [
        1633125876, 
        "676184064"
      ], 
      [
        1633125891, 
        "960139264"
      ], 
      [
        1633125906, 
        "563868672"
      ], 
      [
        1633125921, 
        "810770432"
      ], 
      [
        1633125936, 
        "694209536"
      ], 
      [
        1633125951, 
        "601217024"
      ], 
      [
        1633125966, 
        "500707328"
      ], 
      [
        1633125981, 
        "651501568"
      ], 
      [
        1633125996, 
        "675054592"
      ], 
      [
        1633126011, 
        "797956096"
      ], 
      [
        1633126026, 
        "1388089344"
      ], 
      [
        1633126041, 
        "1935948800"
      ], 
      [
        1633126056, 
        "2266164224"
      ], 
      [
        1633126071, 
        "1626716160"
      ], 
      [
        1633126086, 
        "2258258944"
      ], 
      [
        1633126101, 
        "2108623872"
      ], 
      [
        1633126116, 
        "2648641536"
      ], 
      [
        1633126131, 
        "4306159616"
      ], 
      [
        1633126146, 
        "632521728"
      ]
    ]
  }, 
  "tcp_conn": {
    "metric": {}, 
    "values": [
      [
        1633125846, 
        "21"
      ], 
      [
        1633125861, 
        "32"
      ], 
      [
        1633125876, 
        "23"
      ], 
      [
        1633125891, 
        "18"
      ], 
      [
        1633125906, 
        "18"
      ], 
      [
        1633125921, 
        "0"
      ], 
      [
        1633125936, 
        "0"
      ], 
      [
        1633125951, 
        "8"
      ], 
      [
        1633125966, 
        "107"
      ], 
      [
        1633125981, 
        "33"
      ], 
      [
        1633125996, 
        "65"
      ], 
      [
        1633126011, 
        "17"
      ], 
      [
        1633126026, 
        "5"
      ], 
      [
        1633126041, 
        "3"
      ], 
      [
        1633126056, 
        "34"
      ], 
      [
        1633126071, 
        "201"
      ], 
      [
        1633126086, 
        "157"
      ], 
      [
        1633126101, 
        "260"
      ], 
      [
        1633126116, 
        "188"
      ], 
      [
        1633126131, 
        "233"
      ], 
      [
        1633126146, 
        "385"
      ]
    ]
  }, 
  "kvdb_bytes_read": {
    "metric": {
      "instance": "172.17.0.1:3033", 
      "job": "openethereum"
    }, 
    "values": [
      [
        1633125846, 
        "171175.5"
      ], 
      [
        1633125861, 
        "130407.6"
      ], 
      [
        1633125876, 
        "146722.7"
      ], 
      [
        1633125891, 
        "119523.4"
      ], 
      [
        1633125936, 
        "112133.25330132052"
      ], 
      [
        1633125951, 
        "87704.3"
      ], 
      [
        1633125966, 
        "164612.2"
      ], 
      [
        1633125981, 
        "102708.2"
      ], 
      [
        1633126026, 
        "520343.6"
      ], 
      [
        1633126041, 
        "632383.5"
      ], 
      [
        1633126056, 
        "394381.5"
      ], 
      [
        1633126071, 
        "308078.3"
      ], 
      [
        1633126086, 
        "414679.3"
      ], 
      [
        1633126101, 
        "28468.997333333336"
      ], 
      [
        1633126116, 
        "817362.6"
      ], 
      [
        1633126131, 
        "157746.3"
      ], 
      [
        1633126146, 
        "45582.7"
      ]
    ]
  }, 
  "tcp_sends": {
    "metric": {},