{
  "dir_read_c": {
    "metric": {
      "instance": "172.17.0.1:8000", 
      "hostname": "longz-experiment", 
      "pid": "28189", 
      "directory": "/data/blockchain/eth-data", 
      "job": "syscall_monitoring", 
      "application_name": "openethereum", 
      "__name__": "dir_reads_total"
    }, 
    "values": [
      [
        1633126747, 
        "190420"
      ], 
      [
        1633126762, 
        "199154"
      ], 
      [
        1633126777, 
        "218998"
      ], 
      [
        1633126792, 
        "182311"
      ], 
      [
        1633126807, 
        "203320"
      ], 
      [
        1633126822, 
        "181330"
      ], 
      [
        1633126837, 
        "173723"
      ], 
      [
        1633126852, 
        "177149"
      ], 
      [
        1633126867, 
        "178857"
      ], 
      [
        1633126882, 
        "106161"
      ], 
      [
        1633126897, 
        "135168"
      ], 
      [
        1633126912, 
        "79692"
      ], 
      [
        1633126927, 
        "132805"
      ], 
      [
        1633126942, 
        "160365"
      ], 
      [
        1633126957, 
        "96518"
      ], 
      [
        1633126972, 
        "113326"
      ], 
      [
        1633126987, 
        "22305"
      ], 
      [
        1633127002, 
        "103727"
      ], 
      [
        1633127017, 
        "14652"
      ], 
      [
        1633127032, 
        "22187"
      ], 
      [
        1633127047, 
        "21869"
      ]
    ]
  }, 
  "stat": {
    "dir_read_c": {
      "max": 203320.0, 
      "mean": 129239.85714285714, 
      "variance": 4189266619.360544, 
      "pvalue": 5.2653265984420065e-11, 
      "min": 21869.0
    }, 
    "dir_reads": {
      "max": 4110951424.0, 
      "mean": 2613891315.8095236, 
      "variance": 1.7118117145311498e+18, 
      "pvalue": 5.5599873365692036e-11, 
      "min": 369081344.0
    }, 
    "tcp_conn": {
      "max": 358.0, 
      "mean": 116.76190476190476, 
      "variance": 18211.038548752833, 
      "pvalue": 9.887536940139732e-06, 
      "min": 1.0
    }, 
    "kvdb_bytes_read": {
      "max": 916969.9449999998, 
      "mean": 427980.0277007407, 
      "variance": 99028484643.00627, 
      "pvalue": 0.0003728504295333682, 
      "min": 20207.215
    }, 
    "tcp_sends": {
      "max": 240640.0, 
      "mean": 78165.33333333333, 
      "variance": 5898223355.936509, 
      "pvalue": 6.018757289423626e-08, 
      "min": 7168.0
    }, 
    "dir_writes": {
      "max": 875118592.0, 
      "mean": 361871798.85714287, 
      "variance": 1.0356777483709499e+17, 
      "pvalue": 0.02212309922915643, 
      "min": 23070720.0
    }, 
    "kvdb_bytes_write": {
      "max": 6050753.769999996, 
      "mean": 1467857.513457778, 
      "variance": 5239492619902.752, 
      "pvalue": 0.023214397058704, 
      "min": 0.0
    }, 
    "dir_write_c": {
      "max": 13526.0, 
      "mean": 4288.857142857143, 
      "variance": 93350359.93197277, 
      "pvalue": 0.0003761316996271639, 
      "min": 283.0
    }, 
    "peer_stats": {
      "max": 2.599999999999998, 
      "mean": 1.6470588235294117, 
      "variance": 0.9342560553633218, 
      "pvalue": 4.793145621230278e-16, 
      "min": 1.0
    }, 
    "tcp_recvs": {
      "max": 5260288.0, 
      "mean": 1414972.9523809524, 
      "variance": 14971846112392.996, 
      "pvalue": 5.456666621110337e-10, 
      "min": 4096.0
    }
  }, 
  "dir_reads": {
    "metric": {
      "instance": "172.17.0.1:8000", 
      "hostname": "longz-experiment", 
      "pid": "28189", 
      "directory": "/data/blockchain/eth-data", 
      "job": "syscall_monitoring", 
      "application_name": "openethereum"
    }, 
    "values": [
      [
        1633126747, 
        "3826479104"
      ], 
      [
        1633126762, 
        "4040861696"
      ], 
      [
        1633126777, 
        "4312152064"
      ], 
      [
        1633126792, 
        "3548704768"
      ], 
      [
        1633126807, 
        "4110951424"
      ], 
      [
        1633126822, 
        "3749594112"
      ], 
      [
        1633126837, 
        "3486604288"
      ], 
      [
        1633126852, 
        "3466795008"
      ], 
      [
        1633126867, 
        "3658393600"
      ], 
      [
        1633126882, 
        "2084205568"
      ], 
      [
        1633126897, 
        "2734229504"
      ], 
      [
        1633126912, 
        "1632510976"
      ], 
      [
        1633126927, 
        "2815364096"
      ], 
      [
        1633126942, 
        "3494500352"
      ], 
      [
        1633126957, 
        "1947414528"
      ], 
      [
        1633126972, 
        "2371681280"
      ], 
      [
        1633126987, 
        "474194944"
      ], 
      [
        1633127002, 
        "2017201152"
      ], 
      [
        1633127017, 
        "367817728"
      ], 
      [
        1633127032, 
        "369081344"
      ], 
      [
        1633127047, 
        "382980096"
      ]
    ]
  }, 
  "tcp_conn": {
    "metric": {}, 
    "values": [
      [
        1633126747, 
        "74"
      ], 
      [
        1633126762, 
        "10"
      ], 
      [
        1633126777, 
        "31"
      ], 
      [
        1633126792, 
        "151"
      ], 
      [
        1633126807, 
        "1"
      ], 
      [
        1633126822, 
        "12"
      ], 
      [
        1633126837, 
        "6"
      ], 
      [
        1633126852, 
        "25"
      ], 
      [
        1633126867, 
        "13"
      ], 
      [
        1633126882, 
        "0"
      ], 
      [
        1633126897, 
        "95"
      ], 
      [
        1633126912, 
        "153"
      ], 
      [
        1633126927, 
        "75"
      ], 
      [
        1633126942, 
        "82"
      ], 
      [
        1633126957, 
        "161"
      ], 
      [
        1633126972, 
        "9"
      ], 
      [
        1633126987, 
        "358"
      ], 
      [
        1633127002, 
        "203"
      ], 
      [
        1633127017, 
        "146"
      ], 
      [
        1633127032, 
        "519"
      ], 
      [
        1633127047, 
        "328"
      ]
    ]
  }, 
  "kvdb_bytes_read": {
    "metric": {
      "instance": "172.17.0.1:3033", 
      "job": "openethereum"
    }, 
    "values": [
      [
        1633126747, 
        "891336.6"
      ], 
      [
        1633126762, 
        "1021703.8"
      ], 
      [
        1633126777, 
        "503398.80453333334"
      ], 
      [
        1633126807, 
        "570848.6882400002"
      ], 
      [
        1633126822, 
        "730377.5"
      ], 
      [
        1633126837, 
        "898487.5"
      ], 
      [
        1633126852, 
        "294143.60584000003"
      ], 
      [
        1633126882, 
        "475693.5"
      ], 
      [
        1633126897, 
        "325030.9"
      ], 
      [
        1633126912, 
        "665859.3"
      ], 
      [
        1633126927, 
        "473630.6"
      ], 
      [
        1633126942, 
        "172787.8"
      ], 
      [
        1633126972, 
        "78812.6"
      ], 
      [
        1633126987, 
        "433520.9"
      ], 
      [
        1633127002, 
        "12819.1"
      ], 
      [
        1633127017, 
        "21511"
      ], 
      [
        1633127032, 
        "40063"
      ], 
      [
        1633127047, 
        "93615.3"
      ]
    ]
  }, 
  "tcp_sends": {
    "metric": {},