{
  "dir_read_c": {
    "metric": {
      "instance": "172.17.0.1:8000", 
      "hostname": "longz-experiment", 
      "pid": "28189", 
      "directory": "/data/blockchain/eth-data", 
      "job": "syscall_monitoring", 
      "application_name": "openethereum", 
      "__name__": "dir_reads_total"
    }, 
    "values": [
      [
        1633127051, 
        "21869"
      ], 
      [
        1633127066, 
        "27235"
      ], 
      [
        1633127081, 
        "21052"
      ], 
      [
        1633127096, 
        "24442"
      ], 
      [
        1633127111, 
        "28063"
      ], 
      [
        1633127126, 
        "29607"
      ], 
      [
        1633127141, 
        "32696"
      ], 
      [
        1633127156, 
        "38408"
      ], 
      [
        1633127171, 
        "40351"
      ], 
      [
        1633127186, 
        "42164"
      ], 
      [
        1633127201, 
        "26802"
      ], 
      [
        1633127216, 
        "22566"
      ], 
      [
        1633127231, 
        "30658"
      ], 
      [
        1633127246, 
        "31145"
      ], 
      [
        1633127261, 
        "35200"
      ], 
      [
        1633127276, 
        "61866"
      ], 
      [
        1633127291, 
        "89626"
      ], 
      [
        1633127306, 
        "121635"
      ], 
      [
        1633127321, 
        "86740"
      ], 
      [
        1633127336, 
        "73624"
      ], 
      [
        1633127351, 
        "80869"
      ]
    ]
  }, 
  "stat": {
    "dir_read_c": {
      "max": 89626.0, 
      "mean": 46029.42857142857, 
      "variance": 757046876.4353741, 
      "pvalue": 0.771152171955346, 
      "min": 21869.0
    }, 
    "dir_reads": {
      "max": 1703982080.0, 
      "mean": 900960499.8095238, 
      "variance": 2.9651190135848634e+17, 
      "pvalue": 0.6286007051673559, 
      "min": 382980096.0
    }, 
    "tcp_conn": {
      "max": 468.0, 
      "mean": 235.1904761904762, 
      "variance": 29542.63038548753, 
      "pvalue": 8.836635334384144e-09, 
      "min": 3.0
    }, 
    "kvdb_bytes_read": {
      "max": 493944.1, 
      "mean": 194059.34404669763, 
      "variance": 27539576040.388462, 
      "pvalue": 0.9670975991764189, 
      "min": 34912.149758771935
    }, 
    "tcp_sends": {
      "max": 1593344.0, 
      "mean": 430080.0, 
      "variance": 403102274121.1429, 
      "pvalue": 0.015497356445788873, 
      "min": 7168.0
    }, 
    "dir_writes": {
      "max": 307898368.0, 
      "mean": 214762642.2857143, 
      "variance": 3303300942794223.0, 
      "pvalue": 0.2040419217649063, 
      "min": 124061696.0
    }, 
    "kvdb_bytes_write": {
      "max": 1492641.9399999972, 
      "mean": 495522.7427083333, 
      "variance": 1114845573000.3667, 
      "pvalue": 0.9520386326390466, 
      "min": 0.0
    }, 
    "dir_write_c": {
      "max": 6175.0, 
      "mean": 3073.2380952380954, 
      "variance": 87804256.4671202, 
      "pvalue": 0.38805155946623254, 
      "min": 129.0
    }, 
    "peer_stats": {
      "max": 12.149999999999999, 
      "mean": 7.722222222222222, 
      "variance": 10.645061728395062, 
      "pvalue": 6.500429995040245e-17, 
      "min": 2.85
    }, 
    "tcp_recvs": {
      "max": 27094016.0, 
      "mean": 9320399.238095239, 
      "variance": 104967879085067.61, 
      "pvalue": 0.007292978189374882, 
      "min": 46080.0
    }
  }, 
  "dir_reads": {
    "metric": {
      "instance": "172.17.0.1:8000", 
      "hostname": "longz-experiment", 
      "pid": "28189", 
      "directory": "/data/blockchain/eth-data", 
      "job": "syscall_monitoring", 
      "application_name": "openethereum"
    }, 
    "values": [
      [
        1633127051, 
        "382980096"
      ], 
      [
        1633127066, 
        "489524224"
      ], 
      [
        1633127081, 
        "366508032"
      ], 
      [
        1633127096, 
        "472071168"
      ], 
      [
        1633127111, 
        "568245248"
      ], 
      [
        1633127126, 
        "605933568"
      ], 
      [
        1633127141, 
        "659821568"
      ], 
      [
        1633127156, 
        "747038720"
      ], 
      [
        1633127171, 
        "783048704"
      ], 
      [
        1633127186, 
        "770396160"
      ], 
      [
        1633127201, 
        "474969088"
      ], 
      [
        1633127216, 
        "400572416"
      ], 
      [
        1633127231, 
        "681138176"
      ], 
      [
        1633127246, 
        "650753024"
      ], 
      [
        1633127261, 
        "656481280"
      ], 
      [
        1633127276, 
        "1324682240"
      ], 
      [
        1633127291, 
        "1703982080"
      ], 
      [
        1633127306, 
        "2328635392"
      ], 
      [
        1633127321, 
        "1635550208"
      ], 
      [
        1633127336, 
        "1578717184"
      ], 
      [
        1633127351, 
        "1639121920"
      ]
    ]
  }, 
  "tcp_conn": {
    "metric": {}, 
    "values": [
      [
        1633127051, 
        "328"
      ], 
      [
        1633127066, 
        "376"
      ], 
      [
        1633127081, 
        "296"
      ], 
      [
        1633127096, 
        "279"
      ], 
      [
        1633127111, 
        "286"
      ], 
      [
        1633127126, 
        "444"
      ], 
      [
        1633127141, 
        "442"
      ], 
      [
        1633127156, 
        "339"
      ], 
      [
        1633127171, 
        "343"
      ], 
      [
        1633127186, 
        "400"
      ], 
      [
        1633127201, 
        "468"
      ], 
      [
        1633127216, 
        "473"
      ], 
      [
        1633127231, 
        "129"
      ], 
      [
        1633127246, 
        "0"
      ], 
      [
        1633127261, 
        "9"
      ], 
      [
        1633127276, 
        "3"
      ], 
      [
        1633127291, 
        "36"
      ], 
      [
        1633127306, 
        "17"
      ], 
      [
        1633127321, 
        "187"
      ], 
      [
        1633127336, 
        "18"
      ], 
      [
        1633127351, 
        "66"
      ]
    ]
  }, 
  "kvdb_bytes_read": {
    "metric": {
      "instance": "172.17.0.1:3033", 
      "job": "openethereum"
    }, 
    "values": [
      [
        1633127051, 
        "99686.1"
      ], 
      [
        1633127066, 
        "41828.5"
      ], 
      [
        1633127081, 
        "94330.1"
      ], 
      [
        1633127096, 
        "69824.5"
      ], 
      [
        1633127111, 
        "467412.6"
      ], 
      [
        1633127126, 
        "72787.9"
      ], 
      [
        1633127141, 
        "105635.7"
      ], 
      [
        1633127156, 
        "137711.5"
      ], 
      [
        1633127171, 
        "122782.5"
      ], 
      [
        1633127186, 
        "81873.3"
      ], 
      [
        1633127201, 
        "114648.4"
      ], 
      [
        1633127246, 
        "7246.748793859649"
      ], 
      [
        1633127261, 
        "308146"
      ], 
      [
        1633127276, 
        "300305.8"
      ], 
      [
        1633127291, 
        "472484"
      ], 
      [
        1633127306, 
        "222520.7"
      ], 
      [
        1633127336, 
        "579784.5"
      ]
    ]
  }, 
  "tcp_sends": {
    "metric": {},