{
  "dir_read_c": {
    "metric": {
      "instance": "172.17.0.1:8000", 
      "hostname": "longz-experiment", 
      "pid": "13519", 
      "directory": "/data/blockchain/eth-data", 
      "job": "syscall_monitoring", 
      "application_name": "openethereum", 
      "__name__": "dir_reads_total"
    }, 
    "values": [
      [
        1632253450, 
        "78029"
      ], 
      [
        1632253465, 
        "51212"
      ], 
      [
        1632253480, 
        "72917"
      ], 
      [
        1632253495, 
        "111001"
      ], 
      [
        1632253510, 
        "82432"
      ], 
      [
        1632253525, 
        "89333"
      ], 
      [
        1632253540, 
        "132025"
      ], 
      [
        1632253555, 
        "76285"
      ], 
      [
        1632253570, 
        "119306"
      ], 
      [
        1632253585, 
        "146021"
      ], 
      [
        1632253600, 
        "133905"
      ], 
      [
        1632253615, 
        "55889"
      ], 
      [
        1632253630, 
        "136171"
      ], 
      [
        1632253645, 
        "153432"
      ], 
      [
        1632253660, 
        "107298"
      ], 
      [
        1632253675, 
        "174892"
      ], 
      [
        1632253690, 
        "183488"
      ], 
      [
        1632253705, 
        "176108"
      ], 
      [
        1632253720, 
        "184723"
      ], 
      [
        1632253735, 
        "168966"
      ], 
      [
        1632253750, 
        "55632"
      ]
    ]
  }, 
  "stat": {
    "dir_read_c": {
      "max": 183488.0, 
      "mean": 118526.90476190476, 
      "variance": 1933172414.7528346, 
      "min": 55632.0
    }, 
    "dir_reads": {
      "max": 3504292864.0, 
      "mean": 2302671872.0, 
      "variance": 7.040513578767483e+17, 
      "min": 1019345920.0
    }, 
    "tcp_conn": {
      "max": 403.0, 
      "mean": 186.52380952380952, 
      "variance": 17798.43990929705, 
      "min": 26.0
    }, 
    "kvdb_bytes_read": {
      "max": 598306.0, 
      "mean": 378270.1629142857, 
      "variance": 31519777691.676556, 
      "min": 157742.65136000002
    }, 
    "tcp_sends": {
      "max": 1114112.0, 
      "mean": 427836.95238095237, 
      "variance": 139892283675.28342, 
      "min": 34816.0
    }, 
    "dir_writes": {
      "max": 916112384.0, 
      "mean": 480420425.14285713, 
      "variance": 8.380883624706293e+16, 
      "min": 23966720.0
    }, 
    "kvdb_bytes_write": {
      "max": 8168357.1, 
      "mean": 1751435.5054400002, 
      "variance": 7337588274203.656, 
      "min": 0.0
    }, 
    "dir_write_c": {
      "max": 11435.0, 
      "mean": 5415.476190476191, 
      "variance": 99016537.20181406, 
      "min": 197.0
    }, 
    "peer_stats": {
      "max": 32.099999999999994, 
      "mean": 11.31578947368421, 
      "variance": 122.42659279778388, 
      "min": 2.9000000000000004
    }, 
    "tcp_recvs": {
      "max": 28447744.0, 
      "mean": 8639390.476190476, 
      "variance": 88297687085882.62, 
      "min": 604160.0
    }
  }, 
  "dir_reads": {
    "metric": {
      "instance": "172.17.0.1:8000", 
      "hostname": "longz-experiment", 
      "pid": "13519", 
      "directory": "/data/blockchain/eth-data", 
      "job": "syscall_monitoring", 
      "application_name": "openethereum"
    }, 
    "values": [
      [
        1632253450, 
        "1662278656"
      ], 
      [
        1632253465, 
        "1086732288"
      ], 
      [
        1632253480, 
        "1508376576"
      ], 
      [
        1632253495, 
        "2161696768"
      ], 
      [
        1632253510, 
        "1549958144"
      ], 
      [
        1632253525, 
        "2010678272"
      ], 
      [
        1632253540, 
        "2621570048"
      ], 
      [
        1632253555, 
        "1572462592"
      ], 
      [
        1632253570, 
        "2292305920"
      ], 
      [
        1632253585, 
        "2737518592"
      ], 
      [
        1632253600, 
        "2681590784"
      ], 
      [
        1632253615, 
        "1019345920"
      ], 
      [
        1632253630, 
        "2805868544"
      ], 
      [
        1632253645, 
        "2966762496"
      ], 
      [
        1632253660, 
        "1771249664"
      ], 
      [
        1632253675, 
        "3228878848"
      ], 
      [
        1632253690, 
        "3386897408"
      ], 
      [
        1632253705, 
        "3504292864"
      ], 
      [
        1632253720, 
        "3621896192"
      ], 
      [
        1632253735, 
        "3242257408"
      ], 
      [
        1632253750, 
        "923491328"
      ]
    ]
  }, 
  "tcp_conn": {
    "metric": {}, 
    "values": [
      [
        1632253450, 
        "26"
      ], 
      [
        1632253465, 
        "24"
      ], 
      [
        1632253480, 
        "35"
      ], 
      [
        1632253495, 
        "47"
      ], 
      [
        1632253510, 
        "49"
      ], 
      [
        1632253525, 
        "188"
      ], 
      [
        1632253540, 
        "298"
      ], 
      [
        1632253555, 
        "33"
      ], 
      [
        1632253570, 
        "155"
      ], 
      [
        1632253585, 
        "299"
      ], 
      [
        1632253600, 
        "322"
      ], 
      [
        1632253615, 
        "403"
      ], 
      [
        1632253630, 
        "340"
      ], 
      [
        1632253645, 
        "174"
      ], 
      [
        1632253660, 
        "320"
      ], 
      [
        1632253675, 
        "229"
      ], 
      [
        1632253690, 
        "244"
      ], 
      [
        1632253705, 
        "237"
      ], 
      [
        1632253720, 
        "42"
      ], 
      [
        1632253735, 
        "36"
      ], 
      [
        1632253750, 
        "416"
      ]
    ]
  }, 
  "kvdb_bytes_read": {
    "metric": {
      "instance": "172.17.0.1:3033", 
      "job": "openethereum"
    }, 
    "values": [
      [
        1632253450, 
        "190930.6"
      ], 
      [
        1632253465, 
        "292610.3"
      ], 
      [
        1632253480, 
        "307282.6"
      ], 
      [
        1632253495, 
        "352744.2"
      ], 
      [
        1632253510, 
        "340729.9"
      ], 
      [
        1632253525, 
        "591442.8"
      ], 
      [
        1632253540, 
        "436791.3"
      ], 
      [
        1632253555, 
        "579883.2"
      ], 
      [
        1632253570, 
        "528892.6"
      ], 
      [
        1632253585, 
        "598306"
      ], 
      [
        1632253600, 
        "53786.8"
      ], 
      [
        1632253615, 
        "584121.1"
      ], 
      [
        1632253630, 
        "267417.1"
      ], 
      [
        1632253645, 
        "320717.1"
      ], 
      [
        1632253660, 
        "157742.65136000002"
      ], 
      [
        1632253675, 
        "230494.2"
      ], 
      [
        1632253690, 
        "568409.3"
      ], 
      [
        1632253705, 
        "725109.3"
      ], 
      [
        1632253720, 
        "407882.7698400001"
      ], 
      [
        1632253735, 
        "197353.9"
      ], 
      [
        1632253750, 
        "211025.7"
      ]
    ]
  }, 
  "tcp_sends": {
    "metric": {},