{
  "dir_read_c": {
    "metric": {
      "instance": "172.17.0.1:8000", 
      "hostname": "longz-experiment", 
      "pid": "13519", 
      "directory": "/data/blockchain/eth-data", 
      "job": "syscall_monitoring", 
      "application_name": "openethereum", 
      "__name__": "dir_reads_total"
    }, 
    "values": [
      [
        1632253180, 
        "50657"
      ], 
      [
        1632253195, 
        "74948"
      ], 
      [
        1632253210, 
        "89467"
      ], 
      [
        1632253225, 
        "63124"
      ], 
      [
        1632253240, 
        "56207"
      ], 
      [
        1632253255, 
        "51351"
      ], 
      [
        1632253270, 
        "76138"
      ], 
      [
        1632253285, 
        "96190"
      ], 
      [
        1632253300, 
        "68317"
      ], 
      [
        1632253315, 
        "70067"
      ], 
      [
        1632253330, 
        "51706"
      ], 
      [
        1632253345, 
        "51339"
      ], 
      [
        1632253360, 
        "55287"
      ], 
      [
        1632253375, 
        "57278"
      ], 
      [
        1632253390, 
        "57813"
      ], 
      [
        1632253405, 
        "71433"
      ], 
      [
        1632253420, 
        "71316"
      ], 
      [
        1632253435, 
        "47737"
      ], 
      [
        1632253450, 
        "78029"
      ]
    ]
  }, 
  "stat": {
    "dir_read_c": {
      "max": 90139.29999999999, 
      "mean": 65179.15789473684, 
      "variance": 180074077.39612192, 
      "min": 50365.0
    }, 
    "dir_reads": {
      "max": 1833817292.7999997, 
      "mean": 1352266105.2631578, 
      "variance": 8.349476979175978e+16, 
      "min": 1003449856.0
    }, 
    "tcp_conn": {
      "max": 45.2, 
      "mean": 32.526315789473685, 
      "variance": 74.35457063711912, 
      "min": 19.7
    }, 
    "kvdb_bytes_read": {
      "max": 409095.4, 
      "mean": 290993.1523809524, 
      "variance": 8288506629.945352, 
      "min": 136226.0
    }, 
    "tcp_sends": {
      "max": 265523.19999999984, 
      "mean": 128431.15789473684, 
      "variance": 10275307020.764542, 
      "min": 24371.2
    }, 
    "dir_writes": {
      "max": 317281996.7999998, 
      "mean": 74644264.42105263, 
      "variance": 1.1708009012232282e+16, 
      "min": 5327360.0
    }, 
    "kvdb_bytes_write": {
      "max": 857436.5, 
      "mean": 492504.4809523809, 
      "variance": 66275732522.73868, 
      "min": 0.0
    }, 
    "dir_write_c": {
      "max": 4909.799999999908, 
      "mean": 2600.2105263157896, 
      "variance": 93236089.53462605, 
      "min": 165.3
    }, 
    "peer_stats": {
      "max": 33.0, 
      "mean": 29.666666666666668, 
      "variance": 3.936507936507936, 
      "min": 27.0
    }, 
    "tcp_recvs": {
      "max": 3654553.6, 
      "mean": 1999764.2105263157, 
      "variance": 513158844223.1137, 
      "min": 1039872.0
    }
  }, 
  "dir_reads": {
    "metric": {
      "instance": "172.17.0.1:8000", 
      "hostname": "longz-experiment", 
      "pid": "13519", 
      "directory": "/data/blockchain/eth-data", 
      "job": "syscall_monitoring", 
      "application_name": "openethereum"
    }, 
    "values": [
      [
        1632253180, 
        "1004437504"
      ], 
      [
        1632253195, 
        "1659589632"
      ], 
      [
        1632253210, 
        "1821466624"
      ], 
      [
        1632253225, 
        "1283510272"
      ], 
      [
        1632253240, 
        "1129866240"
      ], 
      [
        1632253255, 
        "1015899136"
      ], 
      [
        1632253270, 
        "1560035328"
      ], 
      [
        1632253285, 
        "1944973312"
      ], 
      [
        1632253300, 
        "1373276160"
      ], 
      [
        1632253315, 
        "1549305856"
      ], 
      [
        1632253330, 
        "1086816256"
      ], 
      [
        1632253345, 
        "1038434304"
      ], 
      [
        1632253360, 
        "1107603456"
      ], 
      [
        1632253375, 
        "1201783808"
      ], 
      [
        1632253390, 
        "1218799616"
      ], 
      [
        1632253405, 
        "1522279424"
      ], 
      [
        1632253420, 
        "1518139392"
      ], 
      [
        1632253435, 
        "994561024"
      ], 
      [
        1632253450, 
        "1662278656"
      ]
    ]
  }, 
  "tcp_conn": {
    "metric": {}, 
    "values": [
      [
        1632253180, 
        "36"
      ], 
      [
        1632253195, 
        "47"
      ], 
      [
        1632253210, 
        "36"
      ], 
      [
        1632253225, 
        "42"
      ], 
      [
        1632253240, 
        "32"
      ], 
      [
        1632253255, 
        "42"
      ], 
      [
        1632253270, 
        "28"
      ], 
      [
        1632253285, 
        "24"
      ], 
      [
        1632253300, 
        "40"
      ], 
      [
        1632253315, 
        "41"
      ], 
      [
        1632253330, 
        "17"
      ], 
      [
        1632253345, 
        "23"
      ], 
      [
        1632253360, 
        "36"
      ], 
      [
        1632253375, 
        "30"
      ], 
      [
        1632253390, 
        "20"
      ], 
      [
        1632253405, 
        "27"
      ], 
      [
        1632253420, 
        "45"
      ], 
      [
        1632253435, 
        "26"
      ], 
      [
        1632253450, 
        "26"
      ]
    ]
  }, 
  "kvdb_bytes_read": {
    "metric": {
      "instance": "172.17.0.1:3033", 
      "job": "openethereum"
    }, 
    "values": [
      [
        1632253150, 
        "205240.3"
      ], 
      [
        1632253165, 
        "298326.7"
      ], 
      [
        1632253180, 
        "298138.8"
      ], 
      [
        1632253195, 
        "528071"
      ], 
      [
        1632253210, 
        "344700.6"
      ], 
      [
        1632253225, 
        "256243.3"
      ], 
      [
        1632253240, 
        "333743.9"
      ], 
      [
        1632253255, 
        "375023.8"
      ], 
      [
        1632253270, 
        "237250.2"
      ], 
      [
        1632253285, 
        "370173.4"
      ], 
      [
        1632253300, 
        "268576.4"
      ], 
      [
        1632253315, 
        "108682.2"
      ], 
      [
        1632253330, 
        "258376.6"
      ], 
      [
        1632253345, 
        "136226"
      ], 
      [
        1632253360, 
        "409095.4"
      ], 
      [
        1632253375, 
        "356281.8"
      ], 
      [
        1632253390, 
        "293000.9"
      ], 
      [
        1632253405, 
        "297673.8"
      ], 
      [
        1632253420, 
        "256012.5"
      ], 
      [
        1632253435, 
        "289088"
      ], 
      [
        1632253450, 
        "190930.6"
      ]
    ]
  }, 
  "tcp_sends": {
    "metric": {}, 
    "values": [
      [
        1632253180, 
        "147456"
      ], 
      [
        1632253195, 
        "342016"
      ], 
      [
        1632253210, 
        "240640"
      ], 
      [
        1632253225, 
        "197632"
      ], 
      [
        1632253240, 
        "103424"
      ], 
      [
        1632253255, 
        "218112"
      ], 
      [
        1632253270, 
        "38912"
      ], 
      [
        1632253285, 
        "33792"
      ], 
      [
        1632253300, 
        "257024"
      ], 
      [
        1632253315, 
        "236544"
      ], 
      [
        1632253330, 
        "26624"
      ], 
      [
        1632253345, 
        "126976"
      ], 
      [
        1632253360, 
        "22528"
      ], 
      [
        1632253375, 
        "24576"
      ], 
      [
        1632253390, 
        "28672"
      ], 
      [
        1632253405, 
        "34816"
      ], 
      [
        1632253420, 
        "251904"
      ], 
      [
        1632253435, 
        "72704"
      ], 
      [
        1632253450, 
        "35840"
      ]
    ]
  }, 
  "dir_writes": {
    "metric": {
      "instance": "172.17.0.1:8000", 
      "hostname": "longz-experiment", 
      "pid": "13519",