{
  "dir_read_c": {
    "metric": {
      "instance": "172.17.0.1:8000", 
      "hostname": "longz-experiment", 
      "pid": "13519", 
      "directory": "/data/blockchain/eth-data", 
      "job": "syscall_monitoring", 
      "application_name": "openethereum", 
      "__name__": "dir_reads_total"
    }, 
    "values": [
      [
        1632254053, 
        "89264"
      ], 
      [
        1632254068, 
        "121092"
      ], 
      [
        1632254083, 
        "68434"
      ], 
      [
        1632254098, 
        "145706"
      ], 
      [
        1632254113, 
        "126271"
      ], 
      [
        1632254128, 
        "185826"
      ], 
      [
        1632254143, 
        "78393"
      ], 
      [
        1632254158, 
        "281625"
      ], 
      [
        1632254173, 
        "281190"
      ], 
      [
        1632254188, 
        "273799"
      ], 
      [
        1632254203, 
        "148858"
      ], 
      [
        1632254218, 
        "63114"
      ], 
      [
        1632254233, 
        "97899"
      ], 
      [
        1632254248, 
        "120631"
      ], 
      [
        1632254263, 
        "236674"
      ], 
      [
        1632254278, 
        "57100"
      ], 
      [
        1632254293, 
        "236032"
      ], 
      [
        1632254308, 
        "235492"
      ], 
      [
        1632254323, 
        "60504"
      ], 
      [
        1632254338, 
        "186339"
      ], 
      [
        1632254353, 
        "212065"
      ]
    ]
  }, 
  "stat": {
    "dir_read_c": {
      "max": 281190.0, 
      "mean": 157443.2380952381, 
      "variance": 5811031458.657596, 
      "min": 60504.0
    }, 
    "dir_reads": {
      "max": 5834815488.0, 
      "mean": 3310601752.3809524, 
      "variance": 2.3015406101525322e+18, 
      "min": 1205285888.0
    }, 
    "tcp_conn": {
      "max": 348.0, 
      "mean": 107.42857142857143, 
      "variance": 15653.387755102038, 
      "min": 1.0
    }, 
    "kvdb_bytes_read": {
      "max": 1152752.1699999992, 
      "mean": 613814.3339031577, 
      "variance": 183221016935.52582, 
      "min": 8673.154072
    }, 
    "tcp_sends": {
      "max": 183296.0, 
      "mean": 72216.38095238095, 
      "variance": 3204510076.807256, 
      "min": 21504.0
    }, 
    "dir_writes": {
      "max": 284576768.0, 
      "mean": 89957717.33333333, 
      "variance": 1.3229989038561902e+16, 
      "min": 0.0
    }, 
    "kvdb_bytes_write": {
      "max": 4801912.709999991, 
      "mean": 918548.7690231577, 
      "variance": 4324365899942.6826, 
      "min": 0.0
    }, 
    "dir_write_c": {
      "max": 6955.0, 
      "mean": 2770.3333333333335, 
      "variance": 89336926.88888885, 
      "min": 0.0
    }, 
    "peer_stats": {
      "max": 4.25, 
      "mean": 1.4375, 
      "variance": 2.74609375, 
      "min": 0.0
    }, 
    "tcp_recvs": {
      "max": 7468032.0, 
      "mean": 2541568.0, 
      "variance": 30952121920950.855, 
      "min": 0.0
    }
  }, 
  "dir_reads": {
    "metric": {
      "instance": "172.17.0.1:8000", 
      "hostname": "longz-experiment", 
      "pid": "13519", 
      "directory": "/data/blockchain/eth-data", 
      "job": "syscall_monitoring", 
      "application_name": "openethereum"
    }, 
    "values": [
      [
        1632254053, 
        "2189958144"
      ], 
      [
        1632254068, 
        "3344488448"
      ], 
      [
        1632254083, 
        "1871088640"
      ], 
      [
        1632254098, 
        "2928727040"
      ], 
      [
        1632254113, 
        "2520785920"
      ], 
      [
        1632254128, 
        "3905379328"
      ], 
      [
        1632254143, 
        "1625918464"
      ], 
      [
        1632254158, 
        "5846133760"
      ], 
      [
        1632254173, 
        "5834815488"
      ], 
      [
        1632254188, 
        "5672446976"
      ], 
      [
        1632254203, 
        "3092094976"
      ], 
      [
        1632254218, 
        "1304972288"
      ], 
      [
        1632254233, 
        "2028030976"
      ], 
      [
        1632254248, 
        "2625443840"
      ], 
      [
        1632254263, 
        "4756812800"
      ], 
      [
        1632254278, 
        "1165440000"
      ], 
      [
        1632254293, 
        "4803992576"
      ], 
      [
        1632254308, 
        "4696520704"
      ], 
      [
        1632254323, 
        "1205285888"
      ], 
      [
        1632254338, 
        "3826741248"
      ], 
      [
        1632254353, 
        "4277559296"
      ]
    ]
  }, 
  "tcp_conn": {
    "metric": {}, 
    "values": [
      [
        1632254053, 
        "193"
      ], 
      [
        1632254068, 
        "139"
      ], 
      [
        1632254083, 
        "152"
      ], 
      [
        1632254098, 
        "2"
      ], 
      [
        1632254113, 
        "2"
      ], 
      [
        1632254128, 
        "40"
      ], 
      [
        1632254143, 
        "405"
      ], 
      [
        1632254158, 
        "1"
      ], 
      [
        1632254173, 
        "6"
      ], 
      [
        1632254188, 
        "3"
      ], 
      [
        1632254203, 
        "61"
      ], 
      [
        1632254218, 
        "348"
      ], 
      [
        1632254233, 
        "171"
      ], 
      [
        1632254248, 
        "4"
      ], 
      [
        1632254263, 
        "2"
      ], 
      [
        1632254278, 
        "235"
      ], 
      [
        1632254293, 
        "11"
      ], 
      [
        1632254308, 
        "49"
      ], 
      [
        1632254323, 
        "318"
      ], 
      [
        1632254338, 
        "113"
      ], 
      [
        1632254353, 
        "1"
      ]
    ]
  }, 
  "kvdb_bytes_read": {
    "metric": {
      "instance": "172.17.0.1:3033", 
      "job": "openethereum"
    }, 
    "values": [
      [
        1632254053, 
        "9456.02536"
      ], 
      [
        1632254068, 
        "10868.994666666667"
      ], 
      [
        1632254083, 
        "542972.7"
      ], 
      [
        1632254113, 
        "596230.8112799999"
      ], 
      [
        1632254128, 
        "312853.2"
      ], 
      [
        1632254143, 
        "1086900.2"
      ], 
      [
        1632254158, 
        "1475038.3"
      ], 
      [
        1632254173, 
        "716375.3003733333"
      ], 
      [
        1632254188, 
        "1627.31248"
      ], 
      [
        1632254203, 
        "239670.8"
      ], 
      [
        1632254233, 
        "509827.6"
      ], 
      [
        1632254248, 
        "985899"
      ], 
      [
        1632254263, 
        "59038.9"
      ], 
      [
        1632254278, 
        "981629.8"
      ], 
      [
        1632254293, 
        "1116942.6"
      ], 
      [
        1632254308, 
        "331319.1"
      ], 
      [
        1632254323, 
        "853607.7"
      ], 
      [
        1632254338, 
        "925633.1"
      ], 
      [
        1632254353, 
        "906580.9"
      ]
    ]
  }, 
  "tcp_sends": {
    "metric": {},