{
  "dir_read_c": {
    "metric": {
      "instance": "172.17.0.1:8000", 
      "hostname": "longz-chaosevm", 
      "pid": "21149", 
      "directory": "/data/eth-data", 
      "job": "syscall_monitoring", 
      "application_name": "geth", 
      "__name__": "dir_reads_total"
    }, 
    "values": [
      [
        1633116056, 
        "22208"
      ], 
      [
        1633116071, 
        "21781"
      ], 
      [
        1633116086, 
        "23058"
      ], 
      [
        1633116101, 
        "22775"
      ], 
      [
        1633116116, 
        "21174"
      ], 
      [
        1633116131, 
        "22008"
      ], 
      [
        1633116146, 
        "22647"
      ], 
      [
        1633116161, 
        "21039"
      ], 
      [
        1633116176, 
        "21999"
      ], 
      [
        1633116191, 
        "21047"
      ], 
      [
        1633116206, 
        "21492"
      ], 
      [
        1633116221, 
        "21972"
      ], 
      [
        1633116236, 
        "21254"
      ], 
      [
        1633116251, 
        "21119"
      ], 
      [
        1633116266, 
        "20865"
      ], 
      [
        1633116281, 
        "22626"
      ], 
      [
        1633116296, 
        "22981"
      ], 
      [
        1633116311, 
        "22207"
      ], 
      [
        1633116326, 
        "21773"
      ], 
      [
        1633116341, 
        "20643"
      ], 
      [
        1633116356, 
        "20107"
      ]
    ]
  }, 
  "stat": {
    "dir_read_c": {
      "max": 22981.0, 
      "mean": 21751.190476190477, 
      "variance": 628434.6303854876, 
      "pvalue": 0.0035112937534906813, 
      "min": 20643.0
    }, 
    "dir_reads": {
      "max": 278913024.0, 
      "mean": 261557345.52380952, 
      "variance": 125413622449539.78, 
      "pvalue": 0.018020341319002604, 
      "min": 248521728.0
    }, 
    "tcp_conn": {
      "max": 91.0, 
      "mean": 78.38095238095238, 
      "variance": 62.52154195011339, 
      "pvalue": 6.937051994676136e-11, 
      "min": 67.0
    }, 
    "tcp_sends": {
      "max": 12133376.0, 
      "mean": 4343856.761904762, 
      "variance": 217624084827147.62, 
      "pvalue": 0.00030883776303393027, 
      "min": 58368.0
    }, 
    "dir_writes": {
      "max": 121856.0, 
      "mean": 49980.95238095238, 
      "variance": 2512250188.045352, 
      "pvalue": 0.00011424121565717352, 
      "min": 2048.0
    }, 
    "dir_write_c": {
      "max": 215.0, 
      "mean": 112.9047619047619, 
      "variance": 6362.181405895692, 
      "pvalue": 1.7369303730037133e-05, 
      "min": 26.0
    }, 
    "disk_write": {
      "max": 5859.920674915035, 
      "mean": 3224.7755010767564, 
      "variance": 2662981.603261738, 
      "pvalue": 1.3182347279328816e-10, 
      "min": 1565.2743890713555
    }, 
    "disk_read": {
      "max": 18163714.41782646, 
      "mean": 17572534.93828221, 
      "variance": 131665942197.78487, 
      "pvalue": 3.5178360315332733e-05, 
      "min": 17079649.646457113
    }, 
    "peer_stats": {
      "max": 37.0, 
      "mean": 35.625, 
      "variance": 0.721875, 
      "pvalue": 1.2026467019345983e-18, 
      "min": 34.0
    }, 
    "tcp_recvs": {
      "max": 4614144.0, 
      "mean": 2204233.1428571427, 
      "variance": 1144326624708.789, 
      "pvalue": 0.027382291618669872, 
      "min": 966656.0
    }
  }, 
  "dir_reads": {
    "metric": {
      "instance": "172.17.0.1:8000", 
      "hostname": "longz-chaosevm", 
      "pid": "21149", 
      "directory": "/data/eth-data", 
      "job": "syscall_monitoring", 
      "application_name": "geth"
    }, 
    "values": [
      [
        1633116056, 
        "263261184"
      ], 
      [
        1633116071, 
        "254649344"
      ], 
      [
        1633116086, 
        "277593088"
      ], 
      [
        1633116101, 
        "267493376"
      ], 
      [
        1633116116, 
        "251431936"
      ], 
      [
        1633116131, 
        "262769664"
      ], 
      [
        1633116146, 
        "268465152"
      ], 
      [
        1633116161, 
        "248521728"
      ], 
      [
        1633116176, 
        "261654528"
      ], 
      [
        1633116191, 
        "249295872"
      ], 
      [
        1633116206, 
        "255775744"
      ], 
      [
        1633116221, 
        "263437312"
      ], 
      [
        1633116236, 
        "254128128"
      ], 
      [
        1633116251, 
        "250264576"
      ], 
      [
        1633116266, 
        "250017792"
      ], 
      [
        1633116281, 
        "277278720"
      ], 
      [
        1633116296, 
        "286930944"
      ], 
      [
        1633116311, 
        "278913024"
      ], 
      [
        1633116326, 
        "267578368"
      ], 
      [
        1633116341, 
        "256092160"
      ], 
      [
        1633116356, 
        "247151616"
      ]
    ]
  }, 
  "tcp_conn": {
    "metric": {}, 
    "values": [
      [
        1633116056, 
        "77"
      ], 
      [
        1633116071, 
        "71"
      ], 
      [
        1633116086, 
        "75"
      ], 
      [
        1633116101, 
        "88"
      ], 
      [
        1633116116, 
        "71"
      ], 
      [
        1633116131, 
        "72"
      ], 
      [
        1633116146, 
        "67"
      ], 
      [
        1633116161, 
        "72"
      ], 
      [
        1633116176, 
        "75"
      ], 
      [
        1633116191, 
        "98"
      ], 
      [
        1633116206, 
        "77"
      ], 
      [
        1633116221, 
        "79"
      ], 
      [
        1633116236, 
        "75"
      ], 
      [
        1633116251, 
        "91"
      ], 
      [
        1633116266, 
        "66"
      ], 
      [
        1633116281, 
        "82"
      ], 
      [
        1633116296, 
        "84"
      ], 
      [
        1633116311, 
        "78"
      ], 
      [
        1633116326, 
        "78"
      ], 
      [
        1633116341, 
        "81"
      ], 
      [
        1633116356, 
        "89"
      ]
    ]
  }, 
  "tcp_sends": {
    "metric": {}, 
    "values": [
      [
        1633116056, 
        "53248"
      ], 
      [
        1633116071, 
        "8074240"
      ], 
      [
        1633116086, 
        "68945920"
      ], 
      [
        1633116101, 
        "12133376"
      ], 
      [
        1633116116, 
        "61440"
      ], 
      [
        1633116131, 
        "114688"
      ], 
      [
        1633116146, 
        "59392"
      ], 
      [
        1633116161, 
        "114688"
      ], 
      [
        1633116176, 
        "102400"
      ], 
      [
        1633116191, 
        "114688"
      ], 
      [
        1633116206, 
        "58368"
      ], 
      [
        1633116221, 
        "112640"
      ], 
      [
        1633116236, 
        "60416"
      ], 
      [
        1633116251, 
        "108544"
      ], 
      [
        1633116266, 
        "492544"
      ], 
      [
        1633116281, 
        "163840"
      ], 
      [
        1633116296, 
        "74752"
      ], 
      [
        1633116311, 
        "122880"
      ], 
      [
        1633116326, 
        "70656"
      ], 
      [
        1633116341, 
        "116736"
      ], 
      [
        1633116356, 
        "65536"
      ]
    ]
  }, 
  "dir_writes": {
    "metric": {
      "instance": "172.17.0.1:8000", 
      "hostname": "longz-chaosevm", 
      "pid": "21149", 
      "directory": "/data/eth-data", 
      "job": "syscall_monitoring", 
      "application_name": "geth"
    },