{
  "dir_read_c": {
    "metric": {
      "instance": "172.17.0.1:8000", 
      "hostname": "longz-experiment", 
      "pid": "4651", 
      "directory": "/data/blockchain/eth-data", 
      "job": "syscall_monitoring", 
      "application_name": "openethereum", 
      "__name__": "dir_reads_total"
    }, 
    "values": [
      [
        1633150060, 
        "99122"
      ], 
      [
        1633150075, 
        "83779"
      ], 
      [
        1633150090, 
        "35669"
      ], 
      [
        1633150105, 
        "19418"
      ], 
      [
        1633150120, 
        "27213"
      ], 
      [
        1633150135, 
        "58715"
      ], 
      [
        1633150150, 
        "34208"
      ], 
      [
        1633150165, 
        "31579"
      ], 
      [
        1633150180, 
        "56283"
      ], 
      [
        1633150195, 
        "64207"
      ], 
      [
        1633150210, 
        "65563"
      ], 
      [
        1633150225, 
        "77346"
      ], 
      [
        1633150240, 
        "76780"
      ], 
      [
        1633150255, 
        "110055"
      ], 
      [
        1633150270, 
        "58575"
      ], 
      [
        1633150285, 
        "101593"
      ], 
      [
        1633150300, 
        "105189"
      ], 
      [
        1633150315, 
        "97052"
      ], 
      [
        1633150330, 
        "101782"
      ], 
      [
        1633150345, 
        "49009"
      ], 
      [
        1633150360, 
        "50459"
      ]
    ]
  }, 
  "stat": {
    "dir_read_c": {
      "max": 105189.0, 
      "mean": 66837.90476190476, 
      "variance": 769403874.7528343, 
      "pvalue": 3.0880689126520234e-05, 
      "min": 27213.0
    }, 
    "dir_reads": {
      "max": 2172693504.0, 
      "mean": 1317707239.6190476, 
      "variance": 3.2946354110386554e+17, 
      "pvalue": 0.0003641540638274955, 
      "min": 492306432.0
    }, 
    "tcp_conn": {
      "max": 74.0, 
      "mean": 47.38095238095238, 
      "variance": 275.3786848072562, 
      "pvalue": 0.5316825725682142, 
      "min": 27.0
    }, 
    "kvdb_bytes_read": {
      "max": 511982.7, 
      "mean": 276916.7900266667, 
      "variance": 44929533959.04684, 
      "pvalue": 0.06043435650910428, 
      "min": 50840.613999999994
    }, 
    "tcp_sends": {
      "max": 1299456.0, 
      "mean": 370249.14285714284, 
      "variance": 175359413408.2177, 
      "pvalue": 0.04302316945398854, 
      "min": 29696.0
    }, 
    "dir_writes": {
      "max": 663175168.0, 
      "mean": 213665743.23809522, 
      "variance": 4.4759618105212104e+16, 
      "pvalue": 0.10011382463530531, 
      "min": 20765696.0
    }, 
    "kvdb_bytes_write": {
      "max": 2418308.4, 
      "mean": 991612.0569485713, 
      "variance": 4884628806600.045, 
      "pvalue": 0.16234037781300986, 
      "min": 0.0
    }, 
    "dir_write_c": {
      "max": 11816.0, 
      "mean": 3046.4761904761904, 
      "variance": 64862525.58276644, 
      "pvalue": 0.45428012764756465, 
      "min": 211.0
    }, 
    "peer_stats": {
      "max": 39.0, 
      "mean": 36.68421052631579, 
      "variance": 1.5844875346260392, 
      "pvalue": 8.858217782475821e-18, 
      "min": 35.0
    }, 
    "tcp_recvs": {
      "max": 39512064.0, 
      "mean": 6319445.333333333, 
      "variance": 225073600730193.25, 
      "pvalue": 0.48145387450565913, 
      "min": 194560.0
    }
  }, 
  "dir_reads": {
    "metric": {
      "instance": "172.17.0.1:8000", 
      "hostname": "longz-experiment", 
      "pid": "4651", 
      "directory": "/data/blockchain/eth-data", 
      "job": "syscall_monitoring", 
      "application_name": "openethereum"
    }, 
    "values": [
      [
        1633150060, 
        "1936104448"
      ], 
      [
        1633150075, 
        "1542701056"
      ], 
      [
        1633150090, 
        "713061376"
      ], 
      [
        1633150105, 
        "492306432"
      ], 
      [
        1633150120, 
        "480192512"
      ], 
      [
        1633150135, 
        "1123759104"
      ], 
      [
        1633150150, 
        "640294912"
      ], 
      [
        1633150165, 
        "596771840"
      ], 
      [
        1633150180, 
        "1145675776"
      ], 
      [
        1633150195, 
        "1249951744"
      ], 
      [
        1633150210, 
        "1284392960"
      ], 
      [
        1633150225, 
        "1578881024"
      ], 
      [
        1633150240, 
        "1483803648"
      ], 
      [
        1633150255, 
        "2172693504"
      ], 
      [
        1633150270, 
        "1286654976"
      ], 
      [
        1633150285, 
        "2057230336"
      ], 
      [
        1633150300, 
        "2046588928"
      ], 
      [
        1633150315, 
        "2035218432"
      ], 
      [
        1633150330, 
        "2182890496"
      ], 
      [
        1633150345, 
        "768174080"
      ], 
      [
        1633150360, 
        "854504448"
      ]
    ]
  }, 
  "tcp_conn": {
    "metric": {}, 
    "values": [
      [
        1633150060, 
        "74"
      ], 
      [
        1633150075, 
        "12"
      ], 
      [
        1633150090, 
        "70"
      ], 
      [
        1633150105, 
        "42"
      ], 
      [
        1633150120, 
        "35"
      ], 
      [
        1633150135, 
        "27"
      ], 
      [
        1633150150, 
        "65"
      ], 
      [
        1633150165, 
        "32"
      ], 
      [
        1633150180, 
        "45"
      ], 
      [
        1633150195, 
        "43"
      ], 
      [
        1633150210, 
        "47"
      ], 
      [
        1633150225, 
        "44"
      ], 
      [
        1633150240, 
        "33"
      ], 
      [
        1633150255, 
        "49"
      ], 
      [
        1633150270, 
        "46"
      ], 
      [
        1633150285, 
        "54"
      ], 
      [
        1633150300, 
        "37"
      ], 
      [
        1633150315, 
        "69"
      ], 
      [
        1633150330, 
        "46"
      ], 
      [
        1633150345, 
        "83"
      ], 
      [
        1633150360, 
        "42"
      ]
    ]
  }, 
  "kvdb_bytes_read": {
    "metric": {
      "instance": "172.17.0.1:3033", 
      "job": "openethereum"
    }, 
    "values": [
      [
        1633150060, 
        "62195.66696000001"
      ], 
      [
        1633150075, 
        "166638.3"
      ], 
      [
        1633150090, 
        "55471.2"
      ], 
      [
        1633150105, 
        "127039.1"
      ], 
      [
        1633150120, 
        "99729.5"
      ], 
      [
        1633150135, 
        "50840.613999999994"
      ], 
      [
        1633150150, 
        "93493"
      ], 
      [
        1633150165, 
        "311696.7"
      ], 
      [
        1633150180, 
        "461502.8"
      ], 
      [
        1633150195, 
        "372390.1"
      ], 
      [
        1633150210, 
        "511982.7"
      ], 
      [
        1633150225, 
        "478461.7"
      ], 
      [
        1633150240, 
        "476575.2"
      ], 
      [
        1633150255, 
        "369730.2"
      ], 
      [
        1633150270, 
        "486914.6"
      ], 
      [
        1633150285, 
        "409265.7"
      ], 
      [
        1633150300, 
        "828173.4"
      ], 
      [
        1633150315, 
        "263509.9096"
      ], 
      [
        1633150330, 
        "10965.1"
      ], 
      [
        1633150345, 
        "121516.5"
      ], 
      [
        1633150360, 
        "57160.6"
      ]
    ]
  }, 
  "tcp_sends": {
    "metric": {},