{
  "dir_read_c": {
    "metric": {
      "instance": "172.17.0.1:8000", 
      "hostname": "longz-experiment", 
      "pid": "4651", 
      "directory": "/data/blockchain/eth-data", 
      "job": "syscall_monitoring", 
      "application_name": "openethereum", 
      "__name__": "dir_reads_total"
    }, 
    "values": [
      [
        1633149760, 
        "35998"
      ], 
      [
        1633149775, 
        "36316"
      ], 
      [
        1633149790, 
        "25385"
      ], 
      [
        1633149805, 
        "34026"
      ], 
      [
        1633149820, 
        "42488"
      ], 
      [
        1633149835, 
        "35674"
      ], 
      [
        1633149850, 
        "50242"
      ], 
      [
        1633149865, 
        "36568"
      ], 
      [
        1633149880, 
        "48210"
      ], 
      [
        1633149895, 
        "43678"
      ], 
      [
        1633149910, 
        "44433"
      ], 
      [
        1633149925, 
        "46494"
      ], 
      [
        1633149940, 
        "36372"
      ], 
      [
        1633149955, 
        "36210"
      ], 
      [
        1633149970, 
        "71992"
      ], 
      [
        1633149985, 
        "34502"
      ], 
      [
        1633150000, 
        "73708"
      ], 
      [
        1633150015, 
        "90122"
      ], 
      [
        1633150030, 
        "36511"
      ], 
      [
        1633150045, 
        "71213"
      ], 
      [
        1633150060, 
        "99122"
      ]
    ]
  }, 
  "stat": {
    "dir_read_c": {
      "max": 90122.0, 
      "mean": 49012.57142857143, 
      "variance": 384237068.24489796, 
      "pvalue": 0.0002884857735912759, 
      "min": 34026.0
    }, 
    "dir_reads": {
      "max": 1635054592.0, 
      "mean": 886133955.0476191, 
      "variance": 1.3877447722276902e+17, 
      "pvalue": 0.03115698748924309, 
      "min": 565279744.0
    }, 
    "tcp_conn": {
      "max": 74.0, 
      "mean": 39.857142857142854, 
      "variance": 304.0272108843538, 
      "pvalue": 0.040392990812215784, 
      "min": 22.0
    }, 
    "kvdb_bytes_read": {
      "max": 418718.49232133344, 
      "mean": 188611.90373333334, 
      "variance": 13695574540.139166, 
      "pvalue": 0.0042072471311989925, 
      "min": 79967.25334800001
    }, 
    "tcp_sends": {
      "max": 1357824.0, 
      "mean": 277650.28571428574, 
      "variance": 192318953235.1565, 
      "pvalue": 0.00019093543067854617, 
      "min": 28672.0
    }, 
    "dir_writes": {
      "max": 237398016.0, 
      "mean": 197082502.0952381, 
      "variance": 652935047411382.2, 
      "pvalue": 0.26012827106672626, 
      "min": 152882176.0
    }, 
    "kvdb_bytes_write": {
      "max": 806131.1861320004, 
      "mean": 310419.751132, 
      "variance": 129525405116.73328, 
      "pvalue": 0.9246291496762675, 
      "min": 0.0
    }, 
    "dir_write_c": {
      "max": 8932.0, 
      "mean": 2213.3809523809523, 
      "variance": 45051997.18820862, 
      "pvalue": 0.9206402906001567, 
      "min": 175.0
    }, 
    "peer_stats": {
      "max": 37.0, 
      "mean": 32.0, 
      "variance": 7.333333333333333, 
      "pvalue": 1.3964549941470127e-11, 
      "min": 29.0
    }, 
    "tcp_recvs": {
      "max": 2714624.0, 
      "mean": 1322374.0952380951, 
      "variance": 689511768416.9432, 
      "pvalue": 0.3294831706371228, 
      "min": 190464.0
    }
  }, 
  "dir_reads": {
    "metric": {
      "instance": "172.17.0.1:8000", 
      "hostname": "longz-experiment", 
      "pid": "4651", 
      "directory": "/data/blockchain/eth-data", 
      "job": "syscall_monitoring", 
      "application_name": "openethereum"
    }, 
    "values": [
      [
        1633149760, 
        "681029632"
      ], 
      [
        1633149775, 
        "694577152"
      ], 
      [
        1633149790, 
        "508911616"
      ], 
      [
        1633149805, 
        "674211840"
      ], 
      [
        1633149820, 
        "760366080"
      ], 
      [
        1633149835, 
        "597750784"
      ], 
      [
        1633149850, 
        "908616704"
      ], 
      [
        1633149865, 
        "613899264"
      ], 
      [
        1633149880, 
        "877275136"
      ], 
      [
        1633149895, 
        "754768896"
      ], 
      [
        1633149910, 
        "770635776"
      ], 
      [
        1633149925, 
        "812550144"
      ], 
      [
        1633149940, 
        "703391744"
      ], 
      [
        1633149955, 
        "630268928"
      ], 
      [
        1633149970, 
        "1286003712"
      ], 
      [
        1633149985, 
        "565279744"
      ], 
      [
        1633150000, 
        "1325176832"
      ], 
      [
        1633150015, 
        "1635054592"
      ], 
      [
        1633150030, 
        "608023552"
      ], 
      [
        1633150045, 
        "1264916480"
      ], 
      [
        1633150060, 
        "1936104448"
      ]
    ]
  }, 
  "tcp_conn": {
    "metric": {}, 
    "values": [
      [
        1633149760, 
        "27"
      ], 
      [
        1633149775, 
        "29"
      ], 
      [
        1633149790, 
        "33"
      ], 
      [
        1633149805, 
        "59"
      ], 
      [
        1633149820, 
        "38"
      ], 
      [
        1633149835, 
        "43"
      ], 
      [
        1633149850, 
        "36"
      ], 
      [
        1633149865, 
        "28"
      ], 
      [
        1633149880, 
        "33"
      ], 
      [
        1633149895, 
        "33"
      ], 
      [
        1633149910, 
        "38"
      ], 
      [
        1633149925, 
        "41"
      ], 
      [
        1633149940, 
        "28"
      ], 
      [
        1633149955, 
        "45"
      ], 
      [
        1633149970, 
        "3"
      ], 
      [
        1633149985, 
        "83"
      ], 
      [
        1633150000, 
        "33"
      ], 
      [
        1633150015, 
        "53"
      ], 
      [
        1633150030, 
        "58"
      ], 
      [
        1633150045, 
        "22"
      ], 
      [
        1633150060, 
        "74"
      ]
    ]
  }, 
  "kvdb_bytes_read": {
    "metric": {
      "instance": "172.17.0.1:3033", 
      "job": "openethereum"
    }, 
    "values": [
      [
        1633149760, 
        "80902.6"
      ], 
      [
        1633149775, 
        "141001.9"
      ], 
      [
        1633149790, 
        "177846.2"
      ], 
      [
        1633149805, 
        "227455.1"
      ], 
      [
        1633149820, 
        "149052.5"
      ], 
      [
        1633149835, 
        "203854.8"
      ], 
      [
        1633149850, 
        "113056.1"
      ], 
      [
        1633149865, 
        "174350.5"
      ], 
      [
        1633149880, 
        "171993.3"
      ], 
      [
        1633149895, 
        "145839.9"
      ], 
      [
        1633149910, 
        "144997.6"
      ], 
      [
        1633149925, 
        "141304"
      ], 
      [
        1633149940, 
        "188168.7"
      ], 
      [
        1633149970, 
        "169533.9"
      ], 
      [
        1633149985, 
        "126843.1"
      ], 
      [
        1633150000, 
        "606901.8"
      ], 
      [
        1633150015, 
        "175512.6"
      ], 
      [
        1633150030, 
        "162613.7"
      ], 
      [
        1633150045, 
        "408814.10770666663"
      ], 
      [
        1633150060, 
        "62195.66696000001"
      ]
    ]
  }, 
  "tcp_sends": {
    "metric": {},