{
  "dir_read_c": {
    "metric": {
      "instance": "172.17.0.1:8000", 
      "hostname": "longz-experiment", 
      "pid": "4651", 
      "directory": "/data/blockchain/eth-data", 
      "job": "syscall_monitoring", 
      "application_name": "openethereum", 
      "__name__": "dir_reads_total"
    }, 
    "values": [
      [
        1633150965, 
        "39812"
      ], 
      [
        1633150980, 
        "79676"
      ], 
      [
        1633150995, 
        "20889"
      ], 
      [
        1633151010, 
        "31586"
      ], 
      [
        1633151025, 
        "26184"
      ], 
      [
        1633151040, 
        "23960"
      ], 
      [
        1633151055, 
        "26721"
      ], 
      [
        1633151070, 
        "35606"
      ], 
      [
        1633151085, 
        "30934"
      ], 
      [
        1633151100, 
        "54047"
      ], 
      [
        1633151115, 
        "97059"
      ], 
      [
        1633151130, 
        "35319"
      ], 
      [
        1633151145, 
        "36646"
      ], 
      [
        1633151160, 
        "24498"
      ], 
      [
        1633151175, 
        "21836"
      ], 
      [
        1633151190, 
        "29904"
      ], 
      [
        1633151205, 
        "22861"
      ], 
      [
        1633151220, 
        "25941"
      ], 
      [
        1633151235, 
        "28604"
      ], 
      [
        1633151250, 
        "28644"
      ], 
      [
        1633151265, 
        "40949"
      ]
    ]
  }, 
  "stat": {
    "dir_read_c": {
      "max": 79676.0, 
      "mean": 36270.28571428572, 
      "variance": 350172601.0612245, 
      "pvalue": 0.28189347594439074, 
      "min": 21836.0
    }, 
    "dir_reads": {
      "max": 1503867904.0, 
      "mean": 699782046.4761904, 
      "variance": 1.505079186287398e+17, 
      "pvalue": 0.22675163313073907, 
      "min": 383151104.0
    }, 
    "tcp_conn": {
      "max": 353.0, 
      "mean": 125.28571428571429, 
      "variance": 15498.013605442178, 
      "pvalue": 0.0004036771127445093, 
      "min": 6.0
    }, 
    "kvdb_bytes_read": {
      "max": 561644.4917759998, 
      "mean": 158987.937944961, 
      "variance": 26983406676.335682, 
      "pvalue": 0.18827251716752508, 
      "min": 35952.5652314259
    }, 
    "tcp_sends": {
      "max": 1447936.0, 
      "mean": 560908.1904761905, 
      "variance": 278926599165.67804, 
      "pvalue": 0.10541560415448817, 
      "min": 50176.0
    }, 
    "dir_writes": {
      "max": 426966016.0, 
      "mean": 228571818.66666666, 
      "variance": 9786848309432648.0, 
      "pvalue": 0.20696467974440771, 
      "min": 168908800.0
    }, 
    "kvdb_bytes_write": {
      "max": 684517.2621168466, 
      "mean": 235112.12270991935, 
      "variance": 72911449070.79462, 
      "pvalue": 0.5236124079540012, 
      "min": 0.0
    }, 
    "dir_write_c": {
      "max": 5455.0, 
      "mean": 2278.0, 
      "variance": 40146528.952380955, 
      "pvalue": 0.8806689847297691, 
      "min": 181.0
    }, 
    "peer_stats": {
      "max": 30.0, 
      "mean": 25.944444444444443, 
      "variance": 10.05246913580247, 
      "pvalue": 0.265360334583972, 
      "min": 20.85
    }, 
    "tcp_recvs": {
      "max": 18973696.0, 
      "mean": 4458105.904761905, 
      "variance": 31953595135670.27, 
      "pvalue": 0.002332553680448641, 
      "min": 113664.0
    }
  }, 
  "dir_reads": {
    "metric": {
      "instance": "172.17.0.1:8000", 
      "hostname": "longz-experiment", 
      "pid": "4651", 
      "directory": "/data/blockchain/eth-data", 
      "job": "syscall_monitoring", 
      "application_name": "openethereum"
    }, 
    "values": [
      [
        1633150965, 
        "736813056"
      ], 
      [
        1633150980, 
        "1503867904"
      ], 
      [
        1633150995, 
        "383151104"
      ], 
      [
        1633151010, 
        "645060608"
      ], 
      [
        1633151025, 
        "532716544"
      ], 
      [
        1633151040, 
        "506306560"
      ], 
      [
        1633151055, 
        "565134336"
      ], 
      [
        1633151070, 
        "665489408"
      ], 
      [
        1633151085, 
        "572466176"
      ], 
      [
        1633151100, 
        "1048772608"
      ], 
      [
        1633151115, 
        "2032891904"
      ], 
      [
        1633151130, 
        "697341952"
      ], 
      [
        1633151145, 
        "683028480"
      ], 
      [
        1633151160, 
        "429578240"
      ], 
      [
        1633151175, 
        "379074560"
      ], 
      [
        1633151190, 
        "541035520"
      ], 
      [
        1633151205, 
        "409456640"
      ], 
      [
        1633151220, 
        "462664704"
      ], 
      [
        1633151235, 
        "535557120"
      ], 
      [
        1633151250, 
        "540688384"
      ], 
      [
        1633151265, 
        "824327168"
      ]
    ]
  }, 
  "tcp_conn": {
    "metric": {}, 
    "values": [
      [
        1633150965, 
        "54"
      ], 
      [
        1633150980, 
        "53"
      ], 
      [
        1633150995, 
        "55"
      ], 
      [
        1633151010, 
        "48"
      ], 
      [
        1633151025, 
        "50"
      ], 
      [
        1633151040, 
        "41"
      ], 
      [
        1633151055, 
        "58"
      ], 
      [
        1633151070, 
        "47"
      ], 
      [
        1633151085, 
        "40"
      ], 
      [
        1633151100, 
        "53"
      ], 
      [
        1633151115, 
        "42"
      ], 
      [
        1633151130, 
        "0"
      ], 
      [
        1633151145, 
        "6"
      ], 
      [
        1633151160, 
        "198"
      ], 
      [
        1633151175, 
        "154"
      ], 
      [
        1633151190, 
        "231"
      ], 
      [
        1633151205, 
        "263"
      ], 
      [
        1633151220, 
        "353"
      ], 
      [
        1633151235, 
        "313"
      ], 
      [
        1633151250, 
        "454"
      ], 
      [
        1633151265, 
        "118"
      ]
    ]
  }, 
  "kvdb_bytes_read": {
    "metric": {
      "instance": "172.17.0.1:3033", 
      "job": "openethereum"
    }, 
    "values": [
      [
        1633150965, 
        "643011"
      ], 
      [
        1633150980, 
        "105407.3"
      ], 
      [
        1633150995, 
        "61136.5"
      ], 
      [
        1633151010, 
        "108901.7"
      ], 
      [
        1633151025, 
        "85337.8"
      ], 
      [
        1633151040, 
        "140693.7"
      ], 
      [
        1633151055, 
        "101599.2"
      ], 
      [
        1633151070, 
        "136723.4"
      ], 
      [
        1633151085, 
        "336972"
      ], 
      [
        1633151100, 
        "552603.76864"
      ], 
      [
        1633151130, 
        "19023.252314259033"
      ], 
      [
        1633151145, 
        "77776.3"
      ], 
      [
        1633151160, 
        "37833.6"
      ], 
      [
        1633151175, 
        "104397.3"
      ], 
      [
        1633151190, 
        "72244.1"
      ], 
      [
        1633151205, 
        "86333.7"
      ], 
      [
        1633151220, 
        "72607.7"
      ], 
      [
        1633151235, 
        "104507.6"
      ], 
      [
        1633151250, 
        "173660.9"
      ]
    ]
  }, 
  "tcp_sends": {
    "metric": {},