{
  "dir_read_c": {
    "metric": {
      "instance": "172.17.0.1:8000", 
      "hostname": "longz-experiment", 
      "pid": "4651", 
      "directory": "/data/blockchain/eth-data", 
      "job": "syscall_monitoring", 
      "application_name": "openethereum", 
      "__name__": "dir_reads_total"
    }, 
    "values": [
      [
        1633150661, 
        "32275"
      ], 
      [
        1633150676, 
        "32205"
      ], 
      [
        1633150691, 
        "37322"
      ], 
      [
        1633150706, 
        "38641"
      ], 
      [
        1633150721, 
        "31049"
      ], 
      [
        1633150736, 
        "36913"
      ], 
      [
        1633150751, 
        "32409"
      ], 
      [
        1633150766, 
        "25240"
      ], 
      [
        1633150781, 
        "38105"
      ], 
      [
        1633150796, 
        "41904"
      ], 
      [
        1633150811, 
        "38754"
      ], 
      [
        1633150826, 
        "39064"
      ], 
      [
        1633150841, 
        "24821"
      ], 
      [
        1633150856, 
        "66864"
      ], 
      [
        1633150871, 
        "81220"
      ], 
      [
        1633150886, 
        "66721"
      ], 
      [
        1633150901, 
        "35775"
      ], 
      [
        1633150916, 
        "22932"
      ], 
      [
        1633150931, 
        "24504"
      ], 
      [
        1633150946, 
        "18636"
      ], 
      [
        1633150961, 
        "39812"
      ]
    ]
  }, 
  "stat": {
    "dir_read_c": {
      "max": 66864.0, 
      "mean": 38341.23809523809, 
      "variance": 229398880.4671201, 
      "pvalue": 0.35702429620602383, 
      "min": 22932.0
    }, 
    "dir_reads": {
      "max": 1487803392.0, 
      "mean": 780568917.3333334, 
      "variance": 1.0145596258366779e+17, 
      "pvalue": 0.05410736594756878, 
      "min": 401693696.0
    }, 
    "tcp_conn": {
      "max": 59.0, 
      "mean": 46.285714285714285, 
      "variance": 295.3469387755102, 
      "pvalue": 0.25646361748542573, 
      "min": 21.0
    }, 
    "kvdb_bytes_read": {
      "max": 484940.3999999996, 
      "mean": 170177.71193122806, 
      "variance": 26372896042.45697, 
      "pvalue": 0.6616692787786176, 
      "min": 30701.123639999998
    }, 
    "tcp_sends": {
      "max": 840704.0, 
      "mean": 470552.38095238095, 
      "variance": 72511189372.80725, 
      "pvalue": 0.005491395853422118, 
      "min": 82944.0
    }, 
    "dir_writes": {
      "max": 281650176.0, 
      "mean": 220000402.2857143, 
      "variance": 1.3611853999833534e+16, 
      "pvalue": 0.9191167510429664, 
      "min": 133658624.0
    }, 
    "kvdb_bytes_write": {
      "max": 754035.8999999997, 
      "mean": 281041.8947368421, 
      "variance": 79994687749.69838, 
      "pvalue": 0.7399670929884348, 
      "min": 0.0
    }, 
    "dir_write_c": {
      "max": 6723.0, 
      "mean": 2158.6190476190477, 
      "variance": 39987697.09297052, 
      "pvalue": 0.9791587389983057, 
      "min": 172.0
    }, 
    "peer_stats": {
      "max": 35.099999999999994, 
      "mean": 31.105263157894736, 
      "variance": 9.462603878116344, 
      "pvalue": 8.955484693352794e-06, 
      "min": 26.8
    }, 
    "tcp_recvs": {
      "max": 11131904.0, 
      "mean": 2889825.523809524, 
      "variance": 9980105984924.152, 
      "pvalue": 0.001939960317666508, 
      "min": 311296.0
    }
  }, 
  "dir_reads": {
    "metric": {
      "instance": "172.17.0.1:8000", 
      "hostname": "longz-experiment", 
      "pid": "4651", 
      "directory": "/data/blockchain/eth-data", 
      "job": "syscall_monitoring", 
      "application_name": "openethereum"
    }, 
    "values": [
      [
        1633150661, 
        "656154624"
      ], 
      [
        1633150676, 
        "681379840"
      ], 
      [
        1633150691, 
        "828087296"
      ], 
      [
        1633150706, 
        "851300352"
      ], 
      [
        1633150721, 
        "677676032"
      ], 
      [
        1633150736, 
        "729256960"
      ], 
      [
        1633150751, 
        "649961472"
      ], 
      [
        1633150766, 
        "513487872"
      ], 
      [
        1633150781, 
        "766772224"
      ], 
      [
        1633150796, 
        "822538240"
      ], 
      [
        1633150811, 
        "782249984"
      ], 
      [
        1633150826, 
        "796948480"
      ], 
      [
        1633150841, 
        "655201280"
      ], 
      [
        1633150856, 
        "1302432768"
      ], 
      [
        1633150871, 
        "1627660288"
      ], 
      [
        1633150886, 
        "1487803392"
      ], 
      [
        1633150901, 
        "669647872"
      ], 
      [
        1633150916, 
        "401693696"
      ], 
      [
        1633150931, 
        "430219264"
      ], 
      [
        1633150946, 
        "324662272"
      ], 
      [
        1633150961, 
        "736813056"
      ]
    ]
  }, 
  "tcp_conn": {
    "metric": {}, 
    "values": [
      [
        1633150661, 
        "43"
      ], 
      [
        1633150676, 
        "55"
      ], 
      [
        1633150691, 
        "57"
      ], 
      [
        1633150706, 
        "47"
      ], 
      [
        1633150721, 
        "59"
      ], 
      [
        1633150736, 
        "56"
      ], 
      [
        1633150751, 
        "47"
      ], 
      [
        1633150766, 
        "54"
      ], 
      [
        1633150781, 
        "40"
      ], 
      [
        1633150796, 
        "25"
      ], 
      [
        1633150811, 
        "4"
      ], 
      [
        1633150826, 
        "95"
      ], 
      [
        1633150841, 
        "42"
      ], 
      [
        1633150856, 
        "49"
      ], 
      [
        1633150871, 
        "44"
      ], 
      [
        1633150886, 
        "21"
      ], 
      [
        1633150901, 
        "34"
      ], 
      [
        1633150916, 
        "58"
      ], 
      [
        1633150931, 
        "43"
      ], 
      [
        1633150946, 
        "45"
      ], 
      [
        1633150961, 
        "54"
      ]
    ]
  }, 
  "kvdb_bytes_read": {
    "metric": {
      "instance": "172.17.0.1:3033", 
      "job": "openethereum"
    }, 
    "values": [
      [
        1633150661, 
        "101702.1"
      ], 
      [
        1633150676, 
        "114656.7"
      ], 
      [
        1633150691, 
        "158011.6"
      ], 
      [
        1633150706, 
        "135474.3"
      ], 
      [
        1633150721, 
        "79775.1"
      ], 
      [
        1633150736, 
        "144352.1"
      ], 
      [
        1633150751, 
        "77374.6"
      ], 
      [
        1633150766, 
        "126275.4"
      ], 
      [
        1633150796, 
        "15394.35048"
      ], 
      [
        1633150811, 
        "123241.5"
      ], 
      [
        1633150826, 
        "104967"
      ], 
      [
        1633150841, 
        "467377"
      ], 
      [
        1633150856, 
        "431070.7"
      ], 
      [
        1633150886, 
        "32401.876213333333"
      ], 
      [
        1633150901, 
        "61965.4"
      ], 
      [
        1633150916, 
        "68699.9"
      ], 
      [
        1633150931, 
        "70885.1"
      ], 
      [
        1633150946, 
        "276740.8"
      ], 
      [
        1633150961, 
        "643011"
      ]
    ]
  }, 
  "tcp_sends": {
    "metric": {},