{
  "dir_read_c": {
    "metric": {
      "instance": "172.17.0.1:8000", 
      "hostname": "longz-experiment", 
      "pid": "25071", 
      "directory": "/data/blockchain/eth-data", 
      "job": "syscall_monitoring", 
      "application_name": "openethereum", 
      "__name__": "dir_reads_total"
    }, 
    "values": [
      [
        1632282922, 
        "130308"
      ], 
      [
        1632282937, 
        "123108"
      ], 
      [
        1632282952, 
        "138195"
      ], 
      [
        1632282967, 
        "122832"
      ], 
      [
        1632282982, 
        "76767"
      ], 
      [
        1632282997, 
        "19864"
      ], 
      [
        1632283012, 
        "17115"
      ], 
      [
        1632283027, 
        "15914"
      ], 
      [
        1632283042, 
        "25926"
      ], 
      [
        1632283057, 
        "22181"
      ], 
      [
        1632283072, 
        "22415"
      ], 
      [
        1632283087, 
        "36011"
      ], 
      [
        1632283102, 
        "28589"
      ], 
      [
        1632283117, 
        "47166"
      ], 
      [
        1632283132, 
        "31845"
      ], 
      [
        1632283147, 
        "50585"
      ], 
      [
        1632283162, 
        "45328"
      ], 
      [
        1632283177, 
        "84222"
      ], 
      [
        1632283192, 
        "49288"
      ], 
      [
        1632283207, 
        "83869"
      ], 
      [
        1632283222, 
        "107292"
      ]
    ]
  }, 
  "stat": {
    "dir_read_c": {
      "max": 130308.0, 
      "mean": 60896.19047619047, 
      "variance": 1665767877.39229, 
      "min": 17115.0
    }, 
    "dir_reads": {
      "max": 2654694400.0, 
      "mean": 1227759957.3333333, 
      "variance": 6.980935219890179e+17, 
      "min": 350655488.0
    }, 
    "tcp_conn": {
      "max": 423.0, 
      "mean": 240.9047619047619, 
      "variance": 27110.943310657593, 
      "min": 7.0
    }, 
    "kvdb_bytes_read": {
      "max": 345513.50200000004, 
      "mean": 131756.01802509805, 
      "variance": 13262561794.316626, 
      "min": 20100.445861333337
    }, 
    "tcp_sends": {
      "max": 444416.0, 
      "mean": 167545.90476190476, 
      "variance": 22456650763.609978, 
      "min": 14336.0
    }, 
    "dir_writes": {
      "max": 850803712.0, 
      "mean": 297665877.3333333, 
      "variance": 5.449673453958617e+16, 
      "min": 110898176.0
    }, 
    "kvdb_bytes_write": {
      "max": 5487904.879999992, 
      "mean": 1163687.49768, 
      "variance": 10561473607814.488, 
      "min": 0.0
    }, 
    "dir_write_c": {
      "max": 13394.0, 
      "mean": 4496.476190476191, 
      "variance": 152546191.5827664, 
      "min": 179.0
    }, 
    "peer_stats": {
      "max": 8.5, 
      "mean": 4.5, 
      "variance": 10.375, 
      "min": 0.0
    }, 
    "tcp_recvs": {
      "max": 28518400.0, 
      "mean": 8868035.047619049, 
      "variance": 111454328192429.58, 
      "min": 2048.0
    }
  }, 
  "dir_reads": {
    "metric": {
      "instance": "172.17.0.1:8000", 
      "hostname": "longz-experiment", 
      "pid": "25071", 
      "directory": "/data/blockchain/eth-data", 
      "job": "syscall_monitoring", 
      "application_name": "openethereum"
    }, 
    "values": [
      [
        1632282922, 
        "2803460096"
      ], 
      [
        1632282937, 
        "2561095680"
      ], 
      [
        1632282952, 
        "2654694400"
      ], 
      [
        1632282967, 
        "2173828096"
      ], 
      [
        1632282982, 
        "1483730944"
      ], 
      [
        1632282997, 
        "405154816"
      ], 
      [
        1632283012, 
        "350655488"
      ], 
      [
        1632283027, 
        "322240512"
      ], 
      [
        1632283042, 
        "530921472"
      ], 
      [
        1632283057, 
        "436684800"
      ], 
      [
        1632283072, 
        "413431808"
      ], 
      [
        1632283087, 
        "664316928"
      ], 
      [
        1632283102, 
        "543758336"
      ], 
      [
        1632283117, 
        "978258944"
      ], 
      [
        1632283132, 
        "553761792"
      ], 
      [
        1632283147, 
        "883607552"
      ], 
      [
        1632283162, 
        "1139798016"
      ], 
      [
        1632283177, 
        "1827426304"
      ], 
      [
        1632283192, 
        "942778368"
      ], 
      [
        1632283207, 
        "1812629504"
      ], 
      [
        1632283222, 
        "2300725248"
      ]
    ]
  }, 
  "tcp_conn": {
    "metric": {}, 
    "values": [
      [
        1632282922, 
        "91"
      ], 
      [
        1632282937, 
        "389"
      ], 
      [
        1632282952, 
        "76"
      ], 
      [
        1632282967, 
        "321"
      ], 
      [
        1632282982, 
        "170"
      ], 
      [
        1632282997, 
        "201"
      ], 
      [
        1632283012, 
        "418"
      ], 
      [
        1632283027, 
        "421"
      ], 
      [
        1632283042, 
        "314"
      ], 
      [
        1632283057, 
        "403"
      ], 
      [
        1632283072, 
        "352"
      ], 
      [
        1632283087, 
        "415"
      ], 
      [
        1632283102, 
        "441"
      ], 
      [
        1632283117, 
        "390"
      ], 
      [
        1632283132, 
        "0"
      ], 
      [
        1632283147, 
        "7"
      ], 
      [
        1632283162, 
        "66"
      ], 
      [
        1632283177, 
        "96"
      ], 
      [
        1632283192, 
        "423"
      ], 
      [
        1632283207, 
        "31"
      ], 
      [
        1632283222, 
        "34"
      ]
    ]
  }, 
  "kvdb_bytes_read": {
    "metric": {
      "instance": "172.17.0.1:3033", 
      "job": "openethereum"
    }, 
    "values": [
      [
        1632282922, 
        "373810.71"
      ], 
      [
        1632282952, 
        "338439.2"
      ], 
      [
        1632282967, 
        "219330.4"
      ], 
      [
        1632282982, 
        "58025"
      ], 
      [
        1632282997, 
        "35202.9"
      ], 
      [
        1632283012, 
        "25081.8"
      ], 
      [
        1632283027, 
        "74552.9"
      ], 
      [
        1632283042, 
        "37791.2"
      ], 
      [
        1632283057, 
        "44662.5"
      ], 
      [
        1632283072, 
        "90758.4"
      ], 
      [
        1632283087, 
        "91852"
      ], 
      [
        1632283102, 
        "220501.3"
      ], 
      [
        1632283147, 
        "38416.087680000004"
      ], 
      [
        1632283162, 
        "129541.3"
      ], 
      [
        1632283177, 
        "147670.3"
      ], 
      [
        1632283192, 
        "175.02930666666666"
      ], 
      [
        1632283207, 
        "314041.27944"
      ]
    ]
  }, 
  "tcp_sends": {
    "metric": {},