{
  "dir_read_c": {
    "metric": {
      "instance": "172.17.0.1:8000", 
      "hostname": "longz-experiment", 
      "pid": "25071", 
      "directory": "/data/blockchain/eth-data", 
      "job": "syscall_monitoring", 
      "application_name": "openethereum", 
      "__name__": "dir_reads_total"
    }, 
    "values": [
      [
        1632282621, 
        "102562"
      ], 
      [
        1632282636, 
        "56025"
      ], 
      [
        1632282651, 
        "39472"
      ], 
      [
        1632282666, 
        "44259"
      ], 
      [
        1632282681, 
        "65311"
      ], 
      [
        1632282696, 
        "63740"
      ], 
      [
        1632282711, 
        "139536"
      ], 
      [
        1632282726, 
        "28244"
      ], 
      [
        1632282741, 
        "41251"
      ], 
      [
        1632282756, 
        "78220"
      ], 
      [
        1632282771, 
        "92185"
      ], 
      [
        1632282786, 
        "89956"
      ], 
      [
        1632282801, 
        "95637"
      ], 
      [
        1632282816, 
        "119173"
      ], 
      [
        1632282831, 
        "214857"
      ], 
      [
        1632282846, 
        "214842"
      ], 
      [
        1632282861, 
        "235303"
      ], 
      [
        1632282876, 
        "166818"
      ], 
      [
        1632282891, 
        "177621"
      ], 
      [
        1632282906, 
        "158648"
      ], 
      [
        1632282921, 
        "130308"
      ]
    ]
  }, 
  "stat": {
    "dir_read_c": {
      "max": 214857.0, 
      "mean": 112093.71428571429, 
      "variance": 3756177765.346939, 
      "min": 39472.0
    }, 
    "dir_reads": {
      "max": 4796116992.0, 
      "mean": 2335599713.5238094, 
      "variance": 1.8163405893315645e+18, 
      "min": 777745408.0
    }, 
    "tcp_conn": {
      "max": 328.0, 
      "mean": 126.38095238095238, 
      "variance": 14931.092970521544, 
      "min": 10.0
    }, 
    "kvdb_bytes_read": {
      "max": 968196.17, 
      "mean": 499016.29742315784, 
      "variance": 85480930265.68515, 
      "min": 148516.74
    }, 
    "tcp_sends": {
      "max": 280576.0, 
      "mean": 117760.0, 
      "variance": 11544422302.47619, 
      "min": 22528.0
    }, 
    "dir_writes": {
      "max": 287176704.0, 
      "mean": 167078473.14285713, 
      "variance": 9700576429749310.0, 
      "min": 21815296.0
    }, 
    "kvdb_bytes_write": {
      "max": 2502236.279999989, 
      "mean": 865595.6088477193, 
      "variance": 2463709722114.4077, 
      "min": 0.0
    }, 
    "dir_write_c": {
      "max": 5649.0, 
      "mean": 2879.3333333333335, 
      "variance": 87088531.17460313, 
      "min": 171.0
    }, 
    "peer_stats": {
      "max": 11.449999999999996, 
      "mean": 4.555555555555555, 
      "variance": 19.913580246913583, 
      "min": 0.0
    }, 
    "tcp_recvs": {
      "max": 30929920.0, 
      "mean": 8159670.857142857, 
      "variance": 112691207166161.0, 
      "min": 55296.0
    }
  }, 
  "dir_reads": {
    "metric": {
      "instance": "172.17.0.1:8000", 
      "hostname": "longz-experiment", 
      "pid": "25071", 
      "directory": "/data/blockchain/eth-data", 
      "job": "syscall_monitoring", 
      "application_name": "openethereum"
    }, 
    "values": [
      [
        1632282621, 
        "1995636736"
      ], 
      [
        1632282636, 
        "1162488832"
      ], 
      [
        1632282651, 
        "777745408"
      ], 
      [
        1632282666, 
        "863415296"
      ], 
      [
        1632282681, 
        "1294593024"
      ], 
      [
        1632282696, 
        "1183207424"
      ], 
      [
        1632282711, 
        "2798019584"
      ], 
      [
        1632282726, 
        "673897472"
      ], 
      [
        1632282741, 
        "828646400"
      ], 
      [
        1632282756, 
        "1607484416"
      ], 
      [
        1632282771, 
        "1814023168"
      ], 
      [
        1632282786, 
        "1803721728"
      ], 
      [
        1632282801, 
        "1892157440"
      ], 
      [
        1632282816, 
        "2587474944"
      ], 
      [
        1632282831, 
        "4726670336"
      ], 
      [
        1632282846, 
        "4796116992"
      ], 
      [
        1632282861, 
        "4913716224"
      ], 
      [
        1632282876, 
        "3428076544"
      ], 
      [
        1632282891, 
        "3923674112"
      ], 
      [
        1632282906, 
        "3173367808"
      ], 
      [
        1632282921, 
        "2803460096"
      ]
    ]
  }, 
  "tcp_conn": {
    "metric": {}, 
    "values": [
      [
        1632282621, 
        "120"
      ], 
      [
        1632282636, 
        "0"
      ], 
      [
        1632282651, 
        "251"
      ], 
      [
        1632282666, 
        "328"
      ], 
      [
        1632282681, 
        "236"
      ], 
      [
        1632282696, 
        "325"
      ], 
      [
        1632282711, 
        "20"
      ], 
      [
        1632282726, 
        "145"
      ], 
      [
        1632282741, 
        "463"
      ], 
      [
        1632282756, 
        "105"
      ], 
      [
        1632282771, 
        "47"
      ], 
      [
        1632282786, 
        "87"
      ], 
      [
        1632282801, 
        "133"
      ], 
      [
        1632282816, 
        "68"
      ], 
      [
        1632282831, 
        "14"
      ], 
      [
        1632282846, 
        "45"
      ], 
      [
        1632282861, 
        "10"
      ], 
      [
        1632282876, 
        "19"
      ], 
      [
        1632282891, 
        "42"
      ], 
      [
        1632282906, 
        "105"
      ], 
      [
        1632282921, 
        "91"
      ]
    ]
  }, 
  "kvdb_bytes_read": {
    "metric": {
      "instance": "172.17.0.1:3033", 
      "job": "openethereum"
    }, 
    "values": [
      [
        1632282636, 
        "194195.5"
      ], 
      [
        1632282651, 
        "156287.2"
      ], 
      [
        1632282666, 
        "219857.1"
      ], 
      [
        1632282681, 
        "207911.1"
      ], 
      [
        1632282696, 
        "585925.5"
      ], 
      [
        1632282711, 
        "149822.9"
      ], 
      [
        1632282726, 
        "136761.3"
      ], 
      [
        1632282741, 
        "341130.8"
      ], 
      [
        1632282756, 
        "430228.1"
      ], 
      [
        1632282771, 
        "455848.9"
      ], 
      [
        1632282801, 
        "372562"
      ], 
      [
        1632282816, 
        "907763.8"
      ], 
      [
        1632282831, 
        "966597.5"
      ], 
      [
        1632282846, 
        "921972.7"
      ], 
      [
        1632282861, 
        "869361.1"
      ], 
      [
        1632282876, 
        "504961.35104"
      ], 
      [
        1632282891, 
        "982584.2"
      ], 
      [
        1632282906, 
        "583863.6"
      ], 
      [
        1632282921, 
        "493675"
      ]
    ]
  }, 
  "tcp_sends": {
    "metric": {},