{
  "dir_read_c": {
    "metric": {
      "instance": "172.17.0.1:8000", 
      "hostname": "longz-experiment", 
      "pid": "25071", 
      "directory": "/data/blockchain/eth-data", 
      "job": "syscall_monitoring", 
      "application_name": "openethereum", 
      "__name__": "dir_reads_total"
    }, 
    "values": [
      [
        1632283526, 
        "130033"
      ], 
      [
        1632283541, 
        "121125"
      ], 
      [
        1632283556, 
        "89685"
      ], 
      [
        1632283571, 
        "150010"
      ], 
      [
        1632283586, 
        "155878"
      ], 
      [
        1632283601, 
        "152341"
      ], 
      [
        1632283616, 
        "168832"
      ], 
      [
        1632283631, 
        "165403"
      ], 
      [
        1632283646, 
        "90975"
      ], 
      [
        1632283661, 
        "110188"
      ], 
      [
        1632283676, 
        "128148"
      ], 
      [
        1632283691, 
        "37654"
      ], 
      [
        1632283706, 
        "22194"
      ], 
      [
        1632283721, 
        "24092"
      ], 
      [
        1632283736, 
        "172276"
      ], 
      [
        1632283751, 
        "32171"
      ], 
      [
        1632283766, 
        "118345"
      ], 
      [
        1632283781, 
        "75200"
      ], 
      [
        1632283796, 
        "181582"
      ], 
      [
        1632283811, 
        "70379"
      ], 
      [
        1632283826, 
        "77571"
      ]
    ]
  }, 
  "stat": {
    "dir_read_c": {
      "max": 172276.0, 
      "mean": 108289.61904761905, 
      "variance": 2518216043.378685, 
      "min": 24092.0
    }, 
    "dir_reads": {
      "max": 3393313792.0, 
      "mean": 2092993292.1904762, 
      "variance": 9.133577997871972e+17, 
      "min": 475624448.0
    }, 
    "tcp_conn": {
      "max": 383.0, 
      "mean": 117.14285714285714, 
      "variance": 21041.360544217685, 
      "min": 1.0
    }, 
    "kvdb_bytes_read": {
      "max": 652291.4399999998, 
      "mean": 265142.6851415801, 
      "variance": 58144608601.98525, 
      "min": 27999.120016
    }, 
    "tcp_sends": {
      "max": 928768.0, 
      "mean": 423204.5714285714, 
      "variance": 1911604893236.2449, 
      "min": 0.0
    }, 
    "dir_writes": {
      "max": 239739904.0, 
      "mean": 207214933.33333334, 
      "variance": 866458697299415.4, 
      "min": 138308608.0
    }, 
    "kvdb_bytes_write": {
      "max": 806549.94, 
      "mean": 285528.0487937588, 
      "variance": 104794205993.38565, 
      "min": 0.0
    }, 
    "dir_write_c": {
      "max": 528.0, 
      "mean": 2417.5238095238096, 
      "variance": 88116229.67800453, 
      "min": 180.0
    }, 
    "peer_stats": {
      "max": 13.299999999999999, 
      "mean": 5.066666666666666, 
      "variance": 21.928888888888885, 
      "min": 0.0
    }, 
    "tcp_recvs": {
      "max": 12836864.0, 
      "mean": 2170684.9523809524, 
      "variance": 16857003707626.521, 
      "min": 0.0
    }
  }, 
  "dir_reads": {
    "metric": {
      "instance": "172.17.0.1:8000", 
      "hostname": "longz-experiment", 
      "pid": "25071", 
      "directory": "/data/blockchain/eth-data", 
      "job": "syscall_monitoring", 
      "application_name": "openethereum"
    }, 
    "values": [
      [
        1632283526, 
        "2601925632"
      ], 
      [
        1632283541, 
        "2217854976"
      ], 
      [
        1632283556, 
        "1660651520"
      ], 
      [
        1632283571, 
        "2811360256"
      ], 
      [
        1632283586, 
        "2900097024"
      ], 
      [
        1632283601, 
        "2842168320"
      ], 
      [
        1632283616, 
        "3151700992"
      ], 
      [
        1632283631, 
        "3069768704"
      ], 
      [
        1632283646, 
        "1826099200"
      ], 
      [
        1632283661, 
        "2187667456"
      ], 
      [
        1632283676, 
        "2496138240"
      ], 
      [
        1632283691, 
        "739196928"
      ], 
      [
        1632283706, 
        "447138816"
      ], 
      [
        1632283721, 
        "475624448"
      ], 
      [
        1632283736, 
        "3393313792"
      ], 
      [
        1632283751, 
        "588262400"
      ], 
      [
        1632283766, 
        "2367112192"
      ], 
      [
        1632283781, 
        "1502509056"
      ], 
      [
        1632283796, 
        "3656854528"
      ], 
      [
        1632283811, 
        "1446255616"
      ], 
      [
        1632283826, 
        "1571159040"
      ]
    ]
  }, 
  "tcp_conn": {
    "metric": {}, 
    "values": [
      [
        1632283526, 
        "15"
      ], 
      [
        1632283541, 
        "0"
      ], 
      [
        1632283556, 
        "4"
      ], 
      [
        1632283571, 
        "11"
      ], 
      [
        1632283586, 
        "3"
      ], 
      [
        1632283601, 
        "5"
      ], 
      [
        1632283616, 
        "5"
      ], 
      [
        1632283631, 
        "50"
      ], 
      [
        1632283646, 
        "1"
      ], 
      [
        1632283661, 
        "28"
      ], 
      [
        1632283676, 
        "12"
      ], 
      [
        1632283691, 
        "122"
      ], 
      [
        1632283706, 
        "94"
      ], 
      [
        1632283721, 
        "383"
      ], 
      [
        1632283736, 
        "259"
      ], 
      [
        1632283751, 
        "497"
      ], 
      [
        1632283766, 
        "173"
      ], 
      [
        1632283781, 
        "263"
      ], 
      [
        1632283796, 
        "2"
      ], 
      [
        1632283811, 
        "250"
      ], 
      [
        1632283826, 
        "283"
      ]
    ]
  }, 
  "kvdb_bytes_read": {
    "metric": {
      "instance": "172.17.0.1:3033", 
      "job": "openethereum"
    }, 
    "values": [
      [
        1632283556, 
        "784860.8"
      ], 
      [
        1632283586, 
        "336364.6"
      ], 
      [
        1632283646, 
        "584925.8851770354"
      ], 
      [
        1632283661, 
        "3684.66672"
      ], 
      [
        1632283676, 
        "136417.2"
      ], 
      [
        1632283691, 
        "70730.8"
      ], 
      [
        1632283706, 
        "38419.6"
      ], 
      [
        1632283721, 
        "595476"
      ], 
      [
        1632283736, 
        "62753.9"
      ], 
      [
        1632283751, 
        "562242.3"
      ], 
      [
        1632283766, 
        "255619.4"
      ], 
      [
        1632283781, 
        "165283.82522666667"
      ], 
      [
        1632283796, 
        "129899.5"
      ], 
      [
        1632283811, 
        "211094.6"
      ], 
      [
        1632283826, 
        "39367.2"
      ]
    ]
  }, 
  "tcp_sends": {
    "metric": {}, 
    "values": [
      [
        1632283526, 
        "31744"
      ], 
      [
        1632283541, 
        "0"
      ], 
      [
        1632283556, 
        "28672"
      ], 
      [
        1632283571, 
        "38912"
      ], 
      [
        1632283586, 
        "14336"
      ], 
      [
        1632283601, 
        "28672"
      ], 
      [
        1632283616, 
        "21504"
      ], 
      [
        1632283631, 
        "25600"
      ], 
      [
        1632283646, 
        "0"
      ], 
      [
        1632283661, 
        "64512"
      ], 
      [
        1632283676, 
        "172032"
      ], 
      [
        1632283691, 
        "66560"
      ], 
      [
        1632283706, 
        "52224"
      ], 
      [
        1632283721, 
        "82944"
      ], 
      [
        1632283736, 
        "70656"
      ], 
      [
        1632283751, 
        "928768"
      ], 
      [
        1632283766, 
        "201728"
      ], 
      [
        1632283781, 
        "343040"
      ], 
      [
        1632283796, 
        "21504"
      ], 
      [
        1632283811, 
        "6542336"
      ], 
      [
        1632283826, 
        "151552"
      ]
    ]
  },