{
  "stat": {
    "max": 42.0, 
    "mean": 42.04761904761905, 
    "variance": 0.0453514739229025, 
    "min": 42.0
  }, 
  "values": [
    [
      1623172590, 
      42
    ], 
    [
      1623172605, 
      42
    ], 
    [
      1623172620, 
      42
    ], 
    [
      1623172635, 
      42
    ], 
    [
      1623172650, 
      42
    ], 
    [
      1623172665, 
      42
    ], 
    [
      1623172680, 
      42
    ], 
    [
      1623172695, 
      42
    ], 
    [
      1623172710, 
      42
    ], 
    [
      1623172725, 
      42
    ], 
    [
      1623172740, 
      42
    ], 
    [
      1623172755, 
      42
    ], 
    [
      1623172770, 
      42
    ], 
    [
      1623172785, 
      42
    ], 
    [
      1623172800, 
      42
    ], 
    [
      1623172815, 
      42
    ], 
    [
      1623172830, 
      42
    ], 
    [
      1623172845, 
      42
    ], 
    [
      1623172860, 
      43
    ], 
    [
      1623172875, 
      42
    ], 
    [
      1623172890, 
      42
    ]
  ], 
  "name": "geth.p2p/peers.gauge", 
  "columns": [
    "time", 
    "median"
  ]
}