{
  "dir_read_c": {
    "metric": {
      "instance": "172.17.0.1:8000", 
      "hostname": "longz-experiment", 
      "pid": "19098", 
      "directory": "/data/blockchain/eth-data", 
      "job": "syscall_monitoring", 
      "application_name": "openethereum", 
      "__name__": "dir_reads_total"
    }, 
    "values": [
      [
        1632267526, 
        "26987"
      ], 
      [
        1632267541, 
        "28203"
      ], 
      [
        1632267556, 
        "26377"
      ], 
      [
        1632267571, 
        "26368"
      ], 
      [
        1632267586, 
        "41655"
      ], 
      [
        1632267601, 
        "35353"
      ], 
      [
        1632267616, 
        "31549"
      ], 
      [
        1632267631, 
        "51443"
      ], 
      [
        1632267646, 
        "108944"
      ], 
      [
        1632267661, 
        "70904"
      ], 
      [
        1632267676, 
        "64405"
      ], 
      [
        1632267691, 
        "41226"
      ], 
      [
        1632267706, 
        "106318"
      ], 
      [
        1632267721, 
        "77533"
      ], 
      [
        1632267736, 
        "82209"
      ], 
      [
        1632267751, 
        "117370"
      ], 
      [
        1632267766, 
        "92334"
      ], 
      [
        1632267781, 
        "82235"
      ], 
      [
        1632267796, 
        "35759"
      ], 
      [
        1632267811, 
        "82388"
      ], 
      [
        1632267826, 
        "121808"
      ]
    ]
  }, 
  "stat": {
    "dir_read_c": {
      "max": 117370.0, 
      "mean": 64350.857142857145, 
      "variance": 1017345267.4557822, 
      "min": 26377.0
    }, 
    "dir_reads": {
      "max": 2755519488.0, 
      "mean": 1437490907.4285715, 
      "variance": 5.927136201484302e+17, 
      "min": 544914432.0
    }, 
    "tcp_conn": {
      "max": 454.0, 
      "mean": 125.9047619047619, 
      "variance": 26654.46712018141, 
      "min": 0.0
    }, 
    "kvdb_bytes_read": {
      "max": 609170.63, 
      "mean": 300950.716429842, 
      "variance": 31159169486.16096, 
      "min": 69091.34550622554
    }, 
    "tcp_sends": {
      "max": 222208.0, 
      "mean": 96597.33333333333, 
      "variance": 8904241086.984127, 
      "min": 0.0
    }, 
    "dir_writes": {
      "max": 422860800.0, 
      "mean": 247503969.52380952, 
      "variance": 4087715008376098.5, 
      "min": 194448384.0
    }, 
    "kvdb_bytes_write": {
      "max": 605295.6649999998, 
      "mean": 198465.85, 
      "variance": 58402978948.643936, 
      "min": 0.0
    }, 
    "dir_write_c": {
      "max": 3620.0, 
      "mean": 3098.4285714285716, 
      "variance": 62991237.95918368, 
      "min": 231.0
    }, 
    "peer_stats": {
      "max": 21.999999999999993, 
      "mean": 7.3076923076923075, 
      "variance": 59.28994082840237, 
      "min": 1.6
    }, 
    "tcp_recvs": {
      "max": 9576448.0, 
      "mean": 1972467.8095238095, 
      "variance": 13876716262592.723, 
      "min": 0.0
    }
  }, 
  "dir_reads": {
    "metric": {
      "instance": "172.17.0.1:8000", 
      "hostname": "longz-experiment", 
      "pid": "19098", 
      "directory": "/data/blockchain/eth-data", 
      "job": "syscall_monitoring", 
      "application_name": "openethereum"
    }, 
    "values": [
      [
        1632267526, 
        "544914432"
      ], 
      [
        1632267541, 
        "574811136"
      ], 
      [
        1632267556, 
        "546283520"
      ], 
      [
        1632267571, 
        "523753472"
      ], 
      [
        1632267586, 
        "735632384"
      ], 
      [
        1632267601, 
        "677489664"
      ], 
      [
        1632267616, 
        "577009664"
      ], 
      [
        1632267631, 
        "1050780672"
      ], 
      [
        1632267646, 
        "2348052480"
      ], 
      [
        1632267661, 
        "1730267136"
      ], 
      [
        1632267676, 
        "1666714624"
      ], 
      [
        1632267691, 
        "949331968"
      ], 
      [
        1632267706, 
        "2426319872"
      ], 
      [
        1632267721, 
        "1711873024"
      ], 
      [
        1632267736, 
        "1808173056"
      ], 
      [
        1632267751, 
        "2755519488"
      ], 
      [
        1632267766, 
        "2050598912"
      ], 
      [
        1632267781, 
        "1817751552"
      ], 
      [
        1632267796, 
        "855774208"
      ], 
      [
        1632267811, 
        "1970256896"
      ], 
      [
        1632267826, 
        "2866000896"
      ]
    ]
  }, 
  "tcp_conn": {
    "metric": {}, 
    "values": [
      [
        1632267526, 
        "0"
      ], 
      [
        1632267541, 
        "0"
      ], 
      [
        1632267556, 
        "0"
      ], 
      [
        1632267571, 
        "0"
      ], 
      [
        1632267586, 
        "0"
      ], 
      [
        1632267601, 
        "0"
      ], 
      [
        1632267616, 
        "0"
      ], 
      [
        1632267631, 
        "27"
      ], 
      [
        1632267646, 
        "1"
      ], 
      [
        1632267661, 
        "3"
      ], 
      [
        1632267676, 
        "1"
      ], 
      [
        1632267691, 
        "51"
      ], 
      [
        1632267706, 
        "95"
      ], 
      [
        1632267721, 
        "469"
      ], 
      [
        1632267736, 
        "355"
      ], 
      [
        1632267751, 
        "57"
      ], 
      [
        1632267766, 
        "326"
      ], 
      [
        1632267781, 
        "295"
      ], 
      [
        1632267796, 
        "283"
      ], 
      [
        1632267811, 
        "454"
      ], 
      [
        1632267826, 
        "227"
      ]
    ]
  }, 
  "kvdb_bytes_read": {
    "metric": {
      "instance": "172.17.0.1:3033", 
      "job": "openethereum"
    }, 
    "values": [
      [
        1632267616, 
        "58483.430017787265"
      ], 
      [
        1632267646, 
        "74803.3"
      ], 
      [
        1632267661, 
        "338676.1"
      ], 
      [
        1632267676, 
        "111102.5"
      ], 
      [
        1632267691, 
        "619324.8"
      ], 
      [
        1632267706, 
        "144935.7"
      ], 
      [
        1632267721, 
        "367699.6"
      ], 
      [
        1632267736, 
        "396858.1"
      ], 
      [
        1632267751, 
        "350623.1"
      ], 
      [
        1632267766, 
        "357088.4"
      ], 
      [
        1632267781, 
        "84585.2"
      ], 
      [
        1632267796, 
        "349330.8"
      ], 
      [
        1632267811, 
        "603703"
      ], 
      [
        1632267826, 
        "356096"
      ]
    ]
  }, 
  "tcp_sends": {
    "metric": {}, 
    "values": [
      [
        1632267526, 
        "0"
      ], 
      [
        1632267541, 
        "0"
      ], 
      [
        1632267556, 
        "0"
      ], 
      [
        1632267571, 
        "0"
      ], 
      [
        1632267586, 
        "0"
      ], 
      [
        1632267601, 
        "0"
      ], 
      [
        1632267616, 
        "0"
      ], 
      [
        1632267631, 
        "200704"
      ], 
      [
        1632267646, 
        "7168"
      ], 
      [
        1632267661, 
        "36864"
      ], 
      [
        1632267676, 
        "22528"
      ], 
      [
        1632267691, 
        "103424"
      ], 
      [
        1632267706, 
        "148480"
      ], 
      [
        1632267721, 
        "204800"
      ], 
      [
        1632267736, 
        "260096"
      ], 
      [
        1632267751, 
        "122880"
      ], 
      [
        1632267766, 
        "200704"
      ], 
      [
        1632267781, 
        "215040"
      ], 
      [
        1632267796, 
        "201728"
      ], 
      [
        1632267811, 
        "222208"
      ], 
      [
        1632267826, 
        "81920"
      ]
    ]
  }, 
  "dir_writes": {
    "metric": {
      "instance": "172.17.0.1:8000", 
      "hostname": "longz-experiment", 
      "pid": "19098",