{
  "dir_read_c": {
    "metric": {
      "instance": "172.17.0.1:8000", 
      "hostname": "longz-experiment", 
      "pid": "19098", 
      "directory": "/data/blockchain/eth-data", 
      "job": "syscall_monitoring", 
      "application_name": "openethereum", 
      "__name__": "dir_reads_total"
    }, 
    "values": [
      [
        1632267226, 
        "67725"
      ], 
      [
        1632267241, 
        "99787"
      ], 
      [
        1632267256, 
        "90712"
      ], 
      [
        1632267271, 
        "123147"
      ], 
      [
        1632267286, 
        "121151"
      ], 
      [
        1632267301, 
        "96348"
      ], 
      [
        1632267316, 
        "109053"
      ], 
      [
        1632267331, 
        "47303"
      ], 
      [
        1632267346, 
        "47845"
      ], 
      [
        1632267361, 
        "78963"
      ], 
      [
        1632267376, 
        "32459"
      ], 
      [
        1632267391, 
        "23747"
      ], 
      [
        1632267406, 
        "22762"
      ], 
      [
        1632267421, 
        "26925"
      ], 
      [
        1632267436, 
        "51299"
      ], 
      [
        1632267451, 
        "94666"
      ], 
      [
        1632267466, 
        "40831"
      ], 
      [
        1632267481, 
        "42432"
      ], 
      [
        1632267496, 
        "72981"
      ], 
      [
        1632267511, 
        "47142"
      ], 
      [
        1632267526, 
        "26987"
      ]
    ]
  }, 
  "stat": {
    "dir_read_c": {
      "max": 121151.0, 
      "mean": 64965.0, 
      "variance": 1053417882.5714285, 
      "min": 23747.0
    }, 
    "dir_reads": {
      "max": 2536617984.0, 
      "mean": 1604281490.2857144, 
      "variance": 5.89576780132276e+17, 
      "min": 544914432.0
    }, 
    "tcp_conn": {
      "max": 50.0, 
      "mean": 38.476190476190474, 
      "variance": 182.43990929705217, 
      "min": 0.0
    }, 
    "kvdb_bytes_read": {
      "max": 568832.8349999998, 
      "mean": 279806.0333333334, 
      "variance": 35650117051.491104, 
      "min": 69740.955
    }, 
    "tcp_sends": {
      "max": 3113984.0, 
      "mean": 1639424.0, 
      "variance": 3292085242148.5713, 
      "min": 0.0
    }, 
    "dir_writes": {
      "max": 891177984.0, 
      "mean": 359445406.47619045, 
      "variance": 5.14768042876474e+16, 
      "min": 149711872.0
    }, 
    "kvdb_bytes_write": {
      "max": 9070308.09, 
      "mean": 1938446.7388888886, 
      "variance": 7680198549820.757, 
      "min": 0.0
    }, 
    "dir_write_c": {
      "max": 11568.0, 
      "mean": 5213.952380952381, 
      "variance": 88798070.61678004, 
      "min": 227.0
    }, 
    "peer_stats": {
      "max": 33.0, 
      "mean": 30.533333333333335, 
      "variance": 1.7155555555555557, 
      "min": 29.0
    }, 
    "tcp_recvs": {
      "max": 32349184.0, 
      "mean": 12944384.0, 
      "variance": 234900318597315.06, 
      "min": 0.0
    }
  }, 
  "dir_reads": {
    "metric": {
      "instance": "172.17.0.1:8000", 
      "hostname": "longz-experiment", 
      "pid": "19098", 
      "directory": "/data/blockchain/eth-data", 
      "job": "syscall_monitoring", 
      "application_name": "openethereum"
    }, 
    "values": [
      [
        1632267226, 
        "1353151488"
      ], 
      [
        1632267241, 
        "1911245824"
      ], 
      [
        1632267256, 
        "1770803200"
      ], 
      [
        1632267271, 
        "2401267712"
      ], 
      [
        1632267286, 
        "2536617984"
      ], 
      [
        1632267301, 
        "1910889472"
      ], 
      [
        1632267316, 
        "2253376512"
      ], 
      [
        1632267331, 
        "926056448"
      ], 
      [
        1632267346, 
        "762431488"
      ], 
      [
        1632267361, 
        "2005324800"
      ], 
      [
        1632267376, 
        "1361307648"
      ], 
      [
        1632267391, 
        "671847424"
      ], 
      [
        1632267406, 
        "539868160"
      ], 
      [
        1632267421, 
        "846956544"
      ], 
      [
        1632267436, 
        "2030680064"
      ], 
      [
        1632267451, 
        "3638719488"
      ], 
      [
        1632267466, 
        "1100670976"
      ], 
      [
        1632267481, 
        "1374101504"
      ], 
      [
        1632267496, 
        "2272189440"
      ], 
      [
        1632267511, 
        "1477490688"
      ], 
      [
        1632267526, 
        "544914432"
      ]
    ]
  }, 
  "tcp_conn": {
    "metric": {}, 
    "values": [
      [
        1632267226, 
        "35"
      ], 
      [
        1632267241, 
        "33"
      ], 
      [
        1632267256, 
        "49"
      ], 
      [
        1632267271, 
        "33"
      ], 
      [
        1632267286, 
        "43"
      ], 
      [
        1632267301, 
        "38"
      ], 
      [
        1632267316, 
        "40"
      ], 
      [
        1632267331, 
        "42"
      ], 
      [
        1632267346, 
        "38"
      ], 
      [
        1632267361, 
        "41"
      ], 
      [
        1632267376, 
        "46"
      ], 
      [
        1632267391, 
        "46"
      ], 
      [
        1632267406, 
        "38"
      ], 
      [
        1632267421, 
        "49"
      ], 
      [
        1632267436, 
        "50"
      ], 
      [
        1632267451, 
        "46"
      ], 
      [
        1632267466, 
        "50"
      ], 
      [
        1632267481, 
        "45"
      ], 
      [
        1632267496, 
        "46"
      ], 
      [
        1632267511, 
        "0"
      ], 
      [
        1632267526, 
        "0"
      ]
    ]
  }, 
  "kvdb_bytes_read": {
    "metric": {
      "instance": "172.17.0.1:3033", 
      "job": "openethereum"
    }, 
    "values": [
      [
        1632267226, 
        "553365"
      ], 
      [
        1632267241, 
        "409904"
      ], 
      [
        1632267256, 
        "655785.2"
      ], 
      [
        1632267271, 
        "553488.3"
      ], 
      [
        1632267286, 
        "215225.4"
      ], 
      [
        1632267301, 
        "449787.5"
      ], 
      [
        1632267316, 
        "264541.4"
      ], 
      [
        1632267331, 
        "148331.1"
      ], 
      [
        1632267346, 
        "139913.8"
      ], 
      [
        1632267361, 
        "73623.6"
      ], 
      [
        1632267376, 
        "72596.7"
      ], 
      [
        1632267391, 
        "53558.4"
      ], 
      [
        1632267406, 
        "94743.5"
      ], 
      [
        1632267421, 
        "283049.2"
      ], 
      [
        1632267436, 
        "453362.7"
      ], 
      [
        1632267451, 
        "93437.4"
      ], 
      [
        1632267466, 
        "144572.4"
      ], 
      [
        1632267481, 
        "377223"
      ]
    ]
  }, 
  "tcp_sends": {
    "metric": {},