{
  "dir_read_c": {
    "metric": {
      "instance": "172.17.0.1:8000", 
      "hostname": "longz-experiment", 
      "pid": "19098", 
      "directory": "/data/blockchain/eth-data", 
      "job": "syscall_monitoring", 
      "application_name": "openethereum", 
      "__name__": "dir_reads_total"
    }, 
    "values": [
      [
        1632268130, 
        "61652"
      ], 
      [
        1632268145, 
        "52786"
      ], 
      [
        1632268160, 
        "53889"
      ], 
      [
        1632268175, 
        "56766"
      ], 
      [
        1632268190, 
        "29044"
      ], 
      [
        1632268205, 
        "73822"
      ], 
      [
        1632268220, 
        "115625"
      ], 
      [
        1632268235, 
        "64034"
      ], 
      [
        1632268250, 
        "64484"
      ], 
      [
        1632268265, 
        "76578"
      ], 
      [
        1632268280, 
        "117862"
      ], 
      [
        1632268295, 
        "112668"
      ], 
      [
        1632268310, 
        "155901"
      ], 
      [
        1632268325, 
        "111728"
      ], 
      [
        1632268340, 
        "92182"
      ], 
      [
        1632268355, 
        "139031"
      ], 
      [
        1632268370, 
        "141807"
      ], 
      [
        1632268385, 
        "33994"
      ], 
      [
        1632268400, 
        "83759"
      ], 
      [
        1632268415, 
        "102269"
      ], 
      [
        1632268430, 
        "175905"
      ]
    ]
  }, 
  "stat": {
    "dir_read_c": {
      "max": 155901.0, 
      "mean": 91227.90476190476, 
      "variance": 1552787850.276644, 
      "min": 33994.0
    }, 
    "dir_reads": {
      "max": 3477998592.0, 
      "mean": 1939012266.6666667, 
      "variance": 8.180076736513395e+17, 
      "min": 715736064.0
    }, 
    "tcp_conn": {
      "max": 348.0, 
      "mean": 176.66666666666666, 
      "variance": 18447.36507936508, 
      "min": 8.0
    }, 
    "kvdb_bytes_read": {
      "max": 590453.578124, 
      "mean": 366502.4134973333, 
      "variance": 29434013391.615814, 
      "min": 43656.042024
    }, 
    "tcp_sends": {
      "max": 519168.0, 
      "mean": 172470.85714285713, 
      "variance": 28279752327.836727, 
      "min": 24576.0
    }, 
    "dir_writes": {
      "max": 307764224.0, 
      "mean": 228826648.3809524, 
      "variance": 2152399286066995.8, 
      "min": 177632256.0
    }, 
    "kvdb_bytes_write": {
      "max": 3812981.900000001, 
      "mean": 746427.2547306666, 
      "variance": 1619459069583.9502, 
      "min": 0.0
    }, 
    "dir_write_c": {
      "max": 4012.0, 
      "mean": 3068.0, 
      "variance": 85963024.57142857, 
      "min": 277.0
    }, 
    "peer_stats": {
      "max": 10.0, 
      "mean": 5.947368421052632, 
      "variance": 3.628808864265928, 
      "min": 4.0
    }, 
    "tcp_recvs": {
      "max": 13475840.0, 
      "mean": 3036062.476190476, 
      "variance": 18581547050761.87, 
      "min": 49152.0
    }
  }, 
  "dir_reads": {
    "metric": {
      "instance": "172.17.0.1:8000", 
      "hostname": "longz-experiment", 
      "pid": "19098", 
      "directory": "/data/blockchain/eth-data", 
      "job": "syscall_monitoring", 
      "application_name": "openethereum"
    }, 
    "values": [
      [
        1632268130, 
        "1176817664"
      ], 
      [
        1632268145, 
        "1004498944"
      ], 
      [
        1632268160, 
        "1092160512"
      ], 
      [
        1632268175, 
        "1232421888"
      ], 
      [
        1632268190, 
        "479665152"
      ], 
      [
        1632268205, 
        "1425173504"
      ], 
      [
        1632268220, 
        "2390878208"
      ], 
      [
        1632268235, 
        "1358718976"
      ], 
      [
        1632268250, 
        "1250408448"
      ], 
      [
        1632268265, 
        "1475197952"
      ], 
      [
        1632268280, 
        "2593646592"
      ], 
      [
        1632268295, 
        "2495780864"
      ], 
      [
        1632268310, 
        "3477998592"
      ], 
      [
        1632268325, 
        "2482159616"
      ], 
      [
        1632268340, 
        "2032766976"
      ], 
      [
        1632268355, 
        "3118746624"
      ], 
      [
        1632268370, 
        "3167824896"
      ], 
      [
        1632268385, 
        "715736064"
      ], 
      [
        1632268400, 
        "1855781888"
      ], 
      [
        1632268415, 
        "2226082816"
      ], 
      [
        1632268430, 
        "3666791424"
      ]
    ]
  }, 
  "tcp_conn": {
    "metric": {}, 
    "values": [
      [
        1632268130, 
        "311"
      ], 
      [
        1632268145, 
        "348"
      ], 
      [
        1632268160, 
        "326"
      ], 
      [
        1632268175, 
        "319"
      ], 
      [
        1632268190, 
        "266"
      ], 
      [
        1632268205, 
        "28"
      ], 
      [
        1632268220, 
        "54"
      ], 
      [
        1632268235, 
        "199"
      ], 
      [
        1632268250, 
        "308"
      ], 
      [
        1632268265, 
        "312"
      ], 
      [
        1632268280, 
        "8"
      ], 
      [
        1632268295, 
        "56"
      ], 
      [
        1632268310, 
        "51"
      ], 
      [
        1632268325, 
        "24"
      ], 
      [
        1632268340, 
        "102"
      ], 
      [
        1632268355, 
        "77"
      ], 
      [
        1632268370, 
        "56"
      ], 
      [
        1632268385, 
        "411"
      ], 
      [
        1632268400, 
        "309"
      ], 
      [
        1632268415, 
        "143"
      ], 
      [
        1632268430, 
        "2"
      ]
    ]
  }, 
  "kvdb_bytes_read": {
    "metric": {
      "instance": "172.17.0.1:3033", 
      "job": "openethereum"
    }, 
    "values": [
      [
        1632268130, 
        "209628.1"
      ], 
      [
        1632268145, 
        "156984.9"
      ], 
      [
        1632268160, 
        "327963.2"
      ], 
      [
        1632268175, 
        "44863.4"
      ], 
      [
        1632268190, 
        "277947.1"
      ], 
      [
        1632268205, 
        "20716.240479999997"
      ], 
      [
        1632268220, 
        "444792"
      ], 
      [
        1632268235, 
        "461813"
      ], 
      [
        1632268250, 
        "390107.5"
      ], 
      [
        1632268265, 
        "558757"
      ], 
      [
        1632268280, 
        "502689.5"
      ], 
      [
        1632268310, 
        "529037"
      ], 
      [
        1632268325, 
        "386686.32464000006"
      ], 
      [
        1632268340, 
        "331470.3"
      ], 
      [
        1632268355, 
        "589947.3"
      ], 
      [
        1632268370, 
        "152061.2"
      ], 
      [
        1632268385, 
        "470164.7"
      ], 
      [
        1632268400, 
        "344188.9"
      ], 
      [
        1632268415, 
        "530157.7423466666"
      ], 
      [
        1632268430, 
        "600072.86248"
      ]
    ]
  }, 
  "tcp_sends": {
    "metric": {},