{
  "experiment_name": "Error Models for Chaos Engineering Experiments on Openethereum", 
  "experiments": [
    {
      "original_min_rate": 0.5, 
      "syscall_name": "accept4", 
      "original_max_rate": 0.5, 
      "failure_rate": 0.6, 
      "result": {
        "peer_stat": {
          "recovery": {
            "max": 15.099999999999998, 
            "mean": 8.842105263157896, 
            "variance": 36.34349030470914, 
            "min": 0.0
          }, 
          "ce": {
            "max": 2.0, 
            "mean": 2.0, 
            "variance": 0.0, 
            "min": 2.0
          }, 
          "normal": {
            "max": 20.0, 
            "mean": 8.095238095238095, 
            "variance": 42.3718820861678, 
            "min": 2.0
          }
        }, 
        "client_crashed": false, 
        "injection_count": 37
      }, 
      "original_mean_rate": 0.49968235351323975, 
      "error_code": "-EAGAIN", 
      "experiment_duration": 60
    }, 
    {
      "original_min_rate": 0.00543884569638481, 
      "syscall_name": "futex", 
      "original_max_rate": 0.021130060603005287, 
      "failure_rate": 0.05, 
      "result": {
        "peer_stat": {
          "normal": {
            "max": 22.0, 
            "mean": 18.761904761904763, 
            "variance": 8.848072562358276, 
            "min": 14.0
          }
        }, 
        "client_crashed": true, 
        "injection_count": 1
      }, 
      "original_mean_rate": 0.012469558111804098, 
      "error_code": "-EAGAIN", 
      "experiment_duration": 60
    }, 
    {
      "original_min_rate": 0.45060808281703724, 
      "syscall_name": "read", 
      "original_max_rate": 0.4961405200004464, 
      "failure_rate": 0.5953686240005357, 
      "result": {
        "peer_stat": {
          "recovery": {
            "max": 30.0, 
            "mean": 26.1, 
            "variance": 7.990000000000002, 
            "min": 22.8
          }, 
          "ce": {
            "max": 24.0, 
            "mean": 23.5, 
            "variance": 0.25, 
            "min": 23.0
          }, 
          "normal": {
            "max": 25.05, 
            "mean": 23.85, 
            "variance": 1.0275000000000005, 
            "min": 22.0
          }
        }, 
        "client_crashed": false, 
        "injection_count": 851
      }, 
      "original_mean_rate": 0.47335801180453435, 
      "error_code": "-EAGAIN", 
      "experiment_duration": 60
    }, 
    {
      "original_min_rate": 0.20194159725092337, 
      "syscall_name": "recvfrom", 
      "original_max_rate": 0.23854656296327426, 
      "failure_rate": 0.2862558755559291, 
      "result": {
        "peer_stat": {
          "recovery": {
            "max": 28.05, 
            "mean": 21.7, 
            "variance": 55.910000000000004, 
            "min": 6.0
          }, 
          "ce": {
            "max": 27.199999999999996, 
            "mean": 14.6, 
            "variance": 70.24, 
            "min": 6.6000000000000005
          }, 
          "normal": {
            "max": 32.0, 
            "mean": 29.45, 
            "variance": 1.4475000000000005, 
            "min": 27.95
          }
        }, 
        "client_crashed": false, 
        "injection_count": 1090
      }, 
      "original_mean_rate": 0.222253198211835, 
      "error_code": "-EAGAIN", 
      "experiment_duration": 60
    }, 
    {
      "original_min_rate": 0.0005422706192144233, 
      "syscall_name": "sendto", 
      "original_max_rate": 0.02189920569706929, 
      "failure_rate": 0.05, 
      "result": {
        "peer_stat": {
          "recovery": {
            "max": 27.05, 
            "mean": 20.1, 
            "variance": 41.089999999999996, 
            "min": 9.85
          }, 
          "ce": {
            "max": 26.599999999999998, 
            "mean": 17.2, 
            "variance": 80.16, 
            "min": 6.200000000000001
          }, 
          "normal": {
            "max": 32.05, 
            "mean": 30.45, 
            "variance": 2.2475000000000005, 
            "min": 27.95
          }
        }, 
        "client_crashed": false, 
        "injection_count": 131
      }, 
      "original_mean_rate": 0.003863511348504983, 
      "error_code": "-EAGAIN", 
      "experiment_duration": 60
    }, 
    {
      "original_min_rate": 0.00022779043280182233, 
      "syscall_name": "recvfrom", 
      "original_max_rate": 0.00022779043280182233, 
      "failure_rate": 0.05, 
      "result": {
        "peer_stat": {
          "recovery": {
            "max": 26.0, 
            "mean": 20.904761904761905, 
            "variance": 34.65759637188209, 
            "min": 10.0
          }, 
          "ce": {
            "max": 26.799999999999997, 
            "mean": 15.4, 
            "variance": 56.239999999999995, 
            "min": 9.2
          }, 
          "normal": {
            "max": 31.0, 
            "mean": 28.333333333333332, 
            "variance": 4.126984126984126, 
            "min": 25.0
          }
        }, 
        "client_crashed": false, 
        "injection_count": 515
      }, 
      "original_mean_rate": 0.00022779043280182233, 
      "error_code": "-ECONNREFUSED", 
      "experiment_duration": 60
    }, 
    {
      "original_min_rate": 0.0011890606420927466, 
      "syscall_name": "sendto", 
      "original_max_rate": 0.0011890606420927466, 
      "failure_rate": 0.05, 
      "result": {
        "peer_stat": {
          "recovery": {
            "max": 27.0, 
            "mean": 16.80952380952381, 
            "variance": 64.63038548752834, 
            "min": 6.0
          }, 
          "ce": {
            "max": 29.4, 
            "mean": 13.4, 
            "variance": 111.44000000000001, 
            "min": 4.2
          }, 
          "normal": {
            "max": 33.0, 
            "mean": 30.333333333333332, 
            "variance": 6.126984126984128, 
            "min": 27.0
          }
        }, 
        "client_crashed": false, 
        "injection_count": 213
      }, 
      "original_mean_rate": 0.0011890606420927466, 
      "error_code": "-ECONNREFUSED", 
      "experiment_duration": 60
    }, 
    {
      "original_min_rate": 3.7267543696194986e-05, 
      "syscall_name": "recvfrom", 
      "original_max_rate": 3.7267543696194986e-05, 
      "failure_rate": 0.05, 
      "result": {
        "peer_stat": {
          "recovery": {
            "max": 30.0, 
            "mean": 19.38095238095238, 
            "variance": 42.61678004535149, 
            "min": 10.0
          }, 
          "ce": {
            "max": 27.799999999999997, 
            "mean": 15.0, 
            "variance": 71.6, 
            "min": 8.0
          }, 
          "normal": {
            "max": 31.0, 
            "mean": 27.857142857142858, 
            "variance": 3.741496598639457, 
            "min": 25.0
          }
        }, 
        "client_crashed": false, 
        "injection_count": 556
      }, 
      "original_mean_rate": 3.7267543696194986e-05, 
      "error_code": "-ECONNRESET", 
      "experiment_duration": 60
    }, 
    {
      "original_min_rate": 0.00047809515461638463, 
      "syscall_name": "sendto", 
      "original_max_rate": 0.0013056910911657242, 
      "failure_rate": 0.05, 
      "result": {
        "peer_stat": {
          "recovery": {
            "max": 28.0, 
            "mean": 19.666666666666668, 
            "variance": 42.31746031746032, 
            "min": 9.0
          }, 
          "ce": {
            "max": 36.6, 
            "mean": 18.0, 
            "variance": 220.0, 
            "min": 3.6000000000000005
          }, 
          "normal": {
            "max": 37.0, 
            "mean": 34.19047619047619, 
            "variance": 3.9637188208616783, 
            "min": 32.0
          }
        }, 
        "client_crashed": false, 
        "injection_count": 204
      }, 
      "original_mean_rate": 0.0007628486149642043, 
      "error_code": "-ECONNRESET",