{
  "experiment_name": "Error Models for Chaos Engineering Experiments on Openethereum", 
  "experiments": [
    {
      "original_min_rate": 0.003773448773448773, 
      "syscall_name": "sendto", 
      "original_max_rate": 0.004026353763195868, 
      "failure_rate": 0.05, 
      "result": {
        "peer_stat": {
          "recovery": {
            "max": 27.0, 
            "mean": 26.0, 
            "variance": 0.7619047619047619, 
            "min": 25.0
          }, 
          "ce": {
            "max": 27.0, 
            "mean": 26.6, 
            "variance": 0.24, 
            "min": 26.0
          }, 
          "normal": {
            "max": 28.0, 
            "mean": 27.476190476190474, 
            "variance": 0.2494331065759636, 
            "min": 27.0
          }
        }, 
        "client_crashed": false, 
        "injection_count": 38
      }, 
      "original_mean_rate": 0.003899901268322321, 
      "error_code": "-EAFNOSUPPORT", 
      "experiment_duration": 60
    }, 
    {
      "original_min_rate": 0.5, 
      "syscall_name": "accept4", 
      "original_max_rate": 0.5, 
      "failure_rate": 0.6, 
      "result": {
        "peer_stat": {
          "recovery": {
            "max": 27.0, 
            "mean": 24.952380952380953, 
            "variance": 1.6643990929705215, 
            "min": 23.0
          }, 
          "ce": {
            "max": 26.0, 
            "mean": 25.8, 
            "variance": 0.16, 
            "min": 25.2
          }, 
          "normal": {
            "max": 27.0, 
            "mean": 26.142857142857142, 
            "variance": 0.5034013605442178, 
            "min": 25.0
          }
        }, 
        "client_crashed": false, 
        "injection_count": 68
      }, 
      "original_mean_rate": 0.49897897183857526, 
      "error_code": "-EAGAIN", 
      "experiment_duration": 60
    }, 
    {
      "original_min_rate": 0.0037798251830852823, 
      "syscall_name": "futex", 
      "original_max_rate": 0.08091450607719589, 
      "failure_rate": 0.08091450607719589, 
      "result": {
        "peer_stat": {
          "recovery": {
            "max": 26.0, 
            "mean": 24.142857142857142, 
            "variance": 1.0748299319727885, 
            "min": 23.0
          }, 
          "ce": {
            "max": 26.799999999999997, 
            "mean": 25.2, 
            "variance": 1.7599999999999998, 
            "min": 23.400000000000002
          }, 
          "normal": {
            "max": 25.0, 
            "mean": 23.61904761904762, 
            "variance": 0.8072562358276644, 
            "min": 22.0
          }
        }, 
        "client_crashed": false, 
        "injection_count": 321
      }, 
      "original_mean_rate": 0.027450263626454065, 
      "error_code": "-EAGAIN", 
      "experiment_duration": 60
    }, 
    {
      "original_min_rate": 0.1592366901860167, 
      "syscall_name": "read", 
      "original_max_rate": 0.4368962293549392, 
      "failure_rate": 0.524275475225927, 
      "result": {
        "peer_stat": {
          "normal": {
            "max": 27.0, 
            "mean": 26.095238095238095, 
            "variance": 0.7528344671201813, 
            "min": 25.0
          }
        }, 
        "client_crashed": true, 
        "injection_count": 2173
      }, 
      "original_mean_rate": 0.2907881643443553, 
      "error_code": "-EAGAIN", 
      "experiment_duration": 60
    }, 
    {
      "original_min_rate": 0.5, 
      "syscall_name": "readv", 
      "original_max_rate": 0.5, 
      "failure_rate": 0.6, 
      "result": {
        "peer_stat": {
          "recovery": {
            "max": 25.15, 
            "mean": 19.833333333333332, 
            "variance": 14.13888888888889, 
            "min": 15.0
          }, 
          "ce": {
            "max": 24.85, 
            "mean": 23.75, 
            "variance": 0.6875, 
            "min": 23.0
          }, 
          "normal": {
            "max": 22.0, 
            "mean": 17.142857142857142, 
            "variance": 8.21768707482993, 
            "min": 13.0
          }
        }, 
        "client_crashed": false, 
        "injection_count": 9
      }, 
      "original_mean_rate": 0.4946464801152119, 
      "error_code": "-EAGAIN", 
      "experiment_duration": 60
    }, 
    {
      "original_min_rate": 0.07574005403872133, 
      "syscall_name": "recvfrom", 
      "original_max_rate": 0.37955957276059205, 
      "failure_rate": 0.4554714873127104, 
      "result": {
        "peer_stat": {
          "recovery": {
            "max": 11.0, 
            "mean": 6.761904761904762, 
            "variance": 5.895691609977326, 
            "min": 4.0
          }, 
          "ce": {
            "max": 19.399999999999995, 
            "mean": 7.0, 
            "variance": 65.6, 
            "min": 1.4000000000000001
          }, 
          "normal": {
            "max": 27.0, 
            "mean": 22.55, 
            "variance": 5.1475, 
            "min": 19.95
          }
        }, 
        "client_crashed": false, 
        "injection_count": 1706
      }, 
      "original_mean_rate": 0.18740181760630611, 
      "error_code": "-EAGAIN", 
      "experiment_duration": 60
    }, 
    {
      "original_min_rate": 0.0012425591916592135, 
      "syscall_name": "sendto", 
      "original_max_rate": 0.05777965398581514, 
      "failure_rate": 0.05777965398581514, 
      "result": {
        "peer_stat": {
          "recovery": {
            "max": 18.0, 
            "mean": 16.0, 
            "variance": 4.285714285714286, 
            "min": 13.0
          }, 
          "ce": {
            "max": 13.8, 
            "mean": 12.6, 
            "variance": 1.0399999999999998, 
            "min": 11.200000000000001
          }, 
          "normal": {
            "max": 17.599999999999998, 
            "mean": 12.705882352941176, 
            "variance": 12.678200692041523, 
            "min": 8.0
          }
        }, 
        "client_crashed": false, 
        "injection_count": 331
      }, 
      "original_mean_rate": 0.015062274326072562, 
      "error_code": "-EAGAIN", 
      "experiment_duration": 60
    }, 
    {
      "original_min_rate": 8.415188493360026e-05, 
      "syscall_name": "recvfrom", 
      "original_max_rate": 0.002444548578569196, 
      "failure_rate": 0.05, 
      "result": {
        "peer_stat": {
          "recovery": {
            "max": 18.0, 
            "mean": 12.947368421052632, 
            "variance": 9.102493074792243, 
            "min": 8.0
          }, 
          "ce": {
            "max": 23.4, 
            "mean": 13.8, 
            "variance": 41.36000000000001, 
            "min": 8.200000000000001
          }, 
          "normal": {
            "max": 31.05, 
            "mean": 27.9, 
            "variance": 3.690000000000002, 
            "min": 25.0
          }
        }, 
        "client_crashed": false, 
        "injection_count": 498
      }, 
      "original_mean_rate": 0.0006424837853554907, 
      "error_code": "-ECONNREFUSED", 
      "experiment_duration": 60
    }, 
    {
      "original_min_rate": 0.001091672795473699, 
      "syscall_name": "sendto", 
      "original_max_rate": 0.00761431822884336, 
      "failure_rate": 0.05, 
      "result": {
        "peer_stat": {
          "recovery": {
            "max": 16.0, 
            "mean": 11.666666666666666, 
            "variance": 6.793650793650794, 
            "min": 8.0
          }, 
          "ce": {
            "max": 9.6, 
            "mean": 6.6, 
            "variance": 4.24, 
            "min": 5.0
          }, 
          "normal": {
            "max": 16.0, 
            "mean": 11.444444444444445, 
            "variance": 6.246913580246914, 
            "min": 7.0
          }
        }, 
        "client_crashed": false, 
        "injection_count": 137
      }, 
      "original_mean_rate": 0.003154521962773957, 
      "error_code": "-ECONNREFUSED",