{
  "stat": {
    "max": 40.0, 
    "mean": 38.23809523809524, 
    "variance": 1.0385487528344672, 
    "min": 37.0
  }, 
  "values": [
    [
      1627480665, 
      37
    ], 
    [
      1627480680, 
      40
    ], 
    [
      1627480695, 
      37
    ], 
    [
      1627480710, 
      37
    ], 
    [
      1627480725, 
      37.5
    ], 
    [
      1627480740, 
      37
    ], 
    [
      1627480755, 
      38
    ], 
    [
      1627480770, 
      39
    ], 
    [
      1627480785, 
      38
    ], 
    [
      1627480800, 
      38
    ], 
    [
      1627480815, 
      38
    ], 
    [
      1627480830, 
      39
    ], 
    [
      1627480845, 
      39
    ], 
    [
      1627480860, 
      38
    ], 
    [
      1627480875, 
      39
    ], 
    [
      1627480890, 
      39
    ], 
    [
      1627480905, 
      38.5
    ], 
    [
      1627480920, 
      38
    ], 
    [
      1627480935, 
      38.5
    ], 
    [
      1627480950, 
      38
    ], 
    [
      1627480965, 
      41
    ]
  ], 
  "name": "geth.p2p/peers.gauge", 
  "columns": [
    "time", 
    "median"
  ]
}