{
  "stat": {
    "max": 42.0, 
    "mean": 41.142857142857146, 
    "variance": 0.12244897959183676, 
    "min": 41.0
  }, 
  "values": [
    [
      1623160200, 
      41
    ], 
    [
      1623160215, 
      41
    ], 
    [
      1623160230, 
      41.5
    ], 
    [
      1623160245, 
      42
    ], 
    [
      1623160260, 
      41.5
    ], 
    [
      1623160275, 
      41
    ], 
    [
      1623160290, 
      41
    ], 
    [
      1623160305, 
      41
    ], 
    [
      1623160320, 
      41
    ], 
    [
      1623160335, 
      41
    ], 
    [
      1623160350, 
      41
    ], 
    [
      1623160365, 
      41
    ], 
    [
      1623160380, 
      41
    ], 
    [
      1623160395, 
      42
    ], 
    [
      1623160410, 
      41
    ], 
    [
      1623160425, 
      41
    ], 
    [
      1623160440, 
      41.5
    ], 
    [
      1623160455, 
      41
    ], 
    [
      1623160470, 
      41
    ], 
    [
      1623160485, 
      42
    ], 
    [
      1623160500, 
      41
    ]
  ], 
  "name": "geth.p2p/peers.gauge", 
  "columns": [
    "time", 
    "median"
  ]
}