{
  "stat": {
    "max": 40.0, 
    "mean": 39.714285714285715, 
    "variance": 0.4897959183673468, 
    "min": 39.0
  }, 
  "values": [
    [
      1623160560, 
      39
    ], 
    [
      1623160575, 
      39
    ], 
    [
      1623160590, 
      40
    ], 
    [
      1623160605, 
      39
    ], 
    [
      1623160620, 
      39.5
    ], 
    [
      1623160635, 
      40
    ], 
    [
      1623160650, 
      40
    ], 
    [
      1623160665, 
      40
    ], 
    [
      1623160680, 
      42
    ], 
    [
      1623160695, 
      40
    ], 
    [
      1623160710, 
      40
    ], 
    [
      1623160725, 
      39
    ], 
    [
      1623160740, 
      39.5
    ], 
    [
      1623160755, 
      40
    ], 
    [
      1623160770, 
      39
    ], 
    [
      1623160785, 
      39
    ], 
    [
      1623160800, 
      40
    ], 
    [
      1623160815, 
      40
    ], 
    [
      1623160830, 
      40
    ], 
    [
      1623160845, 
      40
    ], 
    [
      1623160860, 
      40
    ]
  ], 
  "name": "geth.p2p/peers.gauge", 
  "columns": [
    "time", 
    "median"
  ]
}