{
  "dir_read_c": {
    "metric": {
      "instance": "172.17.0.1:8000", 
      "hostname": "longz-chaosevm", 
      "pid": "21581", 
      "directory": "/data/eth-data", 
      "job": "syscall_monitoring", 
      "application_name": "geth", 
      "__name__": "dir_reads_total"
    }, 
    "values": [
      [
        1633117563, 
        "20025"
      ], 
      [
        1633117578, 
        "20581"
      ], 
      [
        1633117593, 
        "19412"
      ], 
      [
        1633117608, 
        "105720"
      ], 
      [
        1633117623, 
        "71791"
      ], 
      [
        1633117638, 
        "45654"
      ], 
      [
        1633117653, 
        "49004"
      ], 
      [
        1633117668, 
        "46295"
      ], 
      [
        1633117683, 
        "45845"
      ], 
      [
        1633117698, 
        "46824"
      ], 
      [
        1633117713, 
        "42459"
      ], 
      [
        1633117728, 
        "40391"
      ], 
      [
        1633117743, 
        "40374"
      ], 
      [
        1633117758, 
        "38937"
      ], 
      [
        1633117773, 
        "39390"
      ], 
      [
        1633117788, 
        "38117"
      ], 
      [
        1633117803, 
        "41473"
      ], 
      [
        1633117818, 
        "123664"
      ], 
      [
        1633117833, 
        "72344"
      ], 
      [
        1633117848, 
        "64966"
      ], 
      [
        1633117863, 
        "59835"
      ]
    ]
  }, 
  "stat": {
    "dir_read_c": {
      "max": 105720.0, 
      "mean": 51100.04761904762, 
      "variance": 631038100.3310657, 
      "pvalue": 4.082356928205976e-13, 
      "min": 20025.0
    }, 
    "dir_reads": {
      "max": 1586207744.0, 
      "mean": 624540184.3809524, 
      "variance": 1.5031673478982566e+17, 
      "pvalue": 4.599705057131962e-13, 
      "min": 241266688.0
    }, 
    "tcp_conn": {
      "max": 61.0, 
      "mean": 49.523809523809526, 
      "variance": 53.01133786848072, 
      "pvalue": 1.6526653304976648e-19, 
      "min": 37.0
    }, 
    "tcp_sends": {
      "max": 25629696.0, 
      "mean": 7134598.095238095, 
      "variance": 216048583109253.47, 
      "pvalue": 0.0007308686825488591, 
      "min": 69632.0
    }, 
    "dir_writes": {
      "max": 3432448.0, 
      "mean": 590360.380952381, 
      "variance": 1907178551969.3792, 
      "pvalue": 0.06400186462245025, 
      "min": 2048.0
    }, 
    "dir_write_c": {
      "max": 284.0, 
      "mean": 130.33333333333334, 
      "variance": 10658.222222222223, 
      "pvalue": 0.0008682236485247057, 
      "min": 18.0
    }, 
    "disk_write": {
      "max": 106302.56360722148, 
      "mean": 41684.955569477715, 
      "variance": 1160925705.92875, 
      "pvalue": 0.0007351555042832864, 
      "min": 11540.465574235835
    }, 
    "disk_read": {
      "max": 51892559.540740795, 
      "mean": 36819647.8259974, 
      "variance": 87249574208735.9, 
      "pvalue": 1.1452041264287077e-13, 
      "min": 16840454.188364625
    }, 
    "peer_stats": {
      "max": 23.525, 
      "mean": 17.4, 
      "variance": 30.99000000000001, 
      "pvalue": 1.2026467019345983e-18, 
      "min": 8.975
    }, 
    "tcp_recvs": {
      "max": 7177216.0, 
      "mean": 2026008.380952381, 
      "variance": 6989363780647.477, 
      "pvalue": 3.263985550595163e-08, 
      "min": 395264.0
    }
  }, 
  "dir_reads": {
    "metric": {
      "instance": "172.17.0.1:8000", 
      "hostname": "longz-chaosevm", 
      "pid": "21581", 
      "directory": "/data/eth-data", 
      "job": "syscall_monitoring", 
      "application_name": "geth"
    }, 
    "values": [
      [
        1633117563, 
        "231609344"
      ], 
      [
        1633117578, 
        "241266688"
      ], 
      [
        1633117593, 
        "241812480"
      ], 
      [
        1633117608, 
        "1586207744"
      ], 
      [
        1633117623, 
        "876453888"
      ], 
      [
        1633117638, 
        "497383424"
      ], 
      [
        1633117653, 
        "534036480"
      ], 
      [
        1633117668, 
        "525052928"
      ], 
      [
        1633117683, 
        "530898944"
      ], 
      [
        1633117698, 
        "534131712"
      ], 
      [
        1633117713, 
        "501563392"
      ], 
      [
        1633117728, 
        "477656064"
      ], 
      [
        1633117743, 
        "469600256"
      ], 
      [
        1633117758, 
        "447843328"
      ], 
      [
        1633117773, 
        "482565120"
      ], 
      [
        1633117788, 
        "459056128"
      ], 
      [
        1633117803, 
        "515411968"
      ], 
      [
        1633117818, 
        "1843211264"
      ], 
      [
        1633117833, 
        "798299136"
      ], 
      [
        1633117848, 
        "666869760"
      ], 
      [
        1633117863, 
        "654413824"
      ]
    ]
  }, 
  "tcp_conn": {
    "metric": {}, 
    "values": [
      [
        1633117563, 
        "63"
      ], 
      [
        1633117578, 
        "52"
      ], 
      [
        1633117593, 
        "56"
      ], 
      [
        1633117608, 
        "36"
      ], 
      [
        1633117623, 
        "37"
      ], 
      [
        1633117638, 
        "41"
      ], 
      [
        1633117653, 
        "43"
      ], 
      [
        1633117668, 
        "42"
      ], 
      [
        1633117683, 
        "43"
      ], 
      [
        1633117698, 
        "45"
      ], 
      [
        1633117713, 
        "48"
      ], 
      [
        1633117728, 
        "54"
      ], 
      [
        1633117743, 
        "46"
      ], 
      [
        1633117758, 
        "53"
      ], 
      [
        1633117773, 
        "54"
      ], 
      [
        1633117788, 
        "56"
      ], 
      [
        1633117803, 
        "52"
      ], 
      [
        1633117818, 
        "55"
      ], 
      [
        1633117833, 
        "61"
      ], 
      [
        1633117848, 
        "48"
      ], 
      [
        1633117863, 
        "55"
      ]
    ]
  }, 
  "tcp_sends": {
    "metric": {}, 
    "values": [
      [
        1633117563, 
        "119808"
      ], 
      [
        1633117578, 
        "179200"
      ], 
      [
        1633117593, 
        "163840"
      ], 
      [
        1633117608, 
        "139264"
      ], 
      [
        1633117623, 
        "69632"
      ], 
      [
        1633117638, 
        "114688"
      ], 
      [
        1633117653, 
        "52224"
      ], 
      [
        1633117668, 
        "122880"
      ], 
      [
        1633117683, 
        "99328"
      ], 
      [
        1633117698, 
        "22461440"
      ], 
      [
        1633117713, 
        "25629696"
      ], 
      [
        1633117728, 
        "3135488"
      ], 
      [
        1633117743, 
        "4838400"
      ], 
      [
        1633117758, 
        "1843200"
      ], 
      [
        1633117773, 
        "884736"
      ], 
      [
        1633117788, 
        "16905216"
      ], 
      [
        1633117803, 
        "63559680"
      ], 
      [
        1633117818, 
        "9017344"
      ], 
      [
        1633117833, 
        "131072"
      ], 
      [
        1633117848, 
        "152576"
      ], 
      [
        1633117863, 
        "206848"
      ]
    ]
  }, 
  "dir_writes": {
    "metric": {
      "instance": "172.17.0.1:8000", 
      "hostname": "longz-chaosevm", 
      "pid": "21581", 
      "directory": "/data/eth-data", 
      "job": "syscall_monitoring", 
      "application_name": "geth"
    },