{
  "dir_read_c": {
    "metric": {
      "instance": "172.17.0.1:8000", 
      "hostname": "longz-chaosevm", 
      "pid": "21581", 
      "directory": "/data/eth-data", 
      "job": "syscall_monitoring", 
      "application_name": "geth", 
      "__name__": "dir_reads_total"
    }, 
    "values": [
      [
        1633117262, 
        "23269"
      ], 
      [
        1633117277, 
        "24342"
      ], 
      [
        1633117292, 
        "24520"
      ], 
      [
        1633117307, 
        "20329"
      ], 
      [
        1633117322, 
        "19375"
      ], 
      [
        1633117337, 
        "20209"
      ], 
      [
        1633117352, 
        "21368"
      ], 
      [
        1633117367, 
        "20195"
      ], 
      [
        1633117382, 
        "19467"
      ], 
      [
        1633117397, 
        "19750"
      ], 
      [
        1633117412, 
        "20520"
      ], 
      [
        1633117427, 
        "19814"
      ], 
      [
        1633117442, 
        "19962"
      ], 
      [
        1633117457, 
        "20924"
      ], 
      [
        1633117472, 
        "20053"
      ], 
      [
        1633117487, 
        "20086"
      ], 
      [
        1633117502, 
        "20433"
      ], 
      [
        1633117517, 
        "20668"
      ], 
      [
        1633117532, 
        "20829"
      ], 
      [
        1633117547, 
        "21406"
      ], 
      [
        1633117562, 
        "20025"
      ]
    ]
  }, 
  "stat": {
    "dir_read_c": {
      "max": 24342.0, 
      "mean": 20835.428571428572, 
      "variance": 2027637.4829931972, 
      "pvalue": 0.00034861115742261414, 
      "min": 19467.0
    }, 
    "dir_reads": {
      "max": 283483136.0, 
      "mean": 243172985.9047619, 
      "variance": 307257929477521.75, 
      "pvalue": 1.0071308418367008e-05, 
      "min": 223239168.0
    }, 
    "tcp_conn": {
      "max": 68.0, 
      "mean": 56.857142857142854, 
      "variance": 48.78911564625851, 
      "pvalue": 1.6526653304976648e-19, 
      "min": 46.0
    }, 
    "tcp_sends": {
      "max": 4015104.0, 
      "mean": 1276684.1904761905, 
      "variance": 16151111260889.11, 
      "pvalue": 0.5703940929866952, 
      "min": 98304.0
    }, 
    "dir_writes": {
      "max": 394240.0, 
      "mean": 293400.38095238095, 
      "variance": 17559016194.902493, 
      "pvalue": 1.9444709885143458e-05, 
      "min": 142336.0
    }, 
    "dir_write_c": {
      "max": 206.0, 
      "mean": 111.19047619047619, 
      "variance": 5878.439909297053, 
      "pvalue": 1.7369303730037133e-05, 
      "min": 32.0
    }, 
    "disk_write": {
      "max": 23700.972686569683, 
      "mean": 18765.110913064425, 
      "variance": 7842079.478832839, 
      "pvalue": 1.675902142187276e-06, 
      "min": 16031.231223795454
    }, 
    "disk_read": {
      "max": 18221300.266044896, 
      "mean": 16520357.739623066, 
      "variance": 718290588830.4812, 
      "pvalue": 7.744075347063935e-06, 
      "min": 15823717.614947746
    }, 
    "peer_stats": {
      "max": 27.525, 
      "mean": 25.575, 
      "variance": 1.7068749999999997, 
      "pvalue": 1.2026467019345983e-18, 
      "min": 23.974999999999998
    }, 
    "tcp_recvs": {
      "max": 2161664.0, 
      "mean": 1293702.0952380951, 
      "variance": 410357668680.5624, 
      "pvalue": 4.0986592373649095e-07, 
      "min": 600064.0
    }
  }, 
  "dir_reads": {
    "metric": {
      "instance": "172.17.0.1:8000", 
      "hostname": "longz-chaosevm", 
      "pid": "21581", 
      "directory": "/data/eth-data", 
      "job": "syscall_monitoring", 
      "application_name": "geth"
    }, 
    "values": [
      [
        1633117262, 
        "262612992"
      ], 
      [
        1633117277, 
        "283483136"
      ], 
      [
        1633117292, 
        "291016704"
      ], 
      [
        1633117307, 
        "238265344"
      ], 
      [
        1633117322, 
        "218039296"
      ], 
      [
        1633117337, 
        "233921536"
      ], 
      [
        1633117352, 
        "253401088"
      ], 
      [
        1633117367, 
        "242115584"
      ], 
      [
        1633117382, 
        "223239168"
      ], 
      [
        1633117397, 
        "231291904"
      ], 
      [
        1633117412, 
        "237384704"
      ], 
      [
        1633117427, 
        "229500928"
      ], 
      [
        1633117442, 
        "235311104"
      ], 
      [
        1633117457, 
        "246882304"
      ], 
      [
        1633117472, 
        "234736640"
      ], 
      [
        1633117487, 
        "239768576"
      ], 
      [
        1633117502, 
        "236052480"
      ], 
      [
        1633117517, 
        "237895680"
      ], 
      [
        1633117532, 
        "243371008"
      ], 
      [
        1633117547, 
        "256733184"
      ], 
      [
        1633117562, 
        "231609344"
      ]
    ]
  }, 
  "tcp_conn": {
    "metric": {}, 
    "values": [
      [
        1633117262, 
        "56"
      ], 
      [
        1633117277, 
        "47"
      ], 
      [
        1633117292, 
        "48"
      ], 
      [
        1633117307, 
        "46"
      ], 
      [
        1633117322, 
        "58"
      ], 
      [
        1633117337, 
        "58"
      ], 
      [
        1633117352, 
        "49"
      ], 
      [
        1633117367, 
        "55"
      ], 
      [
        1633117382, 
        "43"
      ], 
      [
        1633117397, 
        "62"
      ], 
      [
        1633117412, 
        "61"
      ], 
      [
        1633117427, 
        "60"
      ], 
      [
        1633117442, 
        "55"
      ], 
      [
        1633117457, 
        "68"
      ], 
      [
        1633117472, 
        "68"
      ], 
      [
        1633117487, 
        "60"
      ], 
      [
        1633117502, 
        "65"
      ], 
      [
        1633117517, 
        "62"
      ], 
      [
        1633117532, 
        "58"
      ], 
      [
        1633117547, 
        "52"
      ], 
      [
        1633117562, 
        "63"
      ]
    ]
  }, 
  "tcp_sends": {
    "metric": {}, 
    "values": [
      [
        1633117262, 
        "4015104"
      ], 
      [
        1633117277, 
        "18844672"
      ], 
      [
        1633117292, 
        "120832"
      ], 
      [
        1633117307, 
        "192512"
      ], 
      [
        1633117322, 
        "83968"
      ], 
      [
        1633117337, 
        "158720"
      ], 
      [
        1633117352, 
        "112640"
      ], 
      [
        1633117367, 
        "175104"
      ], 
      [
        1633117382, 
        "98304"
      ], 
      [
        1633117397, 
        "169984"
      ], 
      [
        1633117412, 
        "1325056"
      ], 
      [
        1633117427, 
        "169984"
      ], 
      [
        1633117442, 
        "109568"
      ], 
      [
        1633117457, 
        "168960"
      ], 
      [
        1633117472, 
        "152576"
      ], 
      [
        1633117487, 
        "196608"
      ], 
      [
        1633117502, 
        "129024"
      ], 
      [
        1633117517, 
        "186368"
      ], 
      [
        1633117532, 
        "118784"
      ], 
      [
        1633117547, 
        "161792"
      ], 
      [
        1633117562, 
        "119808"
      ]
    ]
  }, 
  "dir_writes": {
    "metric": {
      "instance": "172.17.0.1:8000", 
      "hostname": "longz-chaosevm", 
      "pid": "21581", 
      "directory": "/data/eth-data", 
      "job": "syscall_monitoring", 
      "application_name": "geth"
    },