{
  "dir_read_c": {
    "metric": {
      "instance": "172.17.0.1:8000", 
      "hostname": "longz-chaosevm", 
      "pid": "21581", 
      "directory": "/data/eth-data", 
      "job": "syscall_monitoring", 
      "application_name": "geth", 
      "__name__": "dir_reads_total"
    }, 
    "values": [
      [
        1633118466, 
        "31999"
      ], 
      [
        1633118481, 
        "30780"
      ], 
      [
        1633118496, 
        "25745"
      ], 
      [
        1633118511, 
        "24729"
      ], 
      [
        1633118526, 
        "25407"
      ], 
      [
        1633118541, 
        "23978"
      ], 
      [
        1633118556, 
        "24791"
      ], 
      [
        1633118571, 
        "25846"
      ], 
      [
        1633118586, 
        "22140"
      ], 
      [
        1633118601, 
        "24546"
      ], 
      [
        1633118616, 
        "24183"
      ], 
      [
        1633118631, 
        "22513"
      ], 
      [
        1633118646, 
        "22655"
      ], 
      [
        1633118661, 
        "22362"
      ], 
      [
        1633118676, 
        "22760"
      ], 
      [
        1633118691, 
        "20832"
      ], 
      [
        1633118706, 
        "20562"
      ], 
      [
        1633118721, 
        "20706"
      ], 
      [
        1633118736, 
        "22082"
      ], 
      [
        1633118751, 
        "20675"
      ], 
      [
        1633118766, 
        "20753"
      ]
    ]
  }, 
  "stat": {
    "dir_read_c": {
      "max": 30780.0, 
      "mean": 23811.619047619046, 
      "variance": 8991098.426303856, 
      "pvalue": 0.059637577775778786, 
      "min": 20675.0
    }, 
    "dir_reads": {
      "max": 373706752.0, 
      "mean": 287040463.2380952, 
      "variance": 1245933499603004.0, 
      "pvalue": 0.027833142742140982, 
      "min": 251287552.0
    }, 
    "tcp_conn": {
      "max": 84.0, 
      "mean": 73.66666666666667, 
      "variance": 41.74603174603175, 
      "pvalue": 2.600897449291572e-15, 
      "min": 65.0
    }, 
    "tcp_sends": {
      "max": 10261504.0, 
      "mean": 1942479.238095238, 
      "variance": 19837162242010.848, 
      "pvalue": 1.0700086322627675e-05, 
      "min": 79872.0
    }, 
    "dir_writes": {
      "max": 361472.0, 
      "mean": 242980.57142857142, 
      "variance": 25549617082.34014, 
      "pvalue": 0.0018217275550811373, 
      "min": 91136.0
    }, 
    "dir_write_c": {
      "max": 246.0, 
      "mean": 138.71428571428572, 
      "variance": 9330.108843537417, 
      "pvalue": 1.8727865674078105e-05, 
      "min": 34.0
    }, 
    "disk_write": {
      "max": 17074.441126695678, 
      "mean": 13099.348473868977, 
      "variance": 9968931.680263836, 
      "pvalue": 0.00624224782947194, 
      "min": 9174.272653534528
    }, 
    "disk_read": {
      "max": 26213022.15020089, 
      "mean": 20752164.849779364, 
      "variance": 7638936632957.398, 
      "pvalue": 0.005624610616568974, 
      "min": 17748438.988340613
    }, 
    "peer_stats": {
      "max": 38.0, 
      "mean": 36.9, 
      "variance": 0.3900000000000002, 
      "pvalue": 1.2026467019345983e-18, 
      "min": 36.0
    }, 
    "tcp_recvs": {
      "max": 2388992.0, 
      "mean": 1524784.761904762, 
      "variance": 337452875738.8481, 
      "pvalue": 1.4929752556389222e-05, 
      "min": 670720.0
    }
  }, 
  "dir_reads": {
    "metric": {
      "instance": "172.17.0.1:8000", 
      "hostname": "longz-chaosevm", 
      "pid": "21581", 
      "directory": "/data/eth-data", 
      "job": "syscall_monitoring", 
      "application_name": "geth"
    }, 
    "values": [
      [
        1633118466, 
        "388508672"
      ], 
      [
        1633118481, 
        "373706752"
      ], 
      [
        1633118496, 
        "295409664"
      ], 
      [
        1633118511, 
        "272604160"
      ], 
      [
        1633118526, 
        "301006848"
      ], 
      [
        1633118541, 
        "285612032"
      ], 
      [
        1633118556, 
        "295857152"
      ], 
      [
        1633118571, 
        "309983232"
      ], 
      [
        1633118586, 
        "274170880"
      ], 
      [
        1633118601, 
        "299122688"
      ], 
      [
        1633118616, 
        "296665088"
      ], 
      [
        1633118631, 
        "278532096"
      ], 
      [
        1633118646, 
        "279036928"
      ], 
      [
        1633118661, 
        "272995328"
      ], 
      [
        1633118676, 
        "270333952"
      ], 
      [
        1633118691, 
        "251287552"
      ], 
      [
        1633118706, 
        "248195072"
      ], 
      [
        1633118721, 
        "253947904"
      ], 
      [
        1633118736, 
        "272702464"
      ], 
      [
        1633118751, 
        "253353984"
      ], 
      [
        1633118766, 
        "254817280"
      ]
    ]
  }, 
  "tcp_conn": {
    "metric": {}, 
    "values": [
      [
        1633118466, 
        "68"
      ], 
      [
        1633118481, 
        "74"
      ], 
      [
        1633118496, 
        "72"
      ], 
      [
        1633118511, 
        "67"
      ], 
      [
        1633118526, 
        "62"
      ], 
      [
        1633118541, 
        "82"
      ], 
      [
        1633118556, 
        "77"
      ], 
      [
        1633118571, 
        "71"
      ], 
      [
        1633118586, 
        "74"
      ], 
      [
        1633118601, 
        "71"
      ], 
      [
        1633118616, 
        "88"
      ], 
      [
        1633118631, 
        "77"
      ], 
      [
        1633118646, 
        "83"
      ], 
      [
        1633118661, 
        "70"
      ], 
      [
        1633118676, 
        "69"
      ], 
      [
        1633118691, 
        "77"
      ], 
      [
        1633118706, 
        "65"
      ], 
      [
        1633118721, 
        "73"
      ], 
      [
        1633118736, 
        "84"
      ], 
      [
        1633118751, 
        "75"
      ], 
      [
        1633118766, 
        "68"
      ]
    ]
  }, 
  "tcp_sends": {
    "metric": {}, 
    "values": [
      [
        1633118466, 
        "283648"
      ], 
      [
        1633118481, 
        "18700288"
      ], 
      [
        1633118496, 
        "10261504"
      ], 
      [
        1633118511, 
        "6127616"
      ], 
      [
        1633118526, 
        "1251328"
      ], 
      [
        1633118541, 
        "125952"
      ], 
      [
        1633118556, 
        "236544"
      ], 
      [
        1633118571, 
        "300032"
      ], 
      [
        1633118586, 
        "427008"
      ], 
      [
        1633118601, 
        "124928"
      ], 
      [
        1633118616, 
        "80896"
      ], 
      [
        1633118631, 
        "488448"
      ], 
      [
        1633118646, 
        "344064"
      ], 
      [
        1633118661, 
        "731136"
      ], 
      [
        1633118676, 
        "71680"
      ], 
      [
        1633118691, 
        "121856"
      ], 
      [
        1633118706, 
        "354304"
      ], 
      [
        1633118721, 
        "129024"
      ], 
      [
        1633118736, 
        "79872"
      ], 
      [
        1633118751, 
        "123904"
      ], 
      [
        1633118766, 
        "428032"
      ]
    ]
  }, 
  "dir_writes": {
    "metric": {
      "instance": "172.17.0.1:8000", 
      "hostname": "longz-chaosevm", 
      "pid": "21581", 
      "directory": "/data/eth-data", 
      "job": "syscall_monitoring", 
      "application_name": "geth"
    },