{
  "dir_read_c": {
    "metric": {
      "instance": "172.17.0.1:8000", 
      "hostname": "longz-chaosevm", 
      "pid": "21581", 
      "directory": "/data/eth-data", 
      "job": "syscall_monitoring", 
      "application_name": "geth", 
      "__name__": "dir_reads_total"
    }, 
    "values": [
      [
        1633118163, 
        "65897"
      ], 
      [
        1633118178, 
        "63002"
      ], 
      [
        1633118193, 
        "66811"
      ], 
      [
        1633118208, 
        "53808"
      ], 
      [
        1633118223, 
        "58901"
      ], 
      [
        1633118238, 
        "51468"
      ], 
      [
        1633118253, 
        "50326"
      ], 
      [
        1633118268, 
        "33346"
      ], 
      [
        1633118283, 
        "39722"
      ], 
      [
        1633118298, 
        "30511"
      ], 
      [
        1633118313, 
        "31520"
      ], 
      [
        1633118328, 
        "36432"
      ], 
      [
        1633118343, 
        "32629"
      ], 
      [
        1633118358, 
        "35590"
      ], 
      [
        1633118373, 
        "36394"
      ], 
      [
        1633118388, 
        "35908"
      ], 
      [
        1633118403, 
        "34418"
      ], 
      [
        1633118418, 
        "31250"
      ], 
      [
        1633118433, 
        "35621"
      ], 
      [
        1633118448, 
        "34423"
      ], 
      [
        1633118463, 
        "31999"
      ]
    ]
  }, 
  "stat": {
    "dir_read_c": {
      "max": 65897.0, 
      "mean": 42379.80952380953, 
      "variance": 149060539.01133785, 
      "pvalue": 9.403091774961344e-17, 
      "min": 31250.0
    }, 
    "dir_reads": {
      "max": 778272768.0, 
      "mean": 511161929.14285713, 
      "variance": 1.938053337936e+16, 
      "pvalue": 4.446864927094836e-17, 
      "min": 384088064.0
    }, 
    "tcp_conn": {
      "max": 76.0, 
      "mean": 67.23809523809524, 
      "variance": 33.60997732426303, 
      "pvalue": 1.347030772435488e-18, 
      "min": 60.0
    }, 
    "tcp_sends": {
      "max": 1448960.0, 
      "mean": 468114.28571428574, 
      "variance": 177279177734.96603, 
      "pvalue": 1.0700086322627675e-05, 
      "min": 103424.0
    }, 
    "dir_writes": {
      "max": 292864.0, 
      "mean": 134582.85714285713, 
      "variance": 12021531515.646255, 
      "pvalue": 0.3445650661795903, 
      "min": 16384.0
    }, 
    "dir_write_c": {
      "max": 244.0, 
      "mean": 130.0, 
      "variance": 9623.142857142857, 
      "pvalue": 4.8754784067769126e-05, 
      "min": 26.0
    }, 
    "disk_write": {
      "max": 23441.235181551143, 
      "mean": 12242.81379202005, 
      "variance": 33955643.626466855, 
      "pvalue": 0.08538465527305776, 
      "min": 6524.483344878902
    }, 
    "disk_read": {
      "max": 46572071.088360526, 
      "mean": 36364510.72784473, 
      "variance": 51272693939887.74, 
      "pvalue": 6.651797962001666e-16, 
      "min": 28570063.67332487
    }, 
    "peer_stats": {
      "max": 38.0, 
      "mean": 35.75, 
      "variance": 3.1625, 
      "pvalue": 1.2026467019345983e-18, 
      "min": 32.425000000000004
    }, 
    "tcp_recvs": {
      "max": 2709504.0, 
      "mean": 1708568.380952381, 
      "variance": 315154671704.23584, 
      "pvalue": 0.0002733718974295778, 
      "min": 1022976.0
    }
  }, 
  "dir_reads": {
    "metric": {
      "instance": "172.17.0.1:8000", 
      "hostname": "longz-chaosevm", 
      "pid": "21581", 
      "directory": "/data/eth-data", 
      "job": "syscall_monitoring", 
      "application_name": "geth"
    }, 
    "values": [
      [
        1633118163, 
        "778272768"
      ], 
      [
        1633118178, 
        "732632064"
      ], 
      [
        1633118193, 
        "779329536"
      ], 
      [
        1633118208, 
        "650775552"
      ], 
      [
        1633118223, 
        "705165312"
      ], 
      [
        1633118238, 
        "624345088"
      ], 
      [
        1633118253, 
        "612344832"
      ], 
      [
        1633118268, 
        "403347456"
      ], 
      [
        1633118283, 
        "484467712"
      ], 
      [
        1633118298, 
        "369596416"
      ], 
      [
        1633118313, 
        "384088064"
      ], 
      [
        1633118328, 
        "444726272"
      ], 
      [
        1633118343, 
        "398290944"
      ], 
      [
        1633118358, 
        "435611648"
      ], 
      [
        1633118373, 
        "443367424"
      ], 
      [
        1633118388, 
        "435045376"
      ], 
      [
        1633118403, 
        "418656256"
      ], 
      [
        1633118418, 
        "384226304"
      ], 
      [
        1633118433, 
        "437754880"
      ], 
      [
        1633118448, 
        "423847936"
      ], 
      [
        1633118463, 
        "388508672"
      ]
    ]
  }, 
  "tcp_conn": {
    "metric": {}, 
    "values": [
      [
        1633118163, 
        "60"
      ], 
      [
        1633118178, 
        "64"
      ], 
      [
        1633118193, 
        "62"
      ], 
      [
        1633118208, 
        "60"
      ], 
      [
        1633118223, 
        "66"
      ], 
      [
        1633118238, 
        "68"
      ], 
      [
        1633118253, 
        "74"
      ], 
      [
        1633118268, 
        "70"
      ], 
      [
        1633118283, 
        "74"
      ], 
      [
        1633118298, 
        "59"
      ], 
      [
        1633118313, 
        "63"
      ], 
      [
        1633118328, 
        "81"
      ], 
      [
        1633118343, 
        "68"
      ], 
      [
        1633118358, 
        "67"
      ], 
      [
        1633118373, 
        "76"
      ], 
      [
        1633118388, 
        "61"
      ], 
      [
        1633118403, 
        "70"
      ], 
      [
        1633118418, 
        "66"
      ], 
      [
        1633118433, 
        "73"
      ], 
      [
        1633118448, 
        "62"
      ], 
      [
        1633118463, 
        "68"
      ]
    ]
  }, 
  "tcp_sends": {
    "metric": {}, 
    "values": [
      [
        1633118163, 
        "182272"
      ], 
      [
        1633118178, 
        "364544"
      ], 
      [
        1633118193, 
        "177152"
      ], 
      [
        1633118208, 
        "632832"
      ], 
      [
        1633118223, 
        "92160"
      ], 
      [
        1633118238, 
        "676864"
      ], 
      [
        1633118253, 
        "122880"
      ], 
      [
        1633118268, 
        "519168"
      ], 
      [
        1633118283, 
        "877568"
      ], 
      [
        1633118298, 
        "103424"
      ], 
      [
        1633118313, 
        "300032"
      ], 
      [
        1633118328, 
        "175104"
      ], 
      [
        1633118343, 
        "128000"
      ], 
      [
        1633118358, 
        "182272"
      ], 
      [
        1633118373, 
        "468992"
      ], 
      [
        1633118388, 
        "1627136"
      ], 
      [
        1633118403, 
        "859136"
      ], 
      [
        1633118418, 
        "1448960"
      ], 
      [
        1633118433, 
        "467968"
      ], 
      [
        1633118448, 
        "140288"
      ], 
      [
        1633118463, 
        "283648"
      ]
    ]
  }, 
  "dir_writes": {
    "metric": {
      "instance": "172.17.0.1:8000", 
      "hostname": "longz-chaosevm", 
      "pid": "21581", 
      "directory": "/data/eth-data", 
      "job": "syscall_monitoring", 
      "application_name": "geth"
    },