{
  "stat": {
    "max": 44.05, 
    "mean": 43.35, 
    "variance": 0.4275000000000001, 
    "min": 42.949999999999996
  }, 
  "values": [
    [
      1623157530, 
      42.5
    ], 
    [
      1623157545, 
      44
    ], 
    [
      1623157560, 
      43
    ], 
    [
      1623157575, 
      44
    ], 
    [
      1623157590, 
      43
    ], 
    [
      1623157605, 
      43
    ], 
    [
      1623157620, 
      43
    ], 
    [
      1623157635, 
      43
    ], 
    [
      1623157650, 
      43
    ], 
    [
      1623157665, 
      44
    ], 
    [
      1623157680, 
      43
    ], 
    [
      1623157695, 
      44
    ], 
    [
      1623157710, 
      43
    ], 
    [
      1623157725, 
      43
    ], 
    [
      1623157740, 
      43.5
    ], 
    [
      1623157755, 
      43
    ], 
    [
      1623157770, 
      43.5
    ], 
    [
      1623157785, 
      44
    ], 
    [
      1623157800, 
      44
    ], 
    [
      1623157815, 
      45
    ]
  ], 
  "name": "geth.p2p/peers.gauge", 
  "columns": [
    "time", 
    "median"
  ]
}