{
  "stat": {
    "max": 43.0, 
    "mean": 41.333333333333336, 
    "variance": 0.88888888888889, 
    "min": 40.0
  }, 
  "values": [
    [
      1623157890, 
      40
    ], 
    [
      1623157905, 
      43
    ], 
    [
      1623157920, 
      41
    ], 
    [
      1623157935, 
      42
    ], 
    [
      1623157950, 
      43
    ], 
    [
      1623157965, 
      44
    ], 
    [
      1623157980, 
      40.5
    ], 
    [
      1623157995, 
      41
    ], 
    [
      1623158010, 
      41.5
    ], 
    [
      1623158025, 
      41
    ], 
    [
      1623158040, 
      41.5
    ], 
    [
      1623158055, 
      41
    ], 
    [
      1623158070, 
      42
    ], 
    [
      1623158085, 
      41
    ], 
    [
      1623158100, 
      41
    ], 
    [
      1623158115, 
      41
    ], 
    [
      1623158130, 
      41.5
    ], 
    [
      1623158145, 
      41
    ], 
    [
      1623158160, 
      41
    ], 
    [
      1623158175, 
      41
    ], 
    [
      1623158190, 
      41
    ]
  ], 
  "name": "geth.p2p/peers.gauge", 
  "columns": [
    "time", 
    "median"
  ]
}