{
  "dir_read_c": {
    "metric": {
      "instance": "172.17.0.1:8000", 
      "hostname": "longz-chaosevm", 
      "pid": "27348", 
      "directory": "/data/eth-data", 
      "job": "syscall_monitoring", 
      "application_name": "geth", 
      "__name__": "dir_reads_total"
    }, 
    "values": [
      [
        1633134510, 
        "130682"
      ], 
      [
        1633134525, 
        "54315"
      ], 
      [
        1633134540, 
        "75877"
      ], 
      [
        1633134555, 
        "71247"
      ], 
      [
        1633134570, 
        "19817"
      ], 
      [
        1633134585, 
        "27286"
      ], 
      [
        1633134600, 
        "35905"
      ], 
      [
        1633134615, 
        "32137"
      ], 
      [
        1633134630, 
        "29202"
      ], 
      [
        1633134645, 
        "30183"
      ], 
      [
        1633134660, 
        "29216"
      ], 
      [
        1633134675, 
        "29863"
      ], 
      [
        1633134690, 
        "28969"
      ], 
      [
        1633134705, 
        "28073"
      ], 
      [
        1633134720, 
        "26179"
      ], 
      [
        1633134735, 
        "23494"
      ], 
      [
        1633134750, 
        "25788"
      ], 
      [
        1633134765, 
        "19889"
      ], 
      [
        1633134780, 
        "17154"
      ], 
      [
        1633134795, 
        "17858"
      ], 
      [
        1633134810, 
        "17460"
      ]
    ]
  }, 
  "stat": {
    "dir_read_c": {
      "max": 75877.0, 
      "mean": 36694.95238095238, 
      "variance": 685524012.4263039, 
      "pvalue": 1.1810947476625239e-05, 
      "min": 17460.0
    }, 
    "dir_reads": {
      "max": 1126128640.0, 
      "mean": 471886799.2380952, 
      "variance": 1.7520974765951818e+17, 
      "pvalue": 1.5339852216572332e-05, 
      "min": 211668992.0
    }, 
    "tcp_conn": {
      "max": 58.0, 
      "mean": 37.857142857142854, 
      "variance": 77.45578231292515, 
      "pvalue": 1.6526653304976648e-19, 
      "min": 31.0
    }, 
    "tcp_sends": {
      "max": 8958976.0, 
      "mean": 1382302.4761904762, 
      "variance": 8811982134757.295, 
      "pvalue": 0.0034012418206862656, 
      "min": 53248.0
    }, 
    "dir_writes": {
      "max": 104448.0, 
      "mean": 35596.19047619047, 
      "variance": 2006365766.8208613, 
      "pvalue": 1.0997774848732021e-06, 
      "min": 2048.0
    }, 
    "dir_write_c": {
      "max": 235.0, 
      "mean": 120.0, 
      "variance": 9343.52380952381, 
      "pvalue": 0.00013566842018169936, 
      "min": 21.0
    }, 
    "disk_write": {
      "max": 62138.24766152091, 
      "mean": 18894.973372711323, 
      "variance": 441766574.2243907, 
      "pvalue": 0.19058146920009533, 
      "min": 2803.821212818479
    }, 
    "disk_read": {
      "max": 53582143.86319802, 
      "mean": 31837408.41251109, 
      "variance": 141999957140690.44, 
      "pvalue": 1.8164021772313931e-07, 
      "min": 18442526.186337158
    }, 
    "peer_stats": {
      "max": 35.074999999999996, 
      "mean": 30.875, 
      "variance": 10.746875, 
      "pvalue": 1.2026467019345983e-18, 
      "min": 24.475
    }, 
    "tcp_recvs": {
      "max": 4102144.0, 
      "mean": 1551847.619047619, 
      "variance": 1441634875285.188, 
      "pvalue": 1.0997774848732021e-06, 
      "min": 487424.0
    }
  }, 
  "dir_reads": {
    "metric": {
      "instance": "172.17.0.1:8000", 
      "hostname": "longz-chaosevm", 
      "pid": "27348", 
      "directory": "/data/eth-data", 
      "job": "syscall_monitoring", 
      "application_name": "geth"
    }, 
    "values": [
      [
        1633134510, 
        "1976441856"
      ], 
      [
        1633134525, 
        "717342720"
      ], 
      [
        1633134540, 
        "1126128640"
      ], 
      [
        1633134555, 
        "1066738688"
      ], 
      [
        1633134570, 
        "244926464"
      ], 
      [
        1633134585, 
        "299468800"
      ], 
      [
        1633134600, 
        "383854592"
      ], 
      [
        1633134615, 
        "350809088"
      ], 
      [
        1633134630, 
        "324510720"
      ], 
      [
        1633134645, 
        "337067008"
      ], 
      [
        1633134660, 
        "326884352"
      ], 
      [
        1633134675, 
        "333189120"
      ], 
      [
        1633134690, 
        "326345728"
      ], 
      [
        1633134705, 
        "317298688"
      ], 
      [
        1633134720, 
        "301983744"
      ], 
      [
        1633134735, 
        "296428544"
      ], 
      [
        1633134750, 
        "306648064"
      ], 
      [
        1633134765, 
        "240917504"
      ], 
      [
        1633134780, 
        "207067136"
      ], 
      [
        1633134795, 
        "213902336"
      ], 
      [
        1633134810, 
        "211668992"
      ]
    ]
  }, 
  "tcp_conn": {
    "metric": {}, 
    "values": [
      [
        1633134510, 
        "67"
      ], 
      [
        1633134525, 
        "58"
      ], 
      [
        1633134540, 
        "43"
      ], 
      [
        1633134555, 
        "39"
      ], 
      [
        1633134570, 
        "37"
      ], 
      [
        1633134585, 
        "39"
      ], 
      [
        1633134600, 
        "36"
      ], 
      [
        1633134615, 
        "33"
      ], 
      [
        1633134630, 
        "35"
      ], 
      [
        1633134645, 
        "38"
      ], 
      [
        1633134660, 
        "37"
      ], 
      [
        1633134675, 
        "38"
      ], 
      [
        1633134690, 
        "35"
      ], 
      [
        1633134705, 
        "35"
      ], 
      [
        1633134720, 
        "34"
      ], 
      [
        1633134735, 
        "35"
      ], 
      [
        1633134750, 
        "33"
      ], 
      [
        1633134765, 
        "35"
      ], 
      [
        1633134780, 
        "31"
      ], 
      [
        1633134795, 
        "31"
      ], 
      [
        1633134810, 
        "26"
      ]
    ]
  }, 
  "tcp_sends": {
    "metric": {}, 
    "values": [
      [
        1633134510, 
        "136192"
      ], 
      [
        1633134525, 
        "57344"
      ], 
      [
        1633134540, 
        "113664"
      ], 
      [
        1633134555, 
        "53248"
      ], 
      [
        1633134570, 
        "107520"
      ], 
      [
        1633134585, 
        "56320"
      ], 
      [
        1633134600, 
        "1651712"
      ], 
      [
        1633134615, 
        "8958976"
      ], 
      [
        1633134630, 
        "671744"
      ], 
      [
        1633134645, 
        "59392"
      ], 
      [
        1633134660, 
        "106496"
      ], 
      [
        1633134675, 
        "55296"
      ], 
      [
        1633134690, 
        "147456"
      ], 
      [
        1633134705, 
        "71680"
      ], 
      [
        1633134720, 
        "116736"
      ], 
      [
        1633134735, 
        "10183680"
      ], 
      [
        1633134750, 
        "6155264"
      ], 
      [
        1633134765, 
        "53248"
      ], 
      [
        1633134780, 
        "110592"
      ], 
      [
        1633134795, 
        "54272"
      ], 
      [
        1633134810, 
        "107520"
      ]
    ]
  }, 
  "dir_writes": {
    "metric": {
      "instance": "172.17.0.1:8000", 
      "hostname": "longz-chaosevm", 
      "pid": "27348", 
      "directory": "/data/eth-data", 
      "job": "syscall_monitoring", 
      "application_name": "geth"
    },