{
  "dir_read_c": {
    "metric": {
      "instance": "172.17.0.1:8000", 
      "hostname": "longz-chaosevm", 
      "pid": "27348", 
      "directory": "/data/eth-data", 
      "job": "syscall_monitoring", 
      "application_name": "geth", 
      "__name__": "dir_reads_total"
    }, 
    "values": [
      [
        1633134210, 
        "36109"
      ], 
      [
        1633134225, 
        "33915"
      ], 
      [
        1633134240, 
        "31963"
      ], 
      [
        1633134255, 
        "34938"
      ], 
      [
        1633134270, 
        "31173"
      ], 
      [
        1633134285, 
        "34132"
      ], 
      [
        1633134300, 
        "33805"
      ], 
      [
        1633134315, 
        "34673"
      ], 
      [
        1633134330, 
        "35298"
      ], 
      [
        1633134345, 
        "29711"
      ], 
      [
        1633134360, 
        "27748"
      ], 
      [
        1633134375, 
        "24756"
      ], 
      [
        1633134390, 
        "24077"
      ], 
      [
        1633134405, 
        "21177"
      ], 
      [
        1633134420, 
        "20869"
      ], 
      [
        1633134435, 
        "20361"
      ], 
      [
        1633134450, 
        "22775"
      ], 
      [
        1633134465, 
        "22393"
      ], 
      [
        1633134480, 
        "43921"
      ], 
      [
        1633134495, 
        "21110"
      ], 
      [
        1633134510, 
        "130682"
      ]
    ]
  }, 
  "stat": {
    "dir_read_c": {
      "max": 43921.0, 
      "mean": 34075.52380952381, 
      "variance": 507454070.9160997, 
      "pvalue": 3.286081921463916e-05, 
      "min": 20869.0
    }, 
    "dir_reads": {
      "max": 633266176.0, 
      "mean": 437785892.5714286, 
      "variance": 1.267995645835957e+17, 
      "pvalue": 1.6816404747851486e-05, 
      "min": 246423552.0
    }, 
    "tcp_conn": {
      "max": 76.0, 
      "mean": 69.33333333333333, 
      "variance": 17.746031746031743, 
      "pvalue": 3.4269450207188173e-19, 
      "min": 64.0
    }, 
    "tcp_sends": {
      "max": 6681600.0, 
      "mean": 1273709.7142857143, 
      "variance": 10915306290865.63, 
      "pvalue": 0.18048767154688145, 
      "min": 59392.0
    }, 
    "dir_writes": {
      "max": 718848.0, 
      "mean": 782336.0, 
      "variance": 4419656663820.19, 
      "pvalue": 0.010252862284948233, 
      "min": 25600.0
    }, 
    "dir_write_c": {
      "max": 221.0, 
      "mean": 136.42857142857142, 
      "variance": 8911.86394557823, 
      "pvalue": 0.00013566842018169936, 
      "min": 35.0
    }, 
    "disk_write": {
      "max": 131893.59632107362, 
      "mean": 36963.76056835128, 
      "variance": 1786177666.4452984, 
      "pvalue": 0.012610819381299472, 
      "min": 8546.720550255855
    }, 
    "disk_read": {
      "max": 28326058.075437497, 
      "mean": 25308683.997047894, 
      "variance": 22215436261198.875, 
      "pvalue": 1.891244164346168e-06, 
      "min": 19143108.79201563
    }, 
    "peer_stats": {
      "max": 38.075, 
      "mean": 36.975, 
      "variance": 0.661875, 
      "pvalue": 1.2026467019345983e-18, 
      "min": 36.0
    }, 
    "tcp_recvs": {
      "max": 8847360.0, 
      "mean": 3629348.5714285714, 
      "variance": 26948877570075.867, 
      "pvalue": 0.4471075878602928, 
      "min": 1031168.0
    }
  }, 
  "dir_reads": {
    "metric": {
      "instance": "172.17.0.1:8000", 
      "hostname": "longz-chaosevm", 
      "pid": "27348", 
      "directory": "/data/eth-data", 
      "job": "syscall_monitoring", 
      "application_name": "geth"
    }, 
    "values": [
      [
        1633134210, 
        "441402368"
      ], 
      [
        1633134225, 
        "414272512"
      ], 
      [
        1633134240, 
        "396402688"
      ], 
      [
        1633134255, 
        "425352192"
      ], 
      [
        1633134270, 
        "386157568"
      ], 
      [
        1633134285, 
        "422279168"
      ], 
      [
        1633134300, 
        "414492672"
      ], 
      [
        1633134315, 
        "423991296"
      ], 
      [
        1633134330, 
        "419390464"
      ], 
      [
        1633134345, 
        "363287552"
      ], 
      [
        1633134360, 
        "337297408"
      ], 
      [
        1633134375, 
        "294046720"
      ], 
      [
        1633134390, 
        "292965376"
      ], 
      [
        1633134405, 
        "256662528"
      ], 
      [
        1633134420, 
        "246423552"
      ], 
      [
        1633134435, 
        "237109248"
      ], 
      [
        1633134450, 
        "269105152"
      ], 
      [
        1633134465, 
        "268063744"
      ], 
      [
        1633134480, 
        "633266176"
      ], 
      [
        1633134495, 
        "275093504"
      ], 
      [
        1633134510, 
        "1976441856"
      ]
    ]
  }, 
  "tcp_conn": {
    "metric": {}, 
    "values": [
      [
        1633134210, 
        "70"
      ], 
      [
        1633134225, 
        "64"
      ], 
      [
        1633134240, 
        "69"
      ], 
      [
        1633134255, 
        "72"
      ], 
      [
        1633134270, 
        "70"
      ], 
      [
        1633134285, 
        "70"
      ], 
      [
        1633134300, 
        "67"
      ], 
      [
        1633134315, 
        "68"
      ], 
      [
        1633134330, 
        "68"
      ], 
      [
        1633134345, 
        "72"
      ], 
      [
        1633134360, 
        "66"
      ], 
      [
        1633134375, 
        "60"
      ], 
      [
        1633134390, 
        "76"
      ], 
      [
        1633134405, 
        "76"
      ], 
      [
        1633134420, 
        "69"
      ], 
      [
        1633134435, 
        "65"
      ], 
      [
        1633134450, 
        "69"
      ], 
      [
        1633134465, 
        "74"
      ], 
      [
        1633134480, 
        "78"
      ], 
      [
        1633134495, 
        "66"
      ], 
      [
        1633134510, 
        "67"
      ]
    ]
  }, 
  "tcp_sends": {
    "metric": {}, 
    "values": [
      [
        1633134210, 
        "806912"
      ], 
      [
        1633134225, 
        "76800"
      ], 
      [
        1633134240, 
        "112640"
      ], 
      [
        1633134255, 
        "59392"
      ], 
      [
        1633134270, 
        "110592"
      ], 
      [
        1633134285, 
        "97280"
      ], 
      [
        1633134300, 
        "131072"
      ], 
      [
        1633134315, 
        "1545216"
      ], 
      [
        1633134330, 
        "14626816"
      ], 
      [
        1633134345, 
        "106496"
      ], 
      [
        1633134360, 
        "177152"
      ], 
      [
        1633134375, 
        "98304"
      ], 
      [
        1633134390, 
        "167936"
      ], 
      [
        1633134405, 
        "152576"
      ], 
      [
        1633134420, 
        "180224"
      ], 
      [
        1633134435, 
        "82944"
      ], 
      [
        1633134450, 
        "148480"
      ], 
      [
        1633134465, 
        "6681600"
      ], 
      [
        1633134480, 
        "1189888"
      ], 
      [
        1633134495, 
        "59392"
      ], 
      [
        1633134510, 
        "136192"
      ]
    ]
  }, 
  "dir_writes": {
    "metric": {
      "instance": "172.17.0.1:8000", 
      "hostname": "longz-chaosevm", 
      "pid": "27348", 
      "directory": "/data/eth-data", 
      "job": "syscall_monitoring", 
      "application_name": "geth"
    },