{
  "dir_read_c": {
    "metric": {
      "instance": "172.17.0.1:8000", 
      "hostname": "longz-chaosevm", 
      "pid": "27348", 
      "directory": "/data/eth-data", 
      "job": "syscall_monitoring", 
      "application_name": "geth", 
      "__name__": "dir_reads_total"
    }, 
    "values": [
      [
        1633135110, 
        "22118"
      ], 
      [
        1633135125, 
        "22191"
      ], 
      [
        1633135140, 
        "21785"
      ], 
      [
        1633135155, 
        "22568"
      ], 
      [
        1633135170, 
        "22431"
      ], 
      [
        1633135185, 
        "17529"
      ], 
      [
        1633135200, 
        "18537"
      ], 
      [
        1633135215, 
        "20079"
      ], 
      [
        1633135230, 
        "21091"
      ], 
      [
        1633135245, 
        "21359"
      ], 
      [
        1633135260, 
        "19726"
      ], 
      [
        1633135275, 
        "21204"
      ], 
      [
        1633135290, 
        "22012"
      ], 
      [
        1633135305, 
        "25695"
      ], 
      [
        1633135320, 
        "24918"
      ], 
      [
        1633135335, 
        "22986"
      ], 
      [
        1633135350, 
        "21702"
      ], 
      [
        1633135365, 
        "21749"
      ], 
      [
        1633135380, 
        "20266"
      ], 
      [
        1633135395, 
        "19821"
      ], 
      [
        1633135410, 
        "20203"
      ]
    ]
  }, 
  "stat": {
    "dir_read_c": {
      "max": 24918.0, 
      "mean": 21427.14285714286, 
      "variance": 3366845.170068027, 
      "pvalue": 0.048928452369791875, 
      "min": 18537.0
    }, 
    "dir_reads": {
      "max": 281138176.0, 
      "mean": 258388016.76190478, 
      "variance": 398575087234449.7, 
      "pvalue": 0.03366912017273814, 
      "min": 224873472.0
    }, 
    "tcp_conn": {
      "max": 26.0, 
      "mean": 24.476190476190474, 
      "variance": 1.1065759637188206, 
      "pvalue": 1.6526653304976648e-19, 
      "min": 23.0
    }, 
    "tcp_sends": {
      "max": 29398016.0, 
      "mean": 4829232.761904762, 
      "variance": 103479749413119.42, 
      "pvalue": 0.05653413233911309, 
      "min": 97280.0
    }, 
    "dir_writes": {
      "max": 638976.0, 
      "mean": 372979.8095238095, 
      "variance": 30435558007.58277, 
      "pvalue": 2.0976267880267303e-07, 
      "min": 196608.0
    }, 
    "dir_write_c": {
      "max": 282.0, 
      "mean": 164.23809523809524, 
      "variance": 12484.181405895692, 
      "pvalue": 0.12433065096858233, 
      "min": 34.0
    }, 
    "disk_write": {
      "max": 29238.50116609134, 
      "mean": 22203.394881833752, 
      "variance": 22777874.99215154, 
      "pvalue": 5.996530828663724e-07, 
      "min": 16431.992870375438
    }, 
    "disk_read": {
      "max": 18246519.319408882, 
      "mean": 17246152.366007987, 
      "variance": 368444514956.55896, 
      "pvalue": 5.7673782610710844e-05, 
      "min": 16455836.26078053
    }, 
    "peer_stats": {
      "max": 20.0, 
      "mean": 19.8, 
      "variance": 0.15999999999999995, 
      "pvalue": 1.2026467019345983e-18, 
      "min": 19.0
    }, 
    "tcp_recvs": {
      "max": 1619968.0, 
      "mean": 1091827.8095238095, 
      "variance": 215768569804.91608, 
      "pvalue": 1.4489757158444514e-11, 
      "min": 403456.0
    }
  }, 
  "dir_reads": {
    "metric": {
      "instance": "172.17.0.1:8000", 
      "hostname": "longz-chaosevm", 
      "pid": "27348", 
      "directory": "/data/eth-data", 
      "job": "syscall_monitoring", 
      "application_name": "geth"
    }, 
    "values": [
      [
        1633135110, 
        "281138176"
      ], 
      [
        1633135125, 
        "277424128"
      ], 
      [
        1633135140, 
        "269975552"
      ], 
      [
        1633135155, 
        "257510400"
      ], 
      [
        1633135170, 
        "265977856"
      ], 
      [
        1633135185, 
        "214213632"
      ], 
      [
        1633135200, 
        "224873472"
      ], 
      [
        1633135215, 
        "242316288"
      ], 
      [
        1633135230, 
        "256673792"
      ], 
      [
        1633135245, 
        "261045248"
      ], 
      [
        1633135260, 
        "240102400"
      ], 
      [
        1633135275, 
        "258314240"
      ], 
      [
        1633135290, 
        "261184512"
      ], 
      [
        1633135305, 
        "306640896"
      ], 
      [
        1633135320, 
        "277893120"
      ], 
      [
        1633135335, 
        "274970624"
      ], 
      [
        1633135350, 
        "263211008"
      ], 
      [
        1633135365, 
        "259448832"
      ], 
      [
        1633135380, 
        "244703232"
      ], 
      [
        1633135395, 
        "241259520"
      ], 
      [
        1633135410, 
        "247271424"
      ]
    ]
  }, 
  "tcp_conn": {
    "metric": {}, 
    "values": [
      [
        1633135110, 
        "26"
      ], 
      [
        1633135125, 
        "23"
      ], 
      [
        1633135140, 
        "24"
      ], 
      [
        1633135155, 
        "23"
      ], 
      [
        1633135170, 
        "24"
      ], 
      [
        1633135185, 
        "23"
      ], 
      [
        1633135200, 
        "24"
      ], 
      [
        1633135215, 
        "24"
      ], 
      [
        1633135230, 
        "25"
      ], 
      [
        1633135245, 
        "25"
      ], 
      [
        1633135260, 
        "26"
      ], 
      [
        1633135275, 
        "26"
      ], 
      [
        1633135290, 
        "24"
      ], 
      [
        1633135305, 
        "25"
      ], 
      [
        1633135320, 
        "23"
      ], 
      [
        1633135335, 
        "25"
      ], 
      [
        1633135350, 
        "23"
      ], 
      [
        1633135365, 
        "25"
      ], 
      [
        1633135380, 
        "25"
      ], 
      [
        1633135395, 
        "26"
      ], 
      [
        1633135410, 
        "25"
      ]
    ]
  }, 
  "tcp_sends": {
    "metric": {}, 
    "values": [
      [
        1633135110, 
        "100352"
      ], 
      [
        1633135125, 
        "155648"
      ], 
      [
        1633135140, 
        "95232"
      ], 
      [
        1633135155, 
        "8705024"
      ], 
      [
        1633135170, 
        "29398016"
      ], 
      [
        1633135185, 
        "134144"
      ], 
      [
        1633135200, 
        "97280"
      ], 
      [
        1633135215, 
        "153600"
      ], 
      [
        1633135230, 
        "115712"
      ], 
      [
        1633135245, 
        "169984"
      ], 
      [
        1633135260, 
        "113664"
      ], 
      [
        1633135275, 
        "185344"
      ], 
      [
        1633135290, 
        "7185408"
      ], 
      [
        1633135305, 
        "39022592"
      ], 
      [
        1633135320, 
        "11684864"
      ], 
      [
        1633135335, 
        "3404800"
      ], 
      [
        1633135350, 
        "116736"
      ], 
      [
        1633135365, 
        "176128"
      ], 
      [
        1633135380, 
        "107520"
      ], 
      [
        1633135395, 
        "167936"
      ], 
      [
        1633135410, 
        "123904"
      ]
    ]
  }, 
  "dir_writes": {
    "metric": {
      "instance": "172.17.0.1:8000", 
      "hostname": "longz-chaosevm", 
      "pid": "27348", 
      "directory": "/data/eth-data", 
      "job": "syscall_monitoring", 
      "application_name": "geth"
    },