{
  "dir_read_c": {
    "metric": {
      "instance": "172.17.0.1:8000", 
      "hostname": "longz-chaosevm", 
      "pid": "27348", 
      "directory": "/data/eth-data", 
      "job": "syscall_monitoring", 
      "application_name": "geth", 
      "__name__": "dir_reads_total"
    }, 
    "values": [
      [
        1633135414, 
        "20488"
      ], 
      [
        1633135429, 
        "20644"
      ], 
      [
        1633135444, 
        "21629"
      ], 
      [
        1633135459, 
        "21534"
      ], 
      [
        1633135474, 
        "70907"
      ], 
      [
        1633135489, 
        "67012"
      ], 
      [
        1633135504, 
        "60511"
      ], 
      [
        1633135519, 
        "43933"
      ], 
      [
        1633135534, 
        "30182"
      ], 
      [
        1633135549, 
        "28570"
      ], 
      [
        1633135564, 
        "30537"
      ], 
      [
        1633135579, 
        "29085"
      ], 
      [
        1633135594, 
        "27973"
      ], 
      [
        1633135609, 
        "27538"
      ], 
      [
        1633135624, 
        "28274"
      ], 
      [
        1633135639, 
        "27881"
      ], 
      [
        1633135654, 
        "27103"
      ], 
      [
        1633135669, 
        "27150"
      ], 
      [
        1633135684, 
        "27044"
      ], 
      [
        1633135699, 
        "27702"
      ], 
      [
        1633135714, 
        "27782"
      ]
    ]
  }, 
  "stat": {
    "dir_read_c": {
      "max": 67012.0, 
      "mean": 33022.80952380953, 
      "variance": 207261502.6303855, 
      "pvalue": 6.7901173654139574e-09, 
      "min": 20644.0
    }, 
    "dir_reads": {
      "max": 904049664.0, 
      "mean": 410623609.9047619, 
      "variance": 4.622523080413532e+16, 
      "pvalue": 8.24930410244529e-09, 
      "min": 249090048.0
    }, 
    "tcp_conn": {
      "max": 25.0, 
      "mean": 23.38095238095238, 
      "variance": 1.2834467120181405, 
      "pvalue": 1.6526653304976648e-19, 
      "min": 21.0
    }, 
    "tcp_sends": {
      "max": 179200.0, 
      "mean": 113566.47619047618, 
      "variance": 1737730582.0589573, 
      "pvalue": 3.184333707504906e-05, 
      "min": 63488.0
    }, 
    "dir_writes": {
      "max": 1369088.0, 
      "mean": 672426.6666666666, 
      "variance": 3786275349390.221, 
      "pvalue": 0.29096438504297367, 
      "min": 3072.0
    }, 
    "dir_write_c": {
      "max": 333.0, 
      "mean": 163.04761904761904, 
      "variance": 14792.997732426304, 
      "pvalue": 0.00953359618368809, 
      "min": 25.0
    }, 
    "disk_write": {
      "max": 138496.86663273195, 
      "mean": 47112.18713828985, 
      "variance": 1984066703.1081367, 
      "pvalue": 0.0003379479712382777, 
      "min": 10983.804384039926
    }, 
    "disk_read": {
      "max": 36655338.453927144, 
      "mean": 26604321.85199472, 
      "variance": 41534950816039.73, 
      "pvalue": 1.20483526020478e-08, 
      "min": 16934167.524578877
    }, 
    "peer_stats": {
      "max": 19.025, 
      "mean": 18.675, 
      "variance": 0.2568750000000001, 
      "pvalue": 1.2026467019345983e-18, 
      "min": 18.0
    }, 
    "tcp_recvs": {
      "max": 1738752.0, 
      "mean": 1140199.619047619, 
      "variance": 846749149272.2357, 
      "pvalue": 1.2263600781104227e-10, 
      "min": 461824.0
    }
  }, 
  "dir_reads": {
    "metric": {
      "instance": "172.17.0.1:8000", 
      "hostname": "longz-chaosevm", 
      "pid": "27348", 
      "directory": "/data/eth-data", 
      "job": "syscall_monitoring", 
      "application_name": "geth"
    }, 
    "values": [
      [
        1633135414, 
        "249090048"
      ], 
      [
        1633135429, 
        "245417984"
      ], 
      [
        1633135444, 
        "266412032"
      ], 
      [
        1633135459, 
        "269171712"
      ], 
      [
        1633135474, 
        "1044614144"
      ], 
      [
        1633135489, 
        "904049664"
      ], 
      [
        1633135504, 
        "766836736"
      ], 
      [
        1633135519, 
        "561800192"
      ], 
      [
        1633135534, 
        "319470592"
      ], 
      [
        1633135549, 
        "321283072"
      ], 
      [
        1633135564, 
        "342845440"
      ], 
      [
        1633135579, 
        "342465536"
      ], 
      [
        1633135594, 
        "343550976"
      ], 
      [
        1633135609, 
        "319305728"
      ], 
      [
        1633135624, 
        "343638016"
      ], 
      [
        1633135639, 
        "331074560"
      ], 
      [
        1633135654, 
        "330136576"
      ], 
      [
        1633135669, 
        "329309184"
      ], 
      [
        1633135684, 
        "326574080"
      ], 
      [
        1633135699, 
        "331949056"
      ], 
      [
        1633135714, 
        "334100480"
      ]
    ]
  }, 
  "tcp_conn": {
    "metric": {}, 
    "values": [
      [
        1633135414, 
        "24"
      ], 
      [
        1633135429, 
        "24"
      ], 
      [
        1633135444, 
        "25"
      ], 
      [
        1633135459, 
        "24"
      ], 
      [
        1633135474, 
        "23"
      ], 
      [
        1633135489, 
        "24"
      ], 
      [
        1633135504, 
        "24"
      ], 
      [
        1633135519, 
        "24"
      ], 
      [
        1633135534, 
        "25"
      ], 
      [
        1633135549, 
        "24"
      ], 
      [
        1633135564, 
        "23"
      ], 
      [
        1633135579, 
        "20"
      ], 
      [
        1633135594, 
        "21"
      ], 
      [
        1633135609, 
        "23"
      ], 
      [
        1633135624, 
        "23"
      ], 
      [
        1633135639, 
        "23"
      ], 
      [
        1633135654, 
        "24"
      ], 
      [
        1633135669, 
        "23"
      ], 
      [
        1633135684, 
        "24"
      ], 
      [
        1633135699, 
        "23"
      ], 
      [
        1633135714, 
        "23"
      ]
    ]
  }, 
  "tcp_sends": {
    "metric": {}, 
    "values": [
      [
        1633135414, 
        "179200"
      ], 
      [
        1633135429, 
        "145408"
      ], 
      [
        1633135444, 
        "220160"
      ], 
      [
        1633135459, 
        "131072"
      ], 
      [
        1633135474, 
        "153600"
      ], 
      [
        1633135489, 
        "65536"
      ], 
      [
        1633135504, 
        "108544"
      ], 
      [
        1633135519, 
        "72704"
      ], 
      [
        1633135534, 
        "111616"
      ], 
      [
        1633135549, 
        "68608"
      ], 
      [
        1633135564, 
        "116736"
      ], 
      [
        1633135579, 
        "62464"
      ], 
      [
        1633135594, 
        "121856"
      ], 
      [
        1633135609, 
        "63488"
      ], 
      [
        1633135624, 
        "125952"
      ], 
      [
        1633135639, 
        "70656"
      ], 
      [
        1633135654, 
        "130048"
      ], 
      [
        1633135669, 
        "69632"
      ], 
      [
        1633135684, 
        "143360"
      ], 
      [
        1633135699, 
        "83968"
      ], 
      [
        1633135714, 
        "140288"
      ]
    ]
  }, 
  "dir_writes": {
    "metric": {
      "instance": "172.17.0.1:8000", 
      "hostname": "longz-chaosevm", 
      "pid": "27348", 
      "directory": "/data/eth-data", 
      "job": "syscall_monitoring", 
      "application_name": "geth"
    },