{
  "dir_read_c": {
    "metric": {
      "instance": "172.17.0.1:8000", 
      "hostname": "longz-experiment", 
      "pid": "22304", 
      "directory": "/data/blockchain/eth-data", 
      "job": "syscall_monitoring", 
      "application_name": "openethereum", 
      "__name__": "dir_reads_total"
    }, 
    "values": [
      [
        1632276434, 
        "120675"
      ], 
      [
        1632276449, 
        "97492"
      ], 
      [
        1632276464, 
        "137057"
      ], 
      [
        1632276479, 
        "139138"
      ], 
      [
        1632276494, 
        "200072"
      ], 
      [
        1632276509, 
        "148865"
      ], 
      [
        1632276524, 
        "189685"
      ], 
      [
        1632276539, 
        "250965"
      ], 
      [
        1632276554, 
        "156269"
      ], 
      [
        1632276569, 
        "158102"
      ], 
      [
        1632276584, 
        "142226"
      ], 
      [
        1632276599, 
        "98019"
      ], 
      [
        1632276614, 
        "137535"
      ], 
      [
        1632276629, 
        "23987"
      ], 
      [
        1632276644, 
        "73746"
      ], 
      [
        1632276659, 
        "237060"
      ], 
      [
        1632276674, 
        "220942"
      ], 
      [
        1632276689, 
        "106663"
      ], 
      [
        1632276704, 
        "129489"
      ], 
      [
        1632276719, 
        "208598"
      ], 
      [
        1632276734, 
        "241998"
      ]
    ]
  }, 
  "stat": {
    "dir_read_c": {
      "max": 241998.0, 
      "mean": 153265.85714285713, 
      "variance": 3308618282.59864, 
      "min": 73746.0
    }, 
    "dir_reads": {
      "max": 4966182912.0, 
      "mean": 3136393947.428571, 
      "variance": 1.4091114435987889e+18, 
      "min": 1474021376.0
    }, 
    "tcp_conn": {
      "max": 164.0, 
      "mean": 79.14285714285714, 
      "variance": 8959.931972789116, 
      "min": 10.0
    }, 
    "kvdb_bytes_read": {
      "max": 1064774.31, 
      "mean": 566195.5720733332, 
      "variance": 130987198726.35674, 
      "min": 31631.186048000003
    }, 
    "tcp_sends": {
      "max": 387072.0, 
      "mean": 129511.61904761905, 
      "variance": 34455969587.66439, 
      "min": 23552.0
    }, 
    "dir_writes": {
      "max": 591265792.0, 
      "mean": 266837382.0952381, 
      "variance": 4.113774255652783e+16, 
      "min": 30138368.0
    }, 
    "kvdb_bytes_write": {
      "max": 1227540.1850000017, 
      "mean": 433859.8733546667, 
      "variance": 620892362368.6862, 
      "min": 0.0
    }, 
    "dir_write_c": {
      "max": 20620.0, 
      "mean": 3660.714285714286, 
      "variance": 101362840.96598637, 
      "min": 215.0
    }, 
    "peer_stats": {
      "max": 10.25, 
      "mean": 8.6875, 
      "variance": 1.58984375, 
      "min": 6.75
    }, 
    "tcp_recvs": {
      "max": 3310592.0, 
      "mean": 1178819.0476190476, 
      "variance": 1461135592682.5217, 
      "min": 83968.0
    }
  }, 
  "dir_reads": {
    "metric": {
      "instance": "172.17.0.1:8000", 
      "hostname": "longz-experiment", 
      "pid": "22304", 
      "directory": "/data/blockchain/eth-data", 
      "job": "syscall_monitoring", 
      "application_name": "openethereum"
    }, 
    "values": [
      [
        1632276434, 
        "2425406464"
      ], 
      [
        1632276449, 
        "2003631104"
      ], 
      [
        1632276464, 
        "2733813760"
      ], 
      [
        1632276479, 
        "2840653824"
      ], 
      [
        1632276494, 
        "4092979200"
      ], 
      [
        1632276509, 
        "3074101248"
      ], 
      [
        1632276524, 
        "3816346624"
      ], 
      [
        1632276539, 
        "5122681856"
      ], 
      [
        1632276554, 
        "3225324544"
      ], 
      [
        1632276569, 
        "3331809280"
      ], 
      [
        1632276584, 
        "2747481088"
      ], 
      [
        1632276599, 
        "2125712384"
      ], 
      [
        1632276614, 
        "2991863808"
      ], 
      [
        1632276629, 
        "436128768"
      ], 
      [
        1632276644, 
        "1474021376"
      ], 
      [
        1632276659, 
        "4906231808"
      ], 
      [
        1632276674, 
        "4562478080"
      ], 
      [
        1632276689, 
        "2171968512"
      ], 
      [
        1632276704, 
        "2589076480"
      ], 
      [
        1632276719, 
        "4226379776"
      ], 
      [
        1632276734, 
        "4966182912"
      ]
    ]
  }, 
  "tcp_conn": {
    "metric": {}, 
    "values": [
      [
        1632276434, 
        "1"
      ], 
      [
        1632276449, 
        "68"
      ], 
      [
        1632276464, 
        "49"
      ], 
      [
        1632276479, 
        "12"
      ], 
      [
        1632276494, 
        "31"
      ], 
      [
        1632276509, 
        "122"
      ], 
      [
        1632276524, 
        "37"
      ], 
      [
        1632276539, 
        "39"
      ], 
      [
        1632276554, 
        "127"
      ], 
      [
        1632276569, 
        "122"
      ], 
      [
        1632276584, 
        "40"
      ], 
      [
        1632276599, 
        "90"
      ], 
      [
        1632276614, 
        "151"
      ], 
      [
        1632276629, 
        "445"
      ], 
      [
        1632276644, 
        "164"
      ], 
      [
        1632276659, 
        "36"
      ], 
      [
        1632276674, 
        "10"
      ], 
      [
        1632276689, 
        "31"
      ], 
      [
        1632276704, 
        "46"
      ], 
      [
        1632276719, 
        "16"
      ], 
      [
        1632276734, 
        "25"
      ]
    ]
  }, 
  "kvdb_bytes_read": {
    "metric": {
      "instance": "172.17.0.1:3033", 
      "job": "openethereum"
    }, 
    "values": [
      [
        1632276434, 
        "3098.62096"
      ], 
      [
        1632276449, 
        "542952.1"
      ], 
      [
        1632276464, 
        "98338.03952"
      ], 
      [
        1632276479, 
        "894135"
      ], 
      [
        1632276494, 
        "587173.3432533334"
      ], 
      [
        1632276509, 
        "498656.6266666667"
      ], 
      [
        1632276524, 
        "1052325.4"
      ], 
      [
        1632276539, 
        "1130558.2"
      ], 
      [
        1632276554, 
        "281795.05184"
      ], 
      [
        1632276584, 
        "391752.3"
      ], 
      [
        1632276599, 
        "214189.77197333335"
      ], 
      [
        1632276614, 
        "33132.9"
      ], 
      [
        1632276629, 
        "100817.6"
      ], 
      [
        1632276644, 
        "1061312"
      ], 
      [
        1632276659, 
        "1027447.9"
      ], 
      [
        1632276674, 
        "609975.5"
      ], 
      [
        1632276689, 
        "439749"
      ], 
      [
        1632276704, 
        "696399.7"
      ], 
      [
        1632276719, 
        "675269.2872533334"
      ], 
      [
        1632276734, 
        "984833.1"
      ]
    ]
  }, 
  "tcp_sends": {
    "metric": {},