{
  "dir_read_c": {
    "metric": {
      "instance": "172.17.0.1:8000", 
      "hostname": "longz-experiment", 
      "pid": "25710", 
      "directory": "/data/blockchain/eth-data", 
      "job": "syscall_monitoring", 
      "application_name": "openethereum", 
      "__name__": "dir_reads_total"
    }, 
    "values": [
      [
        1632284764, 
        "29931"
      ], 
      [
        1632284779, 
        "149410"
      ], 
      [
        1632284794, 
        "105498"
      ], 
      [
        1632284809, 
        "128989"
      ], 
      [
        1632284824, 
        "133910"
      ], 
      [
        1632284839, 
        "57520"
      ], 
      [
        1632284854, 
        "24913"
      ], 
      [
        1632284869, 
        "71481"
      ], 
      [
        1632284884, 
        "109541"
      ], 
      [
        1632284899, 
        "111787"
      ], 
      [
        1632284914, 
        "114461"
      ], 
      [
        1632284929, 
        "121899"
      ], 
      [
        1632284944, 
        "109762"
      ], 
      [
        1632284959, 
        "32801"
      ], 
      [
        1632284974, 
        "100409"
      ], 
      [
        1632284989, 
        "80787"
      ], 
      [
        1632285004, 
        "101140"
      ], 
      [
        1632285019, 
        "140428"
      ], 
      [
        1632285034, 
        "156775"
      ], 
      [
        1632285049, 
        "111547"
      ], 
      [
        1632285064, 
        "155370"
      ]
    ]
  }, 
  "stat": {
    "dir_read_c": {
      "max": 155370.0, 
      "mean": 102302.80952380953, 
      "variance": 1498729715.9637184, 
      "min": 29931.0
    }, 
    "dir_reads": {
      "max": 3032096768.0, 
      "mean": 2037854793.142857, 
      "variance": 5.970214712361686e+17, 
      "min": 597038080.0
    }, 
    "tcp_conn": {
      "max": 333.0, 
      "mean": 133.85714285714286, 
      "variance": 16494.69387755102, 
      "min": 0.0
    }, 
    "kvdb_bytes_read": {
      "max": 556368.55, 
      "mean": 356967.87783567543, 
      "variance": 29247989260.505077, 
      "min": 38380.924462701616
    }, 
    "tcp_sends": {
      "max": 532480.0, 
      "mean": 175347.80952380953, 
      "variance": 32280152988.154198, 
      "min": 0.0
    }, 
    "dir_writes": {
      "max": 264860672.0, 
      "mean": 224714313.14285713, 
      "variance": 2705084966197457.5, 
      "min": 159545344.0
    }, 
    "kvdb_bytes_write": {
      "max": 1883496.1249999998, 
      "mean": 514911.8032616667, 
      "variance": 643421963976.7367, 
      "min": 0.0
    }, 
    "dir_write_c": {
      "max": 3628.0, 
      "mean": 2794.190476190476, 
      "variance": 95453222.2494331, 
      "min": 158.0
    }, 
    "peer_stats": {
      "max": 15.0, 
      "mean": 10.428571428571429, 
      "variance": 7.102040816326529, 
      "min": 7.65
    }, 
    "tcp_recvs": {
      "max": 7143424.0, 
      "mean": 1519274.6666666667, 
      "variance": 5448995821405.46, 
      "min": 1024.0
    }
  }, 
  "dir_reads": {
    "metric": {
      "instance": "172.17.0.1:8000", 
      "hostname": "longz-experiment", 
      "pid": "25710", 
      "directory": "/data/blockchain/eth-data", 
      "job": "syscall_monitoring", 
      "application_name": "openethereum"
    }, 
    "values": [
      [
        1632284764, 
        "597038080"
      ], 
      [
        1632284779, 
        "2981628928"
      ], 
      [
        1632284794, 
        "2064103424"
      ], 
      [
        1632284809, 
        "2571850752"
      ], 
      [
        1632284824, 
        "2687570944"
      ], 
      [
        1632284839, 
        "1125536768"
      ], 
      [
        1632284854, 
        "444345344"
      ], 
      [
        1632284869, 
        "1407910912"
      ], 
      [
        1632284884, 
        "2248336384"
      ], 
      [
        1632284899, 
        "2153149440"
      ], 
      [
        1632284914, 
        "2308766720"
      ], 
      [
        1632284929, 
        "2457470976"
      ], 
      [
        1632284944, 
        "2177219584"
      ], 
      [
        1632284959, 
        "648700928"
      ], 
      [
        1632284974, 
        "2121679872"
      ], 
      [
        1632284989, 
        "1723657216"
      ], 
      [
        1632285004, 
        "1988129792"
      ], 
      [
        1632285019, 
        "2739055616"
      ], 
      [
        1632285034, 
        "3148097536"
      ], 
      [
        1632285049, 
        "2168604672"
      ], 
      [
        1632285064, 
        "3032096768"
      ]
    ]
  }, 
  "tcp_conn": {
    "metric": {}, 
    "values": [
      [
        1632284764, 
        "333"
      ], 
      [
        1632284779, 
        "101"
      ], 
      [
        1632284794, 
        "212"
      ], 
      [
        1632284809, 
        "234"
      ], 
      [
        1632284824, 
        "36"
      ], 
      [
        1632284839, 
        "0"
      ], 
      [
        1632284854, 
        "228"
      ], 
      [
        1632284869, 
        "233"
      ], 
      [
        1632284884, 
        "99"
      ], 
      [
        1632284899, 
        "2"
      ], 
      [
        1632284914, 
        "63"
      ], 
      [
        1632284929, 
        "28"
      ], 
      [
        1632284944, 
        "126"
      ], 
      [
        1632284959, 
        "514"
      ], 
      [
        1632284974, 
        "193"
      ], 
      [
        1632284989, 
        "217"
      ], 
      [
        1632285004, 
        "35"
      ], 
      [
        1632285019, 
        "22"
      ], 
      [
        1632285034, 
        "20"
      ], 
      [
        1632285049, 
        "115"
      ], 
      [
        1632285064, 
        "0"
      ]
    ]
  }, 
  "kvdb_bytes_read": {
    "metric": {
      "instance": "172.17.0.1:3033", 
      "job": "openethereum"
    }, 
    "values": [
      [
        1632284764, 
        "627250.3"
      ], 
      [
        1632284779, 
        "451046.8"
      ], 
      [
        1632284794, 
        "462228.2"
      ], 
      [
        1632284809, 
        "532741.3"
      ], 
      [
        1632284839, 
        "25486.793210806463"
      ], 
      [
        1632284854, 
        "354581.9"
      ], 
      [
        1632284869, 
        "288758.18394666666"
      ], 
      [
        1632284884, 
        "249946.2"
      ], 
      [
        1632284899, 
        "495099.8"
      ], 
      [
        1632284929, 
        "383538.7"
      ], 
      [
        1632284944, 
        "93400.6"
      ], 
      [
        1632284959, 
        "422301.9"
      ], 
      [
        1632284974, 
        "42678.96821333333"
      ], 
      [
        1632284989, 
        "429501.6"
      ], 
      [
        1632285019, 
        "500206.7"
      ], 
      [
        1632285034, 
        "352718.1"
      ]
    ]
  }, 
  "tcp_sends": {
    "metric": {},