{
  "dir_read_c": {
    "metric": {
      "instance": "172.17.0.1:8000", 
      "hostname": "longz-experiment", 
      "pid": "25710", 
      "directory": "/data/blockchain/eth-data", 
      "job": "syscall_monitoring", 
      "application_name": "openethereum", 
      "__name__": "dir_reads_total"
    }, 
    "values": [
      [
        1632284462, 
        "179144"
      ], 
      [
        1632284477, 
        "93891"
      ], 
      [
        1632284492, 
        "175558"
      ], 
      [
        1632284507, 
        "133600"
      ], 
      [
        1632284522, 
        "26068"
      ], 
      [
        1632284537, 
        "38532"
      ], 
      [
        1632284552, 
        "32381"
      ], 
      [
        1632284567, 
        "46600"
      ], 
      [
        1632284582, 
        "24087"
      ], 
      [
        1632284597, 
        "36245"
      ], 
      [
        1632284612, 
        "45567"
      ], 
      [
        1632284627, 
        "32636"
      ], 
      [
        1632284642, 
        "60046"
      ], 
      [
        1632284657, 
        "59091"
      ], 
      [
        1632284672, 
        "119167"
      ], 
      [
        1632284687, 
        "137417"
      ], 
      [
        1632284702, 
        "127922"
      ], 
      [
        1632284717, 
        "54640"
      ], 
      [
        1632284732, 
        "32202"
      ], 
      [
        1632284747, 
        "36720"
      ], 
      [
        1632284762, 
        "29931"
      ]
    ]
  }, 
  "stat": {
    "dir_read_c": {
      "max": 175558.0, 
      "mean": 72449.76190476191, 
      "variance": 2503869437.7052155, 
      "min": 26068.0
    }, 
    "dir_reads": {
      "max": 3453371392.0, 
      "mean": 1443913142.857143, 
      "variance": 1.0760157379922751e+18, 
      "min": 488694784.0
    }, 
    "tcp_conn": {
      "max": 475.0, 
      "mean": 249.52380952380952, 
      "variance": 23980.24943310657, 
      "min": 2.0
    }, 
    "kvdb_bytes_read": {
      "max": 742544.9750000001, 
      "mean": 267347.02916990477, 
      "variance": 53177222959.86009, 
      "min": 37577.47
    }, 
    "tcp_sends": {
      "max": 962560.0, 
      "mean": 385511.61904761905, 
      "variance": 187976583646.3311, 
      "min": 14336.0
    }, 
    "dir_writes": {
      "max": 630722560.0, 
      "mean": 286815670.85714287, 
      "variance": 3.248010645297183e+16, 
      "min": 42441728.0
    }, 
    "kvdb_bytes_write": {
      "max": 6672808.224148009, 
      "mean": 1589838.1921220233, 
      "variance": 14665911790051.803, 
      "min": 0.0
    }, 
    "dir_write_c": {
      "max": 12528.0, 
      "mean": 4613.0952380952385, 
      "variance": 108932264.08616781, 
      "min": 158.0
    }, 
    "peer_stats": {
      "max": 19.0, 
      "mean": 16.0, 
      "variance": 3.2222222222222223, 
      "min": 12.85
    }, 
    "tcp_recvs": {
      "max": 38284288.0, 
      "mean": 12961353.142857144, 
      "variance": 176032251986031.44, 
      "min": 494592.0
    }
  }, 
  "dir_reads": {
    "metric": {
      "instance": "172.17.0.1:8000", 
      "hostname": "longz-experiment", 
      "pid": "25710", 
      "directory": "/data/blockchain/eth-data", 
      "job": "syscall_monitoring", 
      "application_name": "openethereum"
    }, 
    "values": [
      [
        1632284462, 
        "3877597184"
      ], 
      [
        1632284477, 
        "1787767808"
      ], 
      [
        1632284492, 
        "3453371392"
      ], 
      [
        1632284507, 
        "2680743936"
      ], 
      [
        1632284522, 
        "488694784"
      ], 
      [
        1632284537, 
        "750304256"
      ], 
      [
        1632284552, 
        "643463168"
      ], 
      [
        1632284567, 
        "954486784"
      ], 
      [
        1632284582, 
        "431298560"
      ], 
      [
        1632284597, 
        "555998208"
      ], 
      [
        1632284612, 
        "857184256"
      ], 
      [
        1632284627, 
        "719794176"
      ], 
      [
        1632284642, 
        "1193379840"
      ], 
      [
        1632284657, 
        "1167952896"
      ], 
      [
        1632284672, 
        "2458458112"
      ], 
      [
        1632284687, 
        "2724947968"
      ], 
      [
        1632284702, 
        "2537933824"
      ], 
      [
        1632284717, 
        "1084272640"
      ], 
      [
        1632284732, 
        "616416256"
      ], 
      [
        1632284747, 
        "741071872"
      ], 
      [
        1632284762, 
        "597038080"
      ]
    ]
  }, 
  "tcp_conn": {
    "metric": {}, 
    "values": [
      [
        1632284462, 
        "139"
      ], 
      [
        1632284477, 
        "2"
      ], 
      [
        1632284492, 
        "78"
      ], 
      [
        1632284507, 
        "20"
      ], 
      [
        1632284522, 
        "505"
      ], 
      [
        1632284537, 
        "361"
      ], 
      [
        1632284552, 
        "309"
      ], 
      [
        1632284567, 
        "391"
      ], 
      [
        1632284582, 
        "200"
      ], 
      [
        1632284597, 
        "374"
      ], 
      [
        1632284612, 
        "475"
      ], 
      [
        1632284627, 
        "321"
      ], 
      [
        1632284642, 
        "374"
      ], 
      [
        1632284657, 
        "264"
      ], 
      [
        1632284672, 
        "46"
      ], 
      [
        1632284687, 
        "244"
      ], 
      [
        1632284702, 
        "2"
      ], 
      [
        1632284717, 
        "93"
      ], 
      [
        1632284732, 
        "376"
      ], 
      [
        1632284747, 
        "333"
      ], 
      [
        1632284762, 
        "333"
      ]
    ]
  }, 
  "kvdb_bytes_read": {
    "metric": {
      "instance": "172.17.0.1:3033", 
      "job": "openethereum"
    }, 
    "values": [
      [
        1632284477, 
        "400317.55608000007"
      ], 
      [
        1632284492, 
        "487022.33275809564"
      ], 
      [
        1632284507, 
        "84343.6"
      ], 
      [
        1632284522, 
        "163273.2"
      ], 
      [
        1632284537, 
        "113344.3"
      ], 
      [
        1632284552, 
        "175360"
      ], 
      [
        1632284567, 
        "42525.2"
      ], 
      [
        1632284582, 
        "38863.5"
      ], 
      [
        1632284597, 
        "177091.1"
      ], 
      [
        1632284612, 
        "196520.9"
      ], 
      [
        1632284627, 
        "411191.3"
      ], 
      [
        1632284642, 
        "374493.1"
      ], 
      [
        1632284657, 
        "771217.4"
      ], 
      [
        1632284672, 
        "741035.9"
      ], 
      [
        1632284687, 
        "273201.39456000004"
      ], 
      [
        1632284702, 
        "13142.9"
      ], 
      [
        1632284717, 
        "116698.8"
      ], 
      [
        1632284732, 
        "68630.3"
      ], 
      [
        1632284747, 
        "71417.5"
      ], 
      [
        1632284762, 
        "627250.3"
      ]
    ]
  }, 
  "tcp_sends": {
    "metric": {},