{
  "dir_read_c": {
    "metric": {
      "instance": "172.17.0.1:8000", 
      "hostname": "longz-experiment", 
      "pid": "25710", 
      "directory": "/data/blockchain/eth-data", 
      "job": "syscall_monitoring", 
      "application_name": "openethereum", 
      "__name__": "dir_reads_total"
    }, 
    "values": [
      [
        1632285367, 
        "158432"
      ], 
      [
        1632285382, 
        "137966"
      ], 
      [
        1632285397, 
        "205304"
      ], 
      [
        1632285412, 
        "168002"
      ], 
      [
        1632285427, 
        "99995"
      ], 
      [
        1632285442, 
        "236920"
      ], 
      [
        1632285457, 
        "90774"
      ], 
      [
        1632285472, 
        "45718"
      ], 
      [
        1632285487, 
        "158727"
      ], 
      [
        1632285502, 
        "82136"
      ], 
      [
        1632285517, 
        "37597"
      ], 
      [
        1632285532, 
        "78866"
      ], 
      [
        1632285547, 
        "24733"
      ], 
      [
        1632285562, 
        "31274"
      ], 
      [
        1632285577, 
        "33412"
      ], 
      [
        1632285592, 
        "76817"
      ], 
      [
        1632285607, 
        "112981"
      ], 
      [
        1632285622, 
        "89035"
      ], 
      [
        1632285637, 
        "67363"
      ], 
      [
        1632285652, 
        "109288"
      ], 
      [
        1632285667, 
        "94003"
      ]
    ]
  }, 
  "stat": {
    "dir_read_c": {
      "max": 205304.0, 
      "mean": 101873.47619047618, 
      "variance": 3200888397.4875283, 
      "min": 31274.0
    }, 
    "dir_reads": {
      "max": 3962012672.0, 
      "mean": 1941760146.2857144, 
      "variance": 1.3047524841132155e+18, 
      "min": 490281984.0
    }, 
    "tcp_conn": {
      "max": 203.0, 
      "mean": 79.66666666666667, 
      "variance": 12690.22222222222, 
      "min": 0.0
    }, 
    "kvdb_bytes_read": {
      "max": 854468.175804, 
      "mean": 298219.0561167576, 
      "variance": 80251595819.45657, 
      "min": 23762.895676
    }, 
    "tcp_sends": {
      "max": 148480.0, 
      "mean": 47786.666666666664, 
      "variance": 1854914299.9365077, 
      "min": 0.0
    }, 
    "dir_writes": {
      "max": 303567872.0, 
      "mean": 235644099.04761904, 
      "variance": 1642848636969536.0, 
      "min": 184574976.0
    }, 
    "kvdb_bytes_write": {
      "max": 1231950.5628543303, 
      "mean": 357944.7194393872, 
      "variance": 280901617434.8807, 
      "min": 0.0
    }, 
    "dir_write_c": {
      "max": 6570.0, 
      "mean": 3108.6666666666665, 
      "variance": 87867184.79365079, 
      "min": 199.0
    }, 
    "peer_stats": {
      "max": 6.0, 
      "mean": 1.9285714285714286, 
      "variance": 5.637755102040818, 
      "min": 0.0
    }, 
    "tcp_recvs": {
      "max": 989184.0, 
      "mean": 225182.47619047618, 
      "variance": 105488733376.72563, 
      "min": 0.0
    }
  }, 
  "dir_reads": {
    "metric": {
      "instance": "172.17.0.1:8000", 
      "hostname": "longz-experiment", 
      "pid": "25710", 
      "directory": "/data/blockchain/eth-data", 
      "job": "syscall_monitoring", 
      "application_name": "openethereum"
    }, 
    "values": [
      [
        1632285367, 
        "3211334656"
      ], 
      [
        1632285382, 
        "2814988288"
      ], 
      [
        1632285397, 
        "3962012672"
      ], 
      [
        1632285412, 
        "3263546368"
      ], 
      [
        1632285427, 
        "1917153280"
      ], 
      [
        1632285442, 
        "4630584320"
      ], 
      [
        1632285457, 
        "1829040128"
      ], 
      [
        1632285472, 
        "871974912"
      ], 
      [
        1632285487, 
        "3129181184"
      ], 
      [
        1632285502, 
        "1605113856"
      ], 
      [
        1632285517, 
        "719686656"
      ], 
      [
        1632285532, 
        "1541811200"
      ], 
      [
        1632285547, 
        "442362880"
      ], 
      [
        1632285562, 
        "490281984"
      ], 
      [
        1632285577, 
        "514586624"
      ], 
      [
        1632285592, 
        "1315414016"
      ], 
      [
        1632285607, 
        "2060110848"
      ], 
      [
        1632285622, 
        "1589221376"
      ], 
      [
        1632285637, 
        "1131882496"
      ], 
      [
        1632285652, 
        "2015948800"
      ], 
      [
        1632285667, 
        "1720726528"
      ]
    ]
  }, 
  "tcp_conn": {
    "metric": {}, 
    "values": [
      [
        1632285367, 
        "20"
      ], 
      [
        1632285382, 
        "51"
      ], 
      [
        1632285397, 
        "14"
      ], 
      [
        1632285412, 
        "14"
      ], 
      [
        1632285427, 
        "6"
      ], 
      [
        1632285442, 
        "4"
      ], 
      [
        1632285457, 
        "6"
      ], 
      [
        1632285472, 
        "0"
      ], 
      [
        1632285487, 
        "7"
      ], 
      [
        1632285502, 
        "10"
      ], 
      [
        1632285517, 
        "29"
      ], 
      [
        1632285532, 
        "89"
      ], 
      [
        1632285547, 
        "136"
      ], 
      [
        1632285562, 
        "69"
      ], 
      [
        1632285577, 
        "50"
      ], 
      [
        1632285592, 
        "140"
      ], 
      [
        1632285607, 
        "161"
      ], 
      [
        1632285622, 
        "203"
      ], 
      [
        1632285637, 
        "497"
      ], 
      [
        1632285652, 
        "0"
      ], 
      [
        1632285667, 
        "167"
      ]
    ]
  }, 
  "kvdb_bytes_read": {
    "metric": {
      "instance": "172.17.0.1:3033", 
      "job": "openethereum"
    }, 
    "values": [
      [
        1632285367, 
        "417213.5"
      ], 
      [
        1632285412, 
        "319378.88651460584"
      ], 
      [
        1632285427, 
        "803402.6781600001"
      ], 
      [
        1632285472, 
        "949304.1"
      ], 
      [
        1632285502, 
        "29314.70104"
      ], 
      [
        1632285517, 
        "454396.7"
      ], 
      [
        1632285532, 
        "82316.8"
      ], 
      [
        1632285547, 
        "104629.2"
      ], 
      [
        1632285562, 
        "89930.4"
      ], 
      [
        1632285592, 
        "216973.53984000004"
      ], 
      [
        1632285607, 
        "103266.3"
      ], 
      [
        1632285622, 
        "95862.58008000001"
      ], 
      [
        1632285652, 
        "495625"
      ], 
      [
        1632285667, 
        "13452.4"
      ]
    ]
  }, 
  "tcp_sends": {
    "metric": {}, 
    "values": [
      [
        1632285367, 
        "169984"
      ], 
      [
        1632285382, 
        "73728"
      ], 
      [
        1632285397, 
        "44032"
      ], 
      [
        1632285412, 
        "0"
      ], 
      [
        1632285427, 
        "35840"
      ], 
      [
        1632285442, 
        "51200"
      ], 
      [
        1632285457, 
        "21504"
      ], 
      [
        1632285472, 
        "0"
      ], 
      [
        1632285487, 
        "39936"
      ], 
      [
        1632285502, 
        "19456"
      ], 
      [
        1632285517, 
        "43008"
      ], 
      [
        1632285532, 
        "22528"
      ], 
      [
        1632285547, 
        "31744"
      ], 
      [
        1632285562, 
        "25600"
      ], 
      [
        1632285577, 
        "31744"
      ], 
      [
        1632285592, 
        "26624"
      ], 
      [
        1632285607, 
        "75776"
      ], 
      [
        1632285622, 
        "89088"
      ], 
      [
        1632285637, 
        "148480"
      ], 
      [
        1632285652, 
        "0"
      ], 
      [
        1632285667, 
        "53248"
      ]
    ]
  }, 
  "dir_writes": {
    "metric": {
      "instance": "172.17.0.1:8000", 
      "hostname": "longz-experiment",