{
  "stat": {
    "max": 44.0, 
    "mean": 42.80952380952381, 
    "variance": 0.9160997732426298, 
    "min": 42.0
  }, 
  "values": [
    [
      1623167550, 
      44
    ], 
    [
      1623167565, 
      44
    ], 
    [
      1623167580, 
      44.5
    ], 
    [
      1623167595, 
      44
    ], 
    [
      1623167610, 
      44
    ], 
    [
      1623167625, 
      44
    ], 
    [
      1623167640, 
      44
    ], 
    [
      1623167655, 
      44
    ], 
    [
      1623167670, 
      43
    ], 
    [
      1623167685, 
      42
    ], 
    [
      1623167700, 
      42
    ], 
    [
      1623167715, 
      42
    ], 
    [
      1623167730, 
      42
    ], 
    [
      1623167745, 
      42
    ], 
    [
      1623167760, 
      42
    ], 
    [
      1623167775, 
      42
    ], 
    [
      1623167790, 
      42
    ], 
    [
      1623167805, 
      42
    ], 
    [
      1623167820, 
      42.5
    ], 
    [
      1623167835, 
      42
    ], 
    [
      1623167850, 
      42
    ]
  ], 
  "name": "geth.p2p/peers.gauge", 
  "columns": [
    "time", 
    "median"
  ]
}