{
  "stat": {
    "max": 42.0, 
    "mean": 41.23809523809524, 
    "variance": 0.6575963718820862, 
    "min": 40.0
  }, 
  "values": [
    [
      1623167910, 
      42
    ], 
    [
      1623167925, 
      42
    ], 
    [
      1623167940, 
      42
    ], 
    [
      1623167955, 
      42
    ], 
    [
      1623167970, 
      42
    ], 
    [
      1623167985, 
      42
    ], 
    [
      1623168000, 
      42
    ], 
    [
      1623168015, 
      42
    ], 
    [
      1623168030, 
      42
    ], 
    [
      1623168045, 
      42
    ], 
    [
      1623168060, 
      41.5
    ], 
    [
      1623168075, 
      41
    ], 
    [
      1623168090, 
      40.5
    ], 
    [
      1623168105, 
      41
    ], 
    [
      1623168120, 
      41.5
    ], 
    [
      1623168135, 
      41
    ], 
    [
      1623168150, 
      41
    ], 
    [
      1623168165, 
      40
    ], 
    [
      1623168180, 
      40
    ], 
    [
      1623168195, 
      40
    ], 
    [
      1623168210, 
      40
    ]
  ], 
  "name": "geth.p2p/peers.gauge", 
  "columns": [
    "time", 
    "median"
  ]
}