{
  "stat": {
    "max": 39.0, 
    "mean": 38.23809523809524, 
    "variance": 0.3718820861678005, 
    "min": 38.0
  }, 
  "values": [
    [
      1622763660, 
      38
    ], 
    [
      1622763675, 
      38
    ], 
    [
      1622763690, 
      38.5
    ], 
    [
      1622763705, 
      38
    ], 
    [
      1622763720, 
      38
    ], 
    [
      1622763735, 
      38
    ], 
    [
      1622763750, 
      39.5
    ], 
    [
      1622763765, 
      39
    ], 
    [
      1622763780, 
      38
    ], 
    [
      1622763795, 
      38
    ], 
    [
      1622763810, 
      38.5
    ], 
    [
      1622763825, 
      39
    ], 
    [
      1622763840, 
      38
    ], 
    [
      1622763855, 
      40
    ], 
    [
      1622763870, 
      39
    ], 
    [
      1622763885, 
      38
    ], 
    [
      1622763900, 
      37.5
    ], 
    [
      1622763915, 
      38
    ], 
    [
      1622763930, 
      38
    ], 
    [
      1622763945, 
      38
    ], 
    [
      1622763960, 
      38
    ]
  ], 
  "name": "geth.p2p/peers.gauge", 
  "columns": [
    "time", 
    "median"
  ]
}