{
  "stat": {
    "max": 39.0, 
    "mean": 38.19047619047619, 
    "variance": 0.2494331065759637, 
    "min": 38.0
  }, 
  "values": [
    [
      1622764020, 
      38
    ], 
    [
      1622764035, 
      38
    ], 
    [
      1622764050, 
      38
    ], 
    [
      1622764065, 
      39
    ], 
    [
      1622764080, 
      38
    ], 
    [
      1622764095, 
      38
    ], 
    [
      1622764110, 
      38
    ], 
    [
      1622764125, 
      38
    ], 
    [
      1622764140, 
      38
    ], 
    [
      1622764155, 
      38
    ], 
    [
      1622764170, 
      38
    ], 
    [
      1622764185, 
      39
    ], 
    [
      1622764200, 
      37.5
    ], 
    [
      1622764215, 
      38
    ], 
    [
      1622764230, 
      39
    ], 
    [
      1622764245, 
      39
    ], 
    [
      1622764260, 
      38
    ], 
    [
      1622764275, 
      38
    ], 
    [
      1622764290, 
      38
    ], 
    [
      1622764305, 
      38
    ], 
    [
      1622764320, 
      39
    ]
  ], 
  "name": "geth.p2p/peers.gauge", 
  "columns": [
    "time", 
    "median"
  ]
}