{
  "dir_read_c": {
    "metric": {
      "instance": "172.17.0.1:8000", 
      "hostname": "longz-experiment", 
      "pid": "23549", 
      "directory": "/data/blockchain/eth-data", 
      "job": "syscall_monitoring", 
      "application_name": "openethereum", 
      "__name__": "dir_reads_total"
    }, 
    "values": [
      [
        1633114251, 
        "177849"
      ], 
      [
        1633114266, 
        "163704"
      ], 
      [
        1633114281, 
        "183922"
      ], 
      [
        1633114296, 
        "128122"
      ], 
      [
        1633114311, 
        "125144"
      ], 
      [
        1633114326, 
        "51111"
      ], 
      [
        1633114341, 
        "135645"
      ], 
      [
        1633114356, 
        "52286"
      ], 
      [
        1633114371, 
        "140344"
      ], 
      [
        1633114386, 
        "102424"
      ], 
      [
        1633114401, 
        "68865"
      ], 
      [
        1633114416, 
        "55955"
      ], 
      [
        1633114431, 
        "163504"
      ], 
      [
        1633114446, 
        "54357"
      ], 
      [
        1633114461, 
        "85608"
      ], 
      [
        1633114476, 
        "92326"
      ], 
      [
        1633114491, 
        "48895"
      ], 
      [
        1633114506, 
        "104227"
      ], 
      [
        1633114521, 
        "137955"
      ], 
      [
        1633114536, 
        "172036"
      ], 
      [
        1633114551, 
        "53677"
      ]
    ]
  }, 
  "stat": {
    "dir_read_c": {
      "max": 177849.0, 
      "mean": 109426.47619047618, 
      "variance": 2142192224.439909, 
      "pvalue": 6.998494778164151e-11, 
      "min": 51111.0
    }, 
    "dir_reads": {
      "max": 3430001664.0, 
      "mean": 2137372720.7619047, 
      "variance": 8.282471740035917e+17, 
      "pvalue": 6.279216961372557e-11, 
      "min": 1007580160.0
    }, 
    "tcp_conn": {
      "max": 326.0, 
      "mean": 129.71428571428572, 
      "variance": 15124.680272108844, 
      "pvalue": 0.0001081717042103257, 
      "min": 3.0
    }, 
    "kvdb_bytes_read": {
      "max": 534873.72, 
      "mean": 235845.0266528374, 
      "variance": 42034844069.02971, 
      "pvalue": 0.23273760377704697, 
      "min": 33094.47529066667
    }, 
    "tcp_sends": {
      "max": 166912.0, 
      "mean": 73240.38095238095, 
      "variance": 3884087189.18821, 
      "pvalue": 3.4529462516889805e-08, 
      "min": 14336.0
    }, 
    "dir_writes": {
      "max": 309809152.0, 
      "mean": 236970520.3809524, 
      "variance": 1928136106691818.2, 
      "pvalue": 1.3682705469895602e-05, 
      "min": 206223360.0
    }, 
    "kvdb_bytes_write": {
      "max": 627354.2199999999, 
      "mean": 149068.8593553343, 
      "variance": 63382136500.46726, 
      "pvalue": 0.14328964642425923, 
      "min": 0.0
    }, 
    "dir_write_c": {
      "max": 557.0, 
      "mean": 2449.4761904761904, 
      "variance": 86519947.39229025, 
      "pvalue": 0.1462410099469539, 
      "min": 230.0
    }, 
    "peer_stats": {
      "max": 8.45, 
      "mean": 4.833333333333333, 
      "variance": 3.305555555555556, 
      "pvalue": 1.1293197842321531e-11, 
      "min": 3.0
    }, 
    "tcp_recvs": {
      "max": 7603200.0, 
      "mean": 2899480.380952381, 
      "variance": 10252287624914.143, 
      "pvalue": 0.03477011024626266, 
      "min": 34816.0
    }
  }, 
  "dir_reads": {
    "metric": {
      "instance": "172.17.0.1:8000", 
      "hostname": "longz-experiment", 
      "pid": "23549", 
      "directory": "/data/blockchain/eth-data", 
      "job": "syscall_monitoring", 
      "application_name": "openethereum"
    }, 
    "values": [
      [
        1633114251, 
        "3407853568"
      ], 
      [
        1633114266, 
        "3156621312"
      ], 
      [
        1633114281, 
        "3520202752"
      ], 
      [
        1633114296, 
        "2487232512"
      ], 
      [
        1633114311, 
        "2593763328"
      ], 
      [
        1633114326, 
        "938348544"
      ], 
      [
        1633114341, 
        "2666029056"
      ], 
      [
        1633114356, 
        "1028728832"
      ], 
      [
        1633114371, 
        "2797599744"
      ], 
      [
        1633114386, 
        "2012908544"
      ], 
      [
        1633114401, 
        "1388773376"
      ], 
      [
        1633114416, 
        "1037224960"
      ], 
      [
        1633114431, 
        "3264799744"
      ], 
      [
        1633114446, 
        "1022938112"
      ], 
      [
        1633114461, 
        "1657612288"
      ], 
      [
        1633114476, 
        "1832383488"
      ], 
      [
        1633114491, 
        "1017606144"
      ], 
      [
        1633114506, 
        "1966943232"
      ], 
      [
        1633114521, 
        "2649675776"
      ], 
      [
        1633114536, 
        "3430001664"
      ], 
      [
        1633114551, 
        "1007580160"
      ]
    ]
  }, 
  "tcp_conn": {
    "metric": {}, 
    "values": [
      [
        1633114251, 
        "6"
      ], 
      [
        1633114266, 
        "36"
      ], 
      [
        1633114281, 
        "3"
      ], 
      [
        1633114296, 
        "36"
      ], 
      [
        1633114311, 
        "5"
      ], 
      [
        1633114326, 
        "213"
      ], 
      [
        1633114341, 
        "24"
      ], 
      [
        1633114356, 
        "372"
      ], 
      [
        1633114371, 
        "36"
      ], 
      [
        1633114386, 
        "269"
      ], 
      [
        1633114401, 
        "142"
      ], 
      [
        1633114416, 
        "316"
      ], 
      [
        1633114431, 
        "34"
      ], 
      [
        1633114446, 
        "326"
      ], 
      [
        1633114461, 
        "199"
      ], 
      [
        1633114476, 
        "258"
      ], 
      [
        1633114491, 
        "220"
      ], 
      [
        1633114506, 
        "65"
      ], 
      [
        1633114521, 
        "3"
      ], 
      [
        1633114536, 
        "6"
      ], 
      [
        1633114551, 
        "155"
      ]
    ]
  }, 
  "kvdb_bytes_read": {
    "metric": {
      "instance": "172.17.0.1:3033", 
      "job": "openethereum"
    }, 
    "values": [
      [
        1633114251, 
        "504480.6"
      ], 
      [
        1633114266, 
        "241031.2"
      ], 
      [
        1633114281, 
        "58238.2"
      ], 
      [
        1633114311, 
        "45609.8"
      ], 
      [
        1633114341, 
        "58748.6"
      ], 
      [
        1633114371, 
        "399461.4766449021"
      ], 
      [
        1633114386, 
        "90494.6"
      ], 
      [
        1633114401, 
        "94497.8"
      ], 
      [
        1633114416, 
        "496626.7"
      ], 
      [
        1633114431, 
        "156423.7"
      ], 
      [
        1633114446, 
        "499678.3"
      ], 
      [
        1633114461, 
        "82271.6"
      ], 
      [
        1633114476, 
        "39534.6"
      ], 
      [
        1633114491, 
        "587020.6"
      ], 
      [
        1633114521, 
        "521837"
      ], 
      [
        1633114536, 
        "126076.7"
      ], 
      [
        1633114551, 
        "7333.976453333334"
      ]
    ]
  }, 
  "tcp_sends": {
    "metric": {},