{
  "dir_read_c": {
    "metric": {
      "instance": "172.17.0.1:8000", 
      "hostname": "longz-experiment", 
      "pid": "23549", 
      "directory": "/data/blockchain/eth-data", 
      "job": "syscall_monitoring", 
      "application_name": "openethereum", 
      "__name__": "dir_reads_total"
    }, 
    "values": [
      [
        1633113980, 
        "56862"
      ], 
      [
        1633113995, 
        "123583"
      ], 
      [
        1633114010, 
        "114066"
      ], 
      [
        1633114025, 
        "107460"
      ], 
      [
        1633114040, 
        "146866"
      ], 
      [
        1633114055, 
        "106874"
      ], 
      [
        1633114070, 
        "112160"
      ], 
      [
        1633114085, 
        "33414"
      ], 
      [
        1633114100, 
        "30235"
      ], 
      [
        1633114115, 
        "81684"
      ], 
      [
        1633114130, 
        "152085"
      ], 
      [
        1633114145, 
        "51542"
      ], 
      [
        1633114160, 
        "127149"
      ], 
      [
        1633114175, 
        "161468"
      ], 
      [
        1633114190, 
        "143614"
      ], 
      [
        1633114205, 
        "160572"
      ], 
      [
        1633114220, 
        "28318"
      ], 
      [
        1633114235, 
        "44624"
      ], 
      [
        1633114250, 
        "177849"
      ]
    ]
  }, 
  "stat": {
    "dir_read_c": {
      "max": 163106.09999999995, 
      "mean": 103180.26315789473, 
      "variance": 2311530583.772853, 
      "pvalue": 2.914360840319813e-07, 
      "min": 30043.3
    }, 
    "dir_reads": {
      "max": 3409112985.6000004, 
      "mean": 2101627203.368421, 
      "variance": 9.057960185534656e+17, 
      "pvalue": 1.3047716127774947e-07, 
      "min": 615380377.6
    }, 
    "tcp_conn": {
      "max": 293.39999999999975, 
      "mean": 132.26315789473685, 
      "variance": 15573.667590027699, 
      "pvalue": 0.00028910374922723757, 
      "min": 2.9000000000000004
    }, 
    "kvdb_bytes_read": {
      "max": 499835.7199999999, 
      "mean": 213111.92297971027, 
      "variance": 30876203180.519295, 
      "pvalue": 0.34487873341945746, 
      "min": 19867.89570133333
    }, 
    "tcp_sends": {
      "max": 2394931.1999999867, 
      "mean": 580284.6315789474, 
      "variance": 3246771879709.074, 
      "pvalue": 4.0925569870234725e-06, 
      "min": 21504.0
    }, 
    "dir_writes": {
      "max": 253673574.4, 
      "mean": 215866044.63157895, 
      "variance": 1521566867375578.0, 
      "pvalue": 0.007325000574352937, 
      "min": 142233395.2
    }, 
    "kvdb_bytes_write": {
      "max": 510024.24999999936, 
      "mean": 146848.2158863158, 
      "variance": 47885415832.68297, 
      "pvalue": 0.10256298949078749, 
      "min": 0.0
    }, 
    "dir_write_c": {
      "max": 4952.999999999907, 
      "mean": 2659.4736842105262, 
      "variance": 96259522.03878118, 
      "pvalue": 0.35198181751950786, 
      "min": 228.8
    }, 
    "peer_stats": {
      "max": 6.5, 
      "mean": 2.875, 
      "variance": 4.234375, 
      "pvalue": 3.5517678645213883e-15, 
      "min": 1.0
    }, 
    "tcp_recvs": {
      "max": 15185510.399999991, 
      "mean": 3493241.263157895, 
      "variance": 33133558120402.613, 
      "pvalue": 0.05376641784912483, 
      "min": 1843.2
    }
  }, 
  "dir_reads": {
    "metric": {
      "instance": "172.17.0.1:8000", 
      "hostname": "longz-experiment", 
      "pid": "23549", 
      "directory": "/data/blockchain/eth-data", 
      "job": "syscall_monitoring", 
      "application_name": "openethereum"
    }, 
    "values": [
      [
        1633113980, 
        "1165661184"
      ], 
      [
        1633113995, 
        "2521398272"
      ], 
      [
        1633114010, 
        "2334048256"
      ], 
      [
        1633114025, 
        "2126788608"
      ], 
      [
        1633114040, 
        "2921538560"
      ], 
      [
        1633114055, 
        "2175760384"
      ], 
      [
        1633114070, 
        "2259702784"
      ], 
      [
        1633114085, 
        "690836480"
      ], 
      [
        1633114100, 
        "619376640"
      ], 
      [
        1633114115, 
        "1830814720"
      ], 
      [
        1633114130, 
        "3420447744"
      ], 
      [
        1633114145, 
        "1134883840"
      ], 
      [
        1633114160, 
        "2541003776"
      ], 
      [
        1633114175, 
        "3165768704"
      ], 
      [
        1633114190, 
        "2807625728"
      ], 
      [
        1633114205, 
        "3258183680"
      ], 
      [
        1633114220, 
        "579414016"
      ], 
      [
        1633114235, 
        "969809920"
      ], 
      [
        1633114250, 
        "3407853568"
      ]
    ]
  }, 
  "tcp_conn": {
    "metric": {}, 
    "values": [
      [
        1633113980, 
        "240"
      ], 
      [
        1633113995, 
        "241"
      ], 
      [
        1633114010, 
        "138"
      ], 
      [
        1633114025, 
        "253"
      ], 
      [
        1633114040, 
        "24"
      ], 
      [
        1633114055, 
        "3"
      ], 
      [
        1633114070, 
        "43"
      ], 
      [
        1633114085, 
        "282"
      ], 
      [
        1633114100, 
        "247"
      ], 
      [
        1633114115, 
        "12"
      ], 
      [
        1633114130, 
        "56"
      ], 
      [
        1633114145, 
        "277"
      ], 
      [
        1633114160, 
        "5"
      ], 
      [
        1633114175, 
        "2"
      ], 
      [
        1633114190, 
        "61"
      ], 
      [
        1633114205, 
        "13"
      ], 
      [
        1633114220, 
        "396"
      ], 
      [
        1633114235, 
        "214"
      ], 
      [
        1633114250, 
        "6"
      ]
    ]
  }, 
  "kvdb_bytes_read": {
    "metric": {
      "instance": "172.17.0.1:3033", 
      "job": "openethereum"
    }, 
    "values": [
      [
        1633113950, 
        "253914.36840000004"
      ], 
      [
        1633113965, 
        "470339.8910411622"
      ], 
      [
        1633113980, 
        "220787.9"
      ], 
      [
        1633113995, 
        "496122.3"
      ], 
      [
        1633114010, 
        "13389.541813333333"
      ], 
      [
        1633114025, 
        "310112.7660266666"
      ], 
      [
        1633114055, 
        "33546.65584"
      ], 
      [
        1633114070, 
        "20587.712799999998"
      ], 
      [
        1633114085, 
        "59952.9"
      ], 
      [
        1633114100, 
        "164016.9"
      ], 
      [
        1633114115, 
        "290698.14928000007"
      ], 
      [
        1633114130, 
        "72902.6"
      ], 
      [
        1633114160, 
        "160928.49808000002"
      ], 
      [
        1633114175, 
        "28492.087680000004"
      ], 
      [
        1633114190, 
        "425428.6"
      ], 
      [
        1633114205, 
        "58251.75597333333"
      ], 
      [
        1633114220, 
        "44853.2"
      ], 
      [
        1633114235, 
        "533256.5"
      ], 
      [
        1633114250, 
        "391544.20967999997"
      ]
    ]
  }, 
  "tcp_sends": {
    "metric": {},