{
  "dir_read_c": {
    "metric": {
      "instance": "172.17.0.1:8000", 
      "hostname": "longz-experiment", 
      "pid": "23549", 
      "directory": "/data/blockchain/eth-data", 
      "job": "syscall_monitoring", 
      "application_name": "openethereum", 
      "__name__": "dir_reads_total"
    }, 
    "values": [
      [
        1633115155, 
        "159142"
      ], 
      [
        1633115170, 
        "150647"
      ], 
      [
        1633115185, 
        "122785"
      ], 
      [
        1633115200, 
        "162384"
      ], 
      [
        1633115215, 
        "179580"
      ], 
      [
        1633115230, 
        "200747"
      ], 
      [
        1633115245, 
        "198105"
      ], 
      [
        1633115260, 
        "177340"
      ], 
      [
        1633115275, 
        "250847"
      ], 
      [
        1633115290, 
        "200896"
      ], 
      [
        1633115305, 
        "112847"
      ], 
      [
        1633115320, 
        "34444"
      ], 
      [
        1633115335, 
        "35995"
      ], 
      [
        1633115350, 
        "34298"
      ], 
      [
        1633115365, 
        "37448"
      ], 
      [
        1633115380, 
        "47740"
      ], 
      [
        1633115395, 
        "50894"
      ], 
      [
        1633115410, 
        "66915"
      ], 
      [
        1633115425, 
        "25102"
      ], 
      [
        1633115440, 
        "25797"
      ], 
      [
        1633115455, 
        "122968"
      ]
    ]
  }, 
  "stat": {
    "dir_read_c": {
      "max": 200896.0, 
      "mean": 114139.09523809524, 
      "variance": 5046127151.990929, 
      "pvalue": 1.6377145407692745e-06, 
      "min": 25797.0
    }, 
    "dir_reads": {
      "max": 3883268096.0, 
      "mean": 2283160332.1904764, 
      "variance": 1.6306289394319764e+18, 
      "pvalue": 8.680667962331228e-07, 
      "min": 617910272.0
    }, 
    "tcp_conn": {
      "max": 371.0, 
      "mean": 63.476190476190474, 
      "variance": 12479.01133786848, 
      "pvalue": 7.012342642522602e-08, 
      "min": 0.0
    }, 
    "kvdb_bytes_read": {
      "max": 762002.2749999999, 
      "mean": 359759.20872512663, 
      "variance": 74416084711.96529, 
      "pvalue": 0.012338206860553159, 
      "min": 22048.78
    }, 
    "tcp_sends": {
      "max": 142336.0, 
      "mean": 42081.52380952381, 
      "variance": 1887227560.344671, 
      "pvalue": 1.5374979650309525e-09, 
      "min": 0.0
    }, 
    "dir_writes": {
      "max": 396451840.0, 
      "mean": 247384259.04761904, 
      "variance": 3235890955962066.0, 
      "pvalue": 3.648296002347481e-06, 
      "min": 179773440.0
    }, 
    "kvdb_bytes_write": {
      "max": 4189785.9199999995, 
      "mean": 1175686.5014557738, 
      "variance": 2582365497267.0166, 
      "pvalue": 0.12926217618390598, 
      "min": 0.0
    }, 
    "dir_write_c": {
      "max": 4079.0, 
      "mean": 3221.4285714285716, 
      "variance": 101043503.10204081, 
      "pvalue": 0.00010996799976734377, 
      "min": 343.0
    }, 
    "peer_stats": {
      "max": 7.0, 
      "mean": 3.466666666666667, 
      "variance": 9.582222222222223, 
      "pvalue": 2.6453656422008258e-14, 
      "min": 0.0
    }, 
    "tcp_recvs": {
      "max": 7991296.0, 
      "mean": 1327006.4761904762, 
      "variance": 11981518901684.535, 
      "pvalue": 2.994306364360336e-08, 
      "min": 0.0
    }
  }, 
  "dir_reads": {
    "metric": {
      "instance": "172.17.0.1:8000", 
      "hostname": "longz-experiment", 
      "pid": "23549", 
      "directory": "/data/blockchain/eth-data", 
      "job": "syscall_monitoring", 
      "application_name": "openethereum"
    }, 
    "values": [
      [
        1633115155, 
        "3269169152"
      ], 
      [
        1633115170, 
        "3077618688"
      ], 
      [
        1633115185, 
        "2529254400"
      ], 
      [
        1633115200, 
        "3154803712"
      ], 
      [
        1633115215, 
        "3479622656"
      ], 
      [
        1633115230, 
        "3869646848"
      ], 
      [
        1633115245, 
        "3798890496"
      ], 
      [
        1633115260, 
        "3507144704"
      ], 
      [
        1633115275, 
        "4303839232"
      ], 
      [
        1633115290, 
        "3883268096"
      ], 
      [
        1633115305, 
        "2149617664"
      ], 
      [
        1633115320, 
        "738530304"
      ], 
      [
        1633115335, 
        "850714624"
      ], 
      [
        1633115350, 
        "760595456"
      ], 
      [
        1633115365, 
        "913765376"
      ], 
      [
        1633115380, 
        "1137550336"
      ], 
      [
        1633115395, 
        "1237498880"
      ], 
      [
        1633115410, 
        "1813387264"
      ], 
      [
        1633115425, 
        "447858688"
      ], 
      [
        1633115440, 
        "617910272"
      ], 
      [
        1633115455, 
        "2405680128"
      ]
    ]
  }, 
  "tcp_conn": {
    "metric": {}, 
    "values": [
      [
        1633115155, 
        "5"
      ], 
      [
        1633115170, 
        "3"
      ], 
      [
        1633115185, 
        "8"
      ], 
      [
        1633115200, 
        "7"
      ], 
      [
        1633115215, 
        "2"
      ], 
      [
        1633115230, 
        "2"
      ], 
      [
        1633115245, 
        "3"
      ], 
      [
        1633115260, 
        "2"
      ], 
      [
        1633115275, 
        "24"
      ], 
      [
        1633115290, 
        "8"
      ], 
      [
        1633115305, 
        "31"
      ], 
      [
        1633115320, 
        "60"
      ], 
      [
        1633115335, 
        "165"
      ], 
      [
        1633115350, 
        "374"
      ], 
      [
        1633115365, 
        "0"
      ], 
      [
        1633115380, 
        "0"
      ], 
      [
        1633115395, 
        "1"
      ], 
      [
        1633115410, 
        "62"
      ], 
      [
        1633115425, 
        "371"
      ], 
      [
        1633115440, 
        "179"
      ], 
      [
        1633115455, 
        "26"
      ]
    ]
  }, 
  "kvdb_bytes_read": {
    "metric": {
      "instance": "172.17.0.1:3033", 
      "job": "openethereum"
    }, 
    "values": [
      [
        1633115155, 
        "304549.1"
      ], 
      [
        1633115170, 
        "567585.9"
      ], 
      [
        1633115200, 
        "918313.3"
      ], 
      [
        1633115215, 
        "327749.6198933333"
      ], 
      [
        1633115245, 
        "617857.2315332091"
      ], 
      [
        1633115275, 
        "609929.2"
      ], 
      [
        1633115290, 
        "677834.8"
      ], 
      [
        1633115305, 
        "119193"
      ], 
      [
        1633115320, 
        "103095"
      ], 
      [
        1633115335, 
        "67638.1"
      ], 
      [
        1633115395, 
        "285072.37320523086"
      ], 
      [
        1633115410, 
        "0"
      ], 
      [
        1633115425, 
        "33921.2"
      ], 
      [
        1633115455, 
        "403890.09752000007"
      ]
    ]
  }, 
  "tcp_sends": {
    "metric": {},