{
  "dir_read_c": {
    "metric": {
      "instance": "172.17.0.1:8000", 
      "hostname": "longz-experiment", 
      "pid": "23549", 
      "directory": "/data/blockchain/eth-data", 
      "job": "syscall_monitoring", 
      "application_name": "openethereum", 
      "__name__": "dir_reads_total"
    }, 
    "values": [
      [
        1633114852, 
        "71456"
      ], 
      [
        1633114867, 
        "139348"
      ], 
      [
        1633114882, 
        "165853"
      ], 
      [
        1633114897, 
        "49845"
      ], 
      [
        1633114912, 
        "133720"
      ], 
      [
        1633114927, 
        "96120"
      ], 
      [
        1633114942, 
        "178767"
      ], 
      [
        1633114957, 
        "87336"
      ], 
      [
        1633114972, 
        "144191"
      ], 
      [
        1633114987, 
        "151894"
      ], 
      [
        1633115002, 
        "141802"
      ], 
      [
        1633115017, 
        "125820"
      ], 
      [
        1633115032, 
        "140914"
      ], 
      [
        1633115047, 
        "129382"
      ], 
      [
        1633115062, 
        "107716"
      ], 
      [
        1633115077, 
        "130084"
      ], 
      [
        1633115092, 
        "127913"
      ], 
      [
        1633115107, 
        "55044"
      ], 
      [
        1633115122, 
        "130362"
      ], 
      [
        1633115137, 
        "112712"
      ], 
      [
        1633115152, 
        "159142"
      ]
    ]
  }, 
  "stat": {
    "dir_read_c": {
      "max": 165853.0, 
      "mean": 122829.57142857143, 
      "variance": 1130002509.7687075, 
      "pvalue": 4.070576920112765e-13, 
      "min": 55044.0
    }, 
    "dir_reads": {
      "max": 3376569344.0, 
      "mean": 2461678153.142857, 
      "variance": 4.4364299524642374e+17, 
      "pvalue": 2.6462108833785496e-13, 
      "min": 1154818048.0
    }, 
    "tcp_conn": {
      "max": 249.0, 
      "mean": 74.61904761904762, 
      "variance": 10933.188208616783, 
      "pvalue": 0.0009187467358475126, 
      "min": 1.0
    }, 
    "kvdb_bytes_read": {
      "max": 691407.71772293, 
      "mean": 409507.9401131824, 
      "variance": 74933724074.94293, 
      "pvalue": 0.0009219238063106068, 
      "min": 25268.446704
    }, 
    "tcp_sends": {
      "max": 166912.0, 
      "mean": 58124.19047619047, 
      "variance": 2883175031.582766, 
      "pvalue": 6.1855335920584384e-09, 
      "min": 7168.0
    }, 
    "dir_writes": {
      "max": 298156032.0, 
      "mean": 226252166.0952381, 
      "variance": 2175012586761617.5, 
      "pvalue": 0.007265774797610258, 
      "min": 145070080.0
    }, 
    "kvdb_bytes_write": {
      "max": 2393001.5451512714, 
      "mean": 549177.2439623142, 
      "variance": 1430451821213.908, 
      "pvalue": 0.93873564506401, 
      "min": 0.0
    }, 
    "dir_write_c": {
      "max": 5561.0, 
      "mean": 2994.3333333333335, 
      "variance": 86551456.50793651, 
      "pvalue": 0.3469692160964662, 
      "min": 204.0
    }, 
    "peer_stats": {
      "max": 12.199999999999989, 
      "mean": 8.0, 
      "variance": 7.538461538461538, 
      "pvalue": 1.886650271644012e-12, 
      "min": 6.0
    }, 
    "tcp_recvs": {
      "max": 2206720.0, 
      "mean": 743082.6666666666, 
      "variance": 591426357280.508, 
      "pvalue": 0.003520202019949507, 
      "min": 19456.0
    }
  }, 
  "dir_reads": {
    "metric": {
      "instance": "172.17.0.1:8000", 
      "hostname": "longz-experiment", 
      "pid": "23549", 
      "directory": "/data/blockchain/eth-data", 
      "job": "syscall_monitoring", 
      "application_name": "openethereum"
    }, 
    "values": [
      [
        1633114852, 
        "1556393984"
      ], 
      [
        1633114867, 
        "2973996032"
      ], 
      [
        1633114882, 
        "3376569344"
      ], 
      [
        1633114897, 
        "969711616"
      ], 
      [
        1633114912, 
        "2759668736"
      ], 
      [
        1633114927, 
        "2004543488"
      ], 
      [
        1633114942, 
        "3557105664"
      ], 
      [
        1633114957, 
        "1672461312"
      ], 
      [
        1633114972, 
        "2741733376"
      ], 
      [
        1633114987, 
        "2931902464"
      ], 
      [
        1633115002, 
        "2749737984"
      ], 
      [
        1633115017, 
        "2476419072"
      ], 
      [
        1633115032, 
        "2790699008"
      ], 
      [
        1633115047, 
        "2560180224"
      ], 
      [
        1633115062, 
        "2110579712"
      ], 
      [
        1633115077, 
        "2555495424"
      ], 
      [
        1633115092, 
        "2553304064"
      ], 
      [
        1633115107, 
        "1154818048"
      ], 
      [
        1633115122, 
        "2623164416"
      ], 
      [
        1633115137, 
        "2307588096"
      ], 
      [
        1633115152, 
        "3269169152"
      ]
    ]
  }, 
  "tcp_conn": {
    "metric": {}, 
    "values": [
      [
        1633114852, 
        "30"
      ], 
      [
        1633114867, 
        "5"
      ], 
      [
        1633114882, 
        "1"
      ], 
      [
        1633114897, 
        "249"
      ], 
      [
        1633114912, 
        "32"
      ], 
      [
        1633114927, 
        "2"
      ], 
      [
        1633114942, 
        "9"
      ], 
      [
        1633114957, 
        "58"
      ], 
      [
        1633114972, 
        "165"
      ], 
      [
        1633114987, 
        "16"
      ], 
      [
        1633115002, 
        "93"
      ], 
      [
        1633115017, 
        "8"
      ], 
      [
        1633115032, 
        "50"
      ], 
      [
        1633115047, 
        "161"
      ], 
      [
        1633115062, 
        "1"
      ], 
      [
        1633115077, 
        "167"
      ], 
      [
        1633115092, 
        "1"
      ], 
      [
        1633115107, 
        "427"
      ], 
      [
        1633115122, 
        "59"
      ], 
      [
        1633115137, 
        "28"
      ], 
      [
        1633115152, 
        "5"
      ]
    ]
  }, 
  "kvdb_bytes_read": {
    "metric": {
      "instance": "172.17.0.1:3033", 
      "job": "openethereum"
    }, 
    "values": [
      [
        1633114867, 
        "703719.8"
      ], 
      [
        1633114882, 
        "70830.2"
      ], 
      [
        1633114942, 
        "565449"
      ], 
      [
        1633114957, 
        "636103.1"
      ], 
      [
        1633114972, 
        "681334.1958598726"
      ], 
      [
        1633114987, 
        "330115.0570983163"
      ], 
      [
        1633115032, 
        "534077.3"
      ], 
      [
        1633115062, 
        "64355.59128"
      ], 
      [
        1633115092, 
        "44734.8"
      ], 
      [
        1633115107, 
        "660416.6"
      ], 
      [
        1633115122, 
        "621483.4"
      ], 
      [
        1633115152, 
        "1476.2371200000002"
      ]
    ]
  }, 
  "tcp_sends": {
    "metric": {},