{
  "stat": {
    "max": 41.0, 
    "mean": 39.38095238095238, 
    "variance": 2.7120181405895685, 
    "min": 36.0
  }, 
  "values": [
    [
      1623188940, 
      40
    ], 
    [
      1623188955, 
      40
    ], 
    [
      1623188970, 
      39
    ], 
    [
      1623188985, 
      40
    ], 
    [
      1623189000, 
      40.5
    ], 
    [
      1623189015, 
      40
    ], 
    [
      1623189030, 
      41.5
    ], 
    [
      1623189045, 
      42
    ], 
    [
      1623189060, 
      40.5
    ], 
    [
      1623189075, 
      41
    ], 
    [
      1623189090, 
      40.5
    ], 
    [
      1623189105, 
      40
    ], 
    [
      1623189120, 
      40.5
    ], 
    [
      1623189135, 
      41
    ], 
    [
      1623189150, 
      38
    ], 
    [
      1623189165, 
      35
    ], 
    [
      1623189180, 
      36.5
    ], 
    [
      1623189195, 
      37
    ], 
    [
      1623189210, 
      39.5
    ], 
    [
      1623189225, 
      39
    ], 
    [
      1623189240, 
      39
    ]
  ], 
  "name": "geth.p2p/peers.gauge", 
  "columns": [
    "time", 
    "median"
  ]
}