{
  "stat": {
    "max": 41.10000000000001, 
    "mean": 40.3, 
    "variance": 0.5099999999999999, 
    "min": 40.0
  }, 
  "values": [
    [
      1623160875, 
      40
    ], 
    [
      1623160890, 
      40.5
    ], 
    [
      1623160905, 
      40
    ], 
    [
      1623160920, 
      40
    ], 
    [
      1623160935, 
      40
    ], 
    [
      1623160950, 
      40
    ], 
    [
      1623160965, 
      41
    ], 
    [
      1623160980, 
      40.5
    ], 
    [
      1623160995, 
      40
    ], 
    [
      1623161010, 
      40
    ], 
    [
      1623161025, 
      41
    ], 
    [
      1623161040, 
      40.5
    ], 
    [
      1623161055, 
      40
    ], 
    [
      1623161070, 
      40
    ], 
    [
      1623161085, 
      40
    ], 
    [
      1623161100, 
      40
    ], 
    [
      1623161115, 
      40
    ], 
    [
      1623161130, 
      41.5
    ], 
    [
      1623161145, 
      43
    ], 
    [
      1623161160, 
      40
    ]
  ], 
  "name": "geth.p2p/peers.gauge", 
  "columns": [
    "time", 
    "median"
  ]
}