{
  "dir_read_c": {
    "metric": {
      "instance": "172.17.0.1:8000", 
      "hostname": "longz-experiment", 
      "pid": "24823", 
      "directory": "/data/blockchain/eth-data", 
      "job": "syscall_monitoring", 
      "application_name": "openethereum", 
      "__name__": "dir_reads_total"
    }, 
    "values": [
      [
        1633116377, 
        "31877"
      ], 
      [
        1633116392, 
        "28813"
      ], 
      [
        1633116407, 
        "21039"
      ], 
      [
        1633116422, 
        "24003"
      ], 
      [
        1633116437, 
        "25499"
      ], 
      [
        1633116452, 
        "21329"
      ], 
      [
        1633116467, 
        "48988"
      ], 
      [
        1633116482, 
        "31769"
      ], 
      [
        1633116497, 
        "23464"
      ], 
      [
        1633116512, 
        "35822"
      ], 
      [
        1633116527, 
        "18725"
      ], 
      [
        1633116542, 
        "21640"
      ], 
      [
        1633116557, 
        "21569"
      ], 
      [
        1633116572, 
        "21756"
      ], 
      [
        1633116587, 
        "20819"
      ], 
      [
        1633116602, 
        "21437"
      ], 
      [
        1633116617, 
        "34080"
      ], 
      [
        1633116632, 
        "49821"
      ], 
      [
        1633116647, 
        "37146"
      ], 
      [
        1633116662, 
        "52823"
      ], 
      [
        1633116677, 
        "39318"
      ]
    ]
  }, 
  "stat": {
    "dir_read_c": {
      "max": 49821.0, 
      "mean": 30082.714285714286, 
      "variance": 105655244.8707483, 
      "pvalue": 0.06948651675176254, 
      "min": 20819.0
    }, 
    "dir_reads": {
      "max": 1580151808.0, 
      "mean": 771743012.5714285, 
      "variance": 2.5260401557939834e+17, 
      "pvalue": 0.42901610375222776, 
      "min": 413961216.0
    }, 
    "tcp_conn": {
      "max": 402.0, 
      "mean": 166.47619047619048, 
      "variance": 18174.725623582766, 
      "pvalue": 1.912872405853049e-10, 
      "min": 3.0
    }, 
    "kvdb_bytes_read": {
      "max": 360255.75, 
      "mean": 122132.53115499999, 
      "variance": 16440783309.428371, 
      "pvalue": 0.003040986624685733, 
      "min": 36119.225
    }, 
    "tcp_sends": {
      "max": 3389440.0, 
      "mean": 748056.380952381, 
      "variance": 1197028858139.284, 
      "pvalue": 0.07151961852547309, 
      "min": 19456.0
    }, 
    "dir_writes": {
      "max": 270264320.0, 
      "mean": 209501379.04761904, 
      "variance": 2500713959715196.5, 
      "pvalue": 0.49242428746082273, 
      "min": 140654592.0
    }, 
    "kvdb_bytes_write": {
      "max": 2450408.9250000003, 
      "mean": 990166.5073399999, 
      "variance": 927659427323.5457, 
      "pvalue": 0.018649212202323195, 
      "min": 0.0
    }, 
    "dir_write_c": {
      "max": 4925.0, 
      "mean": 3289.190476190476, 
      "variance": 85354222.24943312, 
      "pvalue": 0.0020530367390211527, 
      "min": 140.0
    }, 
    "peer_stats": {
      "max": 25.6, 
      "mean": 23.8, 
      "variance": 1.893333333333333, 
      "pvalue": 1.8940351932125725e-07, 
      "min": 21.700000000000003
    }, 
    "tcp_recvs": {
      "max": 10889216.0, 
      "mean": 3928356.5714285714, 
      "variance": 11876180378603.104, 
      "pvalue": 0.0024565925818425473, 
      "min": 452608.0
    }
  }, 
  "dir_reads": {
    "metric": {
      "instance": "172.17.0.1:8000", 
      "hostname": "longz-experiment", 
      "pid": "24823", 
      "directory": "/data/blockchain/eth-data", 
      "job": "syscall_monitoring", 
      "application_name": "openethereum"
    }, 
    "values": [
      [
        1633116377, 
        "575122432"
      ], 
      [
        1633116392, 
        "530856960"
      ], 
      [
        1633116407, 
        "373988352"
      ], 
      [
        1633116422, 
        "475024384"
      ], 
      [
        1633116437, 
        "520505344"
      ], 
      [
        1633116452, 
        "413961216"
      ], 
      [
        1633116467, 
        "1095669760"
      ], 
      [
        1633116482, 
        "667999232"
      ], 
      [
        1633116497, 
        "487891968"
      ], 
      [
        1633116512, 
        "724149248"
      ], 
      [
        1633116527, 
        "640878592"
      ], 
      [
        1633116542, 
        "690567168"
      ], 
      [
        1633116557, 
        "435599360"
      ], 
      [
        1633116572, 
        "424067072"
      ], 
      [
        1633116587, 
        "628272128"
      ], 
      [
        1633116602, 
        "536145920"
      ], 
      [
        1633116617, 
        "540192768"
      ], 
      [
        1633116632, 
        "885267456"
      ], 
      [
        1633116647, 
        "1580151808"
      ], 
      [
        1633116662, 
        "2514252800"
      ], 
      [
        1633116677, 
        "1466039296"
      ]
    ]
  }, 
  "tcp_conn": {
    "metric": {}, 
    "values": [
      [
        1633116377, 
        "111"
      ], 
      [
        1633116392, 
        "277"
      ], 
      [
        1633116407, 
        "400"
      ], 
      [
        1633116422, 
        "426"
      ], 
      [
        1633116437, 
        "219"
      ], 
      [
        1633116452, 
        "213"
      ], 
      [
        1633116467, 
        "247"
      ], 
      [
        1633116482, 
        "67"
      ], 
      [
        1633116497, 
        "61"
      ], 
      [
        1633116512, 
        "53"
      ], 
      [
        1633116527, 
        "84"
      ], 
      [
        1633116542, 
        "26"
      ], 
      [
        1633116557, 
        "67"
      ], 
      [
        1633116572, 
        "64"
      ], 
      [
        1633116587, 
        "402"
      ], 
      [
        1633116602, 
        "160"
      ], 
      [
        1633116617, 
        "128"
      ], 
      [
        1633116632, 
        "0"
      ], 
      [
        1633116647, 
        "3"
      ], 
      [
        1633116662, 
        "124"
      ], 
      [
        1633116677, 
        "364"
      ]
    ]
  }, 
  "kvdb_bytes_read": {
    "metric": {
      "instance": "172.17.0.1:3033", 
      "job": "openethereum"
    }, 
    "values": [
      [
        1633116377, 
        "45018.7"
      ], 
      [
        1633116392, 
        "310456.2"
      ], 
      [
        1633116407, 
        "85935.8"
      ], 
      [
        1633116422, 
        "509654.4"
      ], 
      [
        1633116437, 
        "50668.2"
      ], 
      [
        1633116452, 
        "233033.4"
      ], 
      [
        1633116467, 
        "137944.9"
      ], 
      [
        1633116482, 
        "91008.7"
      ], 
      [
        1633116497, 
        "198902.8"
      ], 
      [
        1633116512, 
        "38315.2"
      ], 
      [
        1633116527, 
        "40119.5"
      ], 
      [
        1633116542, 
        "51535.4"
      ], 
      [
        1633116557, 
        "41098.3"
      ], 
      [
        1633116572, 
        "29531.3"
      ], 
      [
        1633116587, 
        "44955.8"
      ], 
      [
        1633116602, 
        "45941.89848"
      ]
    ]
  }, 
  "tcp_sends": {
    "metric": {},