{
  "dir_read_c": {
    "metric": {
      "instance": "172.17.0.1:8000", 
      "hostname": "longz-experiment", 
      "pid": "24823", 
      "directory": "/data/blockchain/eth-data", 
      "job": "syscall_monitoring", 
      "application_name": "openethereum", 
      "__name__": "dir_reads_total"
    }, 
    "values": [
      [
        1633116076, 
        "52537"
      ], 
      [
        1633116091, 
        "87978"
      ], 
      [
        1633116106, 
        "27432"
      ], 
      [
        1633116121, 
        "28840"
      ], 
      [
        1633116136, 
        "29108"
      ], 
      [
        1633116151, 
        "31276"
      ], 
      [
        1633116166, 
        "21139"
      ], 
      [
        1633116181, 
        "18104"
      ], 
      [
        1633116196, 
        "16842"
      ], 
      [
        1633116211, 
        "28242"
      ], 
      [
        1633116226, 
        "20325"
      ], 
      [
        1633116241, 
        "31791"
      ], 
      [
        1633116256, 
        "30980"
      ], 
      [
        1633116271, 
        "34702"
      ], 
      [
        1633116286, 
        "35899"
      ], 
      [
        1633116301, 
        "23575"
      ], 
      [
        1633116316, 
        "36271"
      ], 
      [
        1633116331, 
        "35052"
      ], 
      [
        1633116346, 
        "63430"
      ], 
      [
        1633116361, 
        "87498"
      ], 
      [
        1633116376, 
        "31877"
      ]
    ]
  }, 
  "stat": {
    "dir_read_c": {
      "max": 87498.0, 
      "mean": 36804.666666666664, 
      "variance": 380548992.31746024, 
      "pvalue": 0.14049814612048783, 
      "min": 18104.0
    }, 
    "dir_reads": {
      "max": 1863643136.0, 
      "mean": 769194471.6190476, 
      "variance": 1.7385098890580803e+17, 
      "pvalue": 0.7950298521588118, 
      "min": 409063424.0
    }, 
    "tcp_conn": {
      "max": 234.0, 
      "mean": 106.66666666666667, 
      "variance": 4785.650793650792, 
      "pvalue": 2.574883006442653e-07, 
      "min": 41.0
    }, 
    "kvdb_bytes_read": {
      "max": 475748.2650000002, 
      "mean": 185482.42500000002, 
      "variance": 23834529711.229874, 
      "pvalue": 0.5436509910044929, 
      "min": 67445.54
    }, 
    "tcp_sends": {
      "max": 2262016.0, 
      "mean": 760734.4761904762, 
      "variance": 1275044139444.535, 
      "pvalue": 0.1374004023842909, 
      "min": 95232.0
    }, 
    "dir_writes": {
      "max": 361167872.0, 
      "mean": 226287177.14285713, 
      "variance": 1.1171414959326076e+16, 
      "pvalue": 0.5280895248293619, 
      "min": 128078848.0
    }, 
    "kvdb_bytes_write": {
      "max": 1729696.72000001, 
      "mean": 963886.54, 
      "variance": 10091421734973.197, 
      "pvalue": 0.30544571213676813, 
      "min": 0.0
    }, 
    "dir_write_c": {
      "max": 9434.0, 
      "mean": 3096.0476190476193, 
      "variance": 87699741.66439909, 
      "pvalue": 0.5413089311904744, 
      "min": 176.0
    }, 
    "peer_stats": {
      "max": 26.299999999999994, 
      "mean": 23.842105263157894, 
      "variance": 3.606648199445985, 
      "pvalue": 4.2338677043728014e-07, 
      "min": 21.0
    }, 
    "tcp_recvs": {
      "max": 19763200.0, 
      "mean": 4798073.904761905, 
      "variance": 47055185788890.85, 
      "pvalue": 0.0008975568650676883, 
      "min": 553984.0
    }
  }, 
  "dir_reads": {
    "metric": {
      "instance": "172.17.0.1:8000", 
      "hostname": "longz-experiment", 
      "pid": "24823", 
      "directory": "/data/blockchain/eth-data", 
      "job": "syscall_monitoring", 
      "application_name": "openethereum"
    }, 
    "values": [
      [
        1633116076, 
        "979367936"
      ], 
      [
        1633116091, 
        "1863643136"
      ], 
      [
        1633116106, 
        "605869056"
      ], 
      [
        1633116121, 
        "500802560"
      ], 
      [
        1633116136, 
        "518715392"
      ], 
      [
        1633116151, 
        "623796224"
      ], 
      [
        1633116166, 
        "458534912"
      ], 
      [
        1633116181, 
        "409063424"
      ], 
      [
        1633116196, 
        "377539584"
      ], 
      [
        1633116211, 
        "615708672"
      ], 
      [
        1633116226, 
        "442779648"
      ], 
      [
        1633116241, 
        "660935680"
      ], 
      [
        1633116256, 
        "714801152"
      ], 
      [
        1633116271, 
        "732211200"
      ], 
      [
        1633116286, 
        "735791104"
      ], 
      [
        1633116301, 
        "508599296"
      ], 
      [
        1633116316, 
        "840245248"
      ], 
      [
        1633116331, 
        "766367744"
      ], 
      [
        1633116346, 
        "1320459264"
      ], 
      [
        1633116361, 
        "1902730240"
      ], 
      [
        1633116376, 
        "575122432"
      ]
    ]
  }, 
  "tcp_conn": {
    "metric": {}, 
    "values": [
      [
        1633116076, 
        "50"
      ], 
      [
        1633116091, 
        "41"
      ], 
      [
        1633116106, 
        "0"
      ], 
      [
        1633116121, 
        "42"
      ], 
      [
        1633116136, 
        "146"
      ], 
      [
        1633116151, 
        "96"
      ], 
      [
        1633116166, 
        "103"
      ], 
      [
        1633116181, 
        "110"
      ], 
      [
        1633116196, 
        "143"
      ], 
      [
        1633116211, 
        "108"
      ], 
      [
        1633116226, 
        "88"
      ], 
      [
        1633116241, 
        "57"
      ], 
      [
        1633116256, 
        "46"
      ], 
      [
        1633116271, 
        "125"
      ], 
      [
        1633116286, 
        "234"
      ], 
      [
        1633116301, 
        "311"
      ], 
      [
        1633116316, 
        "156"
      ], 
      [
        1633116331, 
        "65"
      ], 
      [
        1633116346, 
        "156"
      ], 
      [
        1633116361, 
        "52"
      ], 
      [
        1633116376, 
        "111"
      ]
    ]
  }, 
  "kvdb_bytes_read": {
    "metric": {
      "instance": "172.17.0.1:3033", 
      "job": "openethereum"
    }, 
    "values": [
      [
        1633116076, 
        "465729"
      ], 
      [
        1633116106, 
        "70511.3"
      ], 
      [
        1633116121, 
        "115321.4"
      ], 
      [
        1633116136, 
        "133525"
      ], 
      [
        1633116151, 
        "79752.9"
      ], 
      [
        1633116166, 
        "68625.9"
      ], 
      [
        1633116181, 
        "75160.6"
      ], 
      [
        1633116196, 
        "187016.9"
      ], 
      [
        1633116211, 
        "133949.9"
      ], 
      [
        1633116226, 
        "194239.3"
      ], 
      [
        1633116241, 
        "143142.7"
      ], 
      [
        1633116256, 
        "189084.6"
      ], 
      [
        1633116271, 
        "144744.7"
      ], 
      [
        1633116286, 
        "123499.5"
      ], 
      [
        1633116301, 
        "176507.1"
      ], 
      [
        1633116316, 
        "147359.3"
      ], 
      [
        1633116331, 
        "666114.3"
      ], 
      [
        1633116346, 
        "451106.6"
      ], 
      [
        1633116361, 
        "99238.8"
      ], 
      [
        1633116376, 
        "45018.7"
      ]
    ]
  }, 
  "tcp_sends": {
    "metric": {},