{
  "dir_read_c": {
    "metric": {
      "instance": "172.17.0.1:8000", 
      "hostname": "longz-experiment", 
      "pid": "24823", 
      "directory": "/data/blockchain/eth-data", 
      "job": "syscall_monitoring", 
      "application_name": "openethereum", 
      "__name__": "dir_reads_total"
    }, 
    "values": [
      [
        1633116977, 
        "129435"
      ], 
      [
        1633116992, 
        "82614"
      ], 
      [
        1633117007, 
        "100511"
      ], 
      [
        1633117022, 
        "153076"
      ], 
      [
        1633117037, 
        "134995"
      ], 
      [
        1633117052, 
        "126322"
      ], 
      [
        1633117067, 
        "87848"
      ], 
      [
        1633117082, 
        "89939"
      ], 
      [
        1633117097, 
        "49761"
      ], 
      [
        1633117112, 
        "138772"
      ], 
      [
        1633117127, 
        "92234"
      ], 
      [
        1633117142, 
        "94441"
      ], 
      [
        1633117157, 
        "89099"
      ], 
      [
        1633117172, 
        "101525"
      ], 
      [
        1633117187, 
        "62615"
      ], 
      [
        1633117202, 
        "124970"
      ], 
      [
        1633117217, 
        "141136"
      ], 
      [
        1633117232, 
        "43030"
      ], 
      [
        1633117247, 
        "80881"
      ], 
      [
        1633117262, 
        "152667"
      ], 
      [
        1633117277, 
        "195516"
      ]
    ]
  }, 
  "stat": {
    "dir_read_c": {
      "max": 153076.0, 
      "mean": 108161.28571428571, 
      "variance": 1343562427.2517006, 
      "pvalue": 1.326421090190445e-12, 
      "min": 49761.0
    }, 
    "dir_reads": {
      "max": 3331691520.0, 
      "mean": 2228181333.3333335, 
      "variance": 6.269736164256229e+17, 
      "pvalue": 3.761446923935858e-12, 
      "min": 970049536.0
    }, 
    "tcp_conn": {
      "max": 59.0, 
      "mean": 28.19047619047619, 
      "variance": 336.91609977324265, 
      "pvalue": 7.316427048768075e-05, 
      "min": 3.0
    }, 
    "kvdb_bytes_read": {
      "max": 698981.8, 
      "mean": 377339.772448254, 
      "variance": 53586755466.95901, 
      "pvalue": 4.927473209578286e-05, 
      "min": 72170.09496
    }, 
    "tcp_sends": {
      "max": 1735680.0, 
      "mean": 307151.2380952381, 
      "variance": 410781393248.94324, 
      "pvalue": 1.14689831043635e-05, 
      "min": 21504.0
    }, 
    "dir_writes": {
      "max": 273704960.0, 
      "mean": 203793749.33333334, 
      "variance": 3845810165691082.5, 
      "pvalue": 0.4268569414785823, 
      "min": 89366528.0
    }, 
    "kvdb_bytes_write": {
      "max": 815965.9, 
      "mean": 221846.4479961905, 
      "variance": 92472633899.80392, 
      "pvalue": 0.24064184675462116, 
      "min": 0.0
    }, 
    "dir_write_c": {
      "max": 576.0, 
      "mean": 2311.5714285714284, 
      "variance": 75743934.14965989, 
      "pvalue": 0.6033186417794711, 
      "min": 210.0
    }, 
    "peer_stats": {
      "max": 33.0, 
      "mean": 30.470588235294116, 
      "variance": 3.896193771626296, 
      "pvalue": 9.325721938782457e-06, 
      "min": 27.6
    }, 
    "tcp_recvs": {
      "max": 3430400.0, 
      "mean": 1702814.4761904762, 
      "variance": 1014264187023.9635, 
      "pvalue": 0.26148803515980235, 
      "min": 495616.0
    }
  }, 
  "dir_reads": {
    "metric": {
      "instance": "172.17.0.1:8000", 
      "hostname": "longz-experiment", 
      "pid": "24823", 
      "directory": "/data/blockchain/eth-data", 
      "job": "syscall_monitoring", 
      "application_name": "openethereum"
    }, 
    "values": [
      [
        1633116977, 
        "2850368512"
      ], 
      [
        1633116992, 
        "1800409088"
      ], 
      [
        1633117007, 
        "2208484352"
      ], 
      [
        1633117022, 
        "3331691520"
      ], 
      [
        1633117037, 
        "2869031936"
      ], 
      [
        1633117052, 
        "2575388672"
      ], 
      [
        1633117067, 
        "1602324480"
      ], 
      [
        1633117082, 
        "1649712128"
      ], 
      [
        1633117097, 
        "855516160"
      ], 
      [
        1633117112, 
        "2600944640"
      ], 
      [
        1633117127, 
        "1815854080"
      ], 
      [
        1633117142, 
        "1854258176"
      ], 
      [
        1633117157, 
        "1734650880"
      ], 
      [
        1633117172, 
        "2040271872"
      ], 
      [
        1633117187, 
        "1347000320"
      ], 
      [
        1633117202, 
        "2636541952"
      ], 
      [
        1633117217, 
        "2972626944"
      ], 
      [
        1633117232, 
        "970049536"
      ], 
      [
        1633117247, 
        "1789476864"
      ], 
      [
        1633117262, 
        "3305118720"
      ], 
      [
        1633117277, 
        "3982087168"
      ]
    ]
  }, 
  "tcp_conn": {
    "metric": {}, 
    "values": [
      [
        1633116977, 
        "30"
      ], 
      [
        1633116992, 
        "45"
      ], 
      [
        1633117007, 
        "11"
      ], 
      [
        1633117022, 
        "5"
      ], 
      [
        1633117037, 
        "42"
      ], 
      [
        1633117052, 
        "46"
      ], 
      [
        1633117067, 
        "19"
      ], 
      [
        1633117082, 
        "50"
      ], 
      [
        1633117097, 
        "46"
      ], 
      [
        1633117112, 
        "3"
      ], 
      [
        1633117127, 
        "59"
      ], 
      [
        1633117142, 
        "20"
      ], 
      [
        1633117157, 
        "26"
      ], 
      [
        1633117172, 
        "61"
      ], 
      [
        1633117187, 
        "22"
      ], 
      [
        1633117202, 
        "5"
      ], 
      [
        1633117217, 
        "23"
      ], 
      [
        1633117232, 
        "37"
      ], 
      [
        1633117247, 
        "33"
      ], 
      [
        1633117262, 
        "7"
      ], 
      [
        1633117277, 
        "2"
      ]
    ]
  }, 
  "kvdb_bytes_read": {
    "metric": {
      "instance": "172.17.0.1:3033", 
      "job": "openethereum"
    }, 
    "values": [
      [
        1633116977, 
        "450652.1"
      ], 
      [
        1633116992, 
        "100038.38664000001"
      ], 
      [
        1633117007, 
        "687320.5"
      ], 
      [
        1633117022, 
        "698981.8"
      ], 
      [
        1633117037, 
        "623154.8"
      ], 
      [
        1633117052, 
        "111050.34624000001"
      ], 
      [
        1633117067, 
        "121562.1"
      ], 
      [
        1633117082, 
        "142319.9"
      ], 
      [
        1633117097, 
        "585834.1"
      ], 
      [
        1633117112, 
        "456188.6"
      ], 
      [
        1633117127, 
        "454888.7"
      ], 
      [
        1633117142, 
        "72170.09496"
      ], 
      [
        1633117157, 
        "432638"
      ], 
      [
        1633117172, 
        "125840.5"
      ], 
      [
        1633117187, 
        "290028.63112"
      ], 
      [
        1633117202, 
        "174059.07840000003"
      ], 
      [
        1633117217, 
        "55342.1"
      ], 
      [
        1633117232, 
        "448704"
      ], 
      [
        1633117247, 
        "662380.1"
      ], 
      [
        1633117262, 
        "505997.9724533333"
      ], 
      [
        1633117277, 
        "724983.4116"
      ]
    ]
  }, 
  "tcp_sends": {
    "metric": {},