{
  "dir_read_c": {
    "metric": {
      "instance": "172.17.0.1:8000", 
      "hostname": "longz-experiment", 
      "pid": "24823", 
      "directory": "/data/blockchain/eth-data", 
      "job": "syscall_monitoring", 
      "application_name": "openethereum", 
      "__name__": "dir_reads_total"
    }, 
    "values": [
      [
        1633117280, 
        "195516"
      ], 
      [
        1633117295, 
        "215782"
      ], 
      [
        1633117310, 
        "204586"
      ], 
      [
        1633117325, 
        "115218"
      ], 
      [
        1633117340, 
        "134118"
      ], 
      [
        1633117355, 
        "88403"
      ], 
      [
        1633117370, 
        "162412"
      ], 
      [
        1633117385, 
        "218090"
      ], 
      [
        1633117400, 
        "239867"
      ], 
      [
        1633117415, 
        "246259"
      ], 
      [
        1633117430, 
        "243919"
      ], 
      [
        1633117445, 
        "171917"
      ], 
      [
        1633117460, 
        "236479"
      ], 
      [
        1633117475, 
        "99200"
      ], 
      [
        1633117490, 
        "39384"
      ], 
      [
        1633117505, 
        "46934"
      ], 
      [
        1633117520, 
        "63847"
      ], 
      [
        1633117535, 
        "98352"
      ], 
      [
        1633117550, 
        "105834"
      ], 
      [
        1633117565, 
        "22839"
      ], 
      [
        1633117580, 
        "31466"
      ]
    ]
  }, 
  "stat": {
    "dir_read_c": {
      "max": 243919.0, 
      "mean": 141924.85714285713, 
      "variance": 5708440367.646259, 
      "pvalue": 2.0374171523120026e-10, 
      "min": 31466.0
    }, 
    "dir_reads": {
      "max": 4844997632.0, 
      "mean": 2902593779.8095236, 
      "variance": 2.389986287097969e+18, 
      "pvalue": 4.4774503221569257e-10, 
      "min": 627373056.0
    }, 
    "tcp_conn": {
      "max": 197.0, 
      "mean": 37.142857142857146, 
      "variance": 6575.741496598639, 
      "pvalue": 3.628163168209431e-11, 
      "min": 2.0
    }, 
    "kvdb_bytes_read": {
      "max": 1024758.82, 
      "mean": 477726.359291228, 
      "variance": 95118284791.75049, 
      "pvalue": 3.61288153123886e-06, 
      "min": 39784.71
    }, 
    "tcp_sends": {
      "max": 149504.0, 
      "mean": 60562.28571428572, 
      "variance": 8286575135.346943, 
      "pvalue": 2.6302249345778572e-08, 
      "min": 14336.0
    }, 
    "dir_writes": {
      "max": 388562944.0, 
      "mean": 254020169.14285713, 
      "variance": 3.0184158188805096e+16, 
      "pvalue": 0.015336478294538571, 
      "min": 28375040.0
    }, 
    "kvdb_bytes_write": {
      "max": 6539484.039999966, 
      "mean": 1996519.156954386, 
      "variance": 22207819763500.305, 
      "pvalue": 0.25275290760617836, 
      "min": 0.0
    }, 
    "dir_write_c": {
      "max": 13939.0, 
      "mean": 3507.3809523809523, 
      "variance": 71392157.09297054, 
      "pvalue": 0.19718860169392663, 
      "min": 199.0
    }, 
    "peer_stats": {
      "max": 33.0, 
      "mean": 11.166666666666666, 
      "variance": 165.9166666666668, 
      "pvalue": 2.6811020259651787e-08, 
      "min": 1.0
    }, 
    "tcp_recvs": {
      "max": 1910784.0, 
      "mean": 786675.8095238095, 
      "variance": 554418072866.2494, 
      "pvalue": 0.007025072246422503, 
      "min": 13312.0
    }
  }, 
  "dir_reads": {
    "metric": {
      "instance": "172.17.0.1:8000", 
      "hostname": "longz-experiment", 
      "pid": "24823", 
      "directory": "/data/blockchain/eth-data", 
      "job": "syscall_monitoring", 
      "application_name": "openethereum"
    }, 
    "values": [
      [
        1633117280, 
        "3982087168"
      ], 
      [
        1633117295, 
        "4563101696"
      ], 
      [
        1633117310, 
        "4284910592"
      ], 
      [
        1633117325, 
        "2240833536"
      ], 
      [
        1633117340, 
        "2640939008"
      ], 
      [
        1633117355, 
        "1736867840"
      ], 
      [
        1633117370, 
        "3213743104"
      ], 
      [
        1633117385, 
        "4586683392"
      ], 
      [
        1633117400, 
        "4831369216"
      ], 
      [
        1633117415, 
        "4844997632"
      ], 
      [
        1633117430, 
        "4991661056"
      ], 
      [
        1633117445, 
        "3698377728"
      ], 
      [
        1633117460, 
        "4729780224"
      ], 
      [
        1633117475, 
        "2027115520"
      ], 
      [
        1633117490, 
        "788850688"
      ], 
      [
        1633117505, 
        "981038080"
      ], 
      [
        1633117520, 
        "1311125504"
      ], 
      [
        1633117535, 
        "2131162112"
      ], 
      [
        1633117550, 
        "2321862656"
      ], 
      [
        1633117565, 
        "420589568"
      ], 
      [
        1633117580, 
        "627373056"
      ]
    ]
  }, 
  "tcp_conn": {
    "metric": {}, 
    "values": [
      [
        1633117280, 
        "2"
      ], 
      [
        1633117295, 
        "1"
      ], 
      [
        1633117310, 
        "9"
      ], 
      [
        1633117325, 
        "4"
      ], 
      [
        1633117340, 
        "2"
      ], 
      [
        1633117355, 
        "15"
      ], 
      [
        1633117370, 
        "3"
      ], 
      [
        1633117385, 
        "5"
      ], 
      [
        1633117400, 
        "5"
      ], 
      [
        1633117415, 
        "13"
      ], 
      [
        1633117430, 
        "6"
      ], 
      [
        1633117445, 
        "12"
      ], 
      [
        1633117460, 
        "9"
      ], 
      [
        1633117475, 
        "5"
      ], 
      [
        1633117490, 
        "45"
      ], 
      [
        1633117505, 
        "15"
      ], 
      [
        1633117520, 
        "29"
      ], 
      [
        1633117535, 
        "4"
      ], 
      [
        1633117550, 
        "50"
      ], 
      [
        1633117565, 
        "197"
      ], 
      [
        1633117580, 
        "349"
      ]
    ]
  }, 
  "kvdb_bytes_read": {
    "metric": {
      "instance": "172.17.0.1:3033", 
      "job": "openethereum"
    }, 
    "values": [
      [
        1633117280, 
        "1035955.9"
      ], 
      [
        1633117295, 
        "560384.9552000001"
      ], 
      [
        1633117310, 
        "443513.7"
      ], 
      [
        1633117325, 
        "343859.66426666663"
      ], 
      [
        1633117340, 
        "382990.3"
      ], 
      [
        1633117370, 
        "980791.5"
      ], 
      [
        1633117385, 
        "476681.59112000006"
      ], 
      [
        1633117400, 
        "234227.41594666665"
      ], 
      [
        1633117415, 
        "1023514.7"
      ], 
      [
        1633117430, 
        "652182"
      ], 
      [
        1633117445, 
        "884500.6"
      ], 
      [
        1633117475, 
        "93315.4"
      ], 
      [
        1633117490, 
        "217887.2"
      ], 
      [
        1633117505, 
        "333396.5"
      ], 
      [
        1633117520, 
        "458431"
      ], 
      [
        1633117535, 
        "561801.1"
      ], 
      [
        1633117550, 
        "39911.5"
      ], 
      [
        1633117565, 
        "38643.6"
      ], 
      [
        1633117580, 
        "314812.2"
      ]
    ]
  }, 
  "tcp_sends": {
    "metric": {},