{
  "dir_read_c": {
    "metric": {
      "instance": "172.17.0.1:8000", 
      "hostname": "longz-experiment", 
      "pid": "21676", 
      "directory": "/data/blockchain/eth-data", 
      "job": "syscall_monitoring", 
      "application_name": "openethereum", 
      "__name__": "dir_reads_total"
    }, 
    "values": [
      [
        1632274897, 
        "103778"
      ], 
      [
        1632274912, 
        "139357"
      ], 
      [
        1632274927, 
        "160624"
      ], 
      [
        1632274942, 
        "132121"
      ], 
      [
        1632274957, 
        "192057"
      ], 
      [
        1632274972, 
        "82127"
      ], 
      [
        1632274987, 
        "123772"
      ], 
      [
        1632275002, 
        "77313"
      ], 
      [
        1632275017, 
        "33305"
      ], 
      [
        1632275032, 
        "104544"
      ], 
      [
        1632275047, 
        "88969"
      ], 
      [
        1632275062, 
        "18891"
      ], 
      [
        1632275077, 
        "18267"
      ], 
      [
        1632275092, 
        "24605"
      ], 
      [
        1632275107, 
        "124219"
      ], 
      [
        1632275122, 
        "54348"
      ], 
      [
        1632275137, 
        "28713"
      ], 
      [
        1632275152, 
        "103252"
      ], 
      [
        1632275167, 
        "174323"
      ], 
      [
        1632275182, 
        "185572"
      ], 
      [
        1632275197, 
        "207013"
      ]
    ]
  }, 
  "stat": {
    "dir_read_c": {
      "max": 192057.0, 
      "mean": 103674.76190476191, 
      "variance": 3402651640.086168, 
      "min": 18891.0
    }, 
    "dir_reads": {
      "max": 3897505792.0, 
      "mean": 2043661214.4761906, 
      "variance": 1.393782314451952e+18, 
      "min": 342236160.0
    }, 
    "tcp_conn": {
      "max": 454.0, 
      "mean": 169.76190476190476, 
      "variance": 24049.609977324264, 
      "min": 10.0
    }, 
    "kvdb_bytes_read": {
      "max": 1052350.7650000001, 
      "mean": 427072.01023733325, 
      "variance": 115381311236.56284, 
      "min": 28546.615
    }, 
    "tcp_sends": {
      "max": 266240.0, 
      "mean": 138142.47619047618, 
      "variance": 8394190894.439909, 
      "min": 30720.0
    }, 
    "dir_writes": {
      "max": 406456320.0, 
      "mean": 236160975.23809522, 
      "variance": 1.9750354928268984e+16, 
      "min": 13789184.0
    }, 
    "kvdb_bytes_write": {
      "max": 844349.1800000011, 
      "mean": 364483.62398133334, 
      "variance": 269159742147.9912, 
      "min": 0.0
    }, 
    "dir_write_c": {
      "max": 10038.0, 
      "mean": 3295.190476190476, 
      "variance": 88735159.29705217, 
      "min": 206.0
    }, 
    "peer_stats": {
      "max": 19.299999999999997, 
      "mean": 15.5, 
      "variance": 4.916666666666667, 
      "min": 12.85
    }, 
    "tcp_recvs": {
      "max": 18518016.0, 
      "mean": 5059096.380952381, 
      "variance": 36303739014378.516, 
      "min": 527360.0
    }
  }, 
  "dir_reads": {
    "metric": {
      "instance": "172.17.0.1:8000", 
      "hostname": "longz-experiment", 
      "pid": "21676", 
      "directory": "/data/blockchain/eth-data", 
      "job": "syscall_monitoring", 
      "application_name": "openethereum"
    }, 
    "values": [
      [
        1632274897, 
        "2050801664"
      ], 
      [
        1632274912, 
        "2774840320"
      ], 
      [
        1632274927, 
        "3137387520"
      ], 
      [
        1632274942, 
        "2796507136"
      ], 
      [
        1632274957, 
        "3897505792"
      ], 
      [
        1632274972, 
        "1544809472"
      ], 
      [
        1632274987, 
        "2436408320"
      ], 
      [
        1632275002, 
        "1459395584"
      ], 
      [
        1632275017, 
        "679298048"
      ], 
      [
        1632275032, 
        "2108611584"
      ], 
      [
        1632275047, 
        "1786207232"
      ], 
      [
        1632275062, 
        "342236160"
      ], 
      [
        1632275077, 
        "315572224"
      ], 
      [
        1632275092, 
        "449099776"
      ], 
      [
        1632275107, 
        "2538179584"
      ], 
      [
        1632275122, 
        "1007440896"
      ], 
      [
        1632275137, 
        "443468800"
      ], 
      [
        1632275152, 
        "2011193344"
      ], 
      [
        1632275167, 
        "3434622976"
      ], 
      [
        1632275182, 
        "3648685056"
      ], 
      [
        1632275197, 
        "4054614016"
      ]
    ]
  }, 
  "tcp_conn": {
    "metric": {}, 
    "values": [
      [
        1632274897, 
        "31"
      ], 
      [
        1632274912, 
        "68"
      ], 
      [
        1632274927, 
        "150"
      ], 
      [
        1632274942, 
        "72"
      ], 
      [
        1632274957, 
        "19"
      ], 
      [
        1632274972, 
        "4"
      ], 
      [
        1632274987, 
        "11"
      ], 
      [
        1632275002, 
        "61"
      ], 
      [
        1632275017, 
        "317"
      ], 
      [
        1632275032, 
        "195"
      ], 
      [
        1632275047, 
        "219"
      ], 
      [
        1632275062, 
        "460"
      ], 
      [
        1632275077, 
        "336"
      ], 
      [
        1632275092, 
        "344"
      ], 
      [
        1632275107, 
        "178"
      ], 
      [
        1632275122, 
        "429"
      ], 
      [
        1632275137, 
        "454"
      ], 
      [
        1632275152, 
        "137"
      ], 
      [
        1632275167, 
        "10"
      ], 
      [
        1632275182, 
        "47"
      ], 
      [
        1632275197, 
        "23"
      ]
    ]
  }, 
  "kvdb_bytes_read": {
    "metric": {
      "instance": "172.17.0.1:3033", 
      "job": "openethereum"
    }, 
    "values": [
      [
        1632274897, 
        "568818.4"
      ], 
      [
        1632274912, 
        "577652.1302400001"
      ], 
      [
        1632274927, 
        "568815.2"
      ], 
      [
        1632274942, 
        "1048014.8"
      ], 
      [
        1632274972, 
        "215055.24818666666"
      ], 
      [
        1632274987, 
        "207037.8"
      ], 
      [
        1632275002, 
        "106528.5"
      ], 
      [
        1632275017, 
        "309701.91768"
      ], 
      [
        1632275032, 
        "364187.1"
      ], 
      [
        1632275047, 
        "27914.2"
      ], 
      [
        1632275062, 
        "44115.8"
      ], 
      [
        1632275077, 
        "28579.9"
      ], 
      [
        1632275092, 
        "527711.1"
      ], 
      [
        1632275107, 
        "291030.3"
      ], 
      [
        1632275122, 
        "93378.5"
      ], 
      [
        1632275137, 
        "101561.01445333334"
      ], 
      [
        1632275152, 
        "814831.3"
      ], 
      [
        1632275167, 
        "1134734.1"
      ], 
      [
        1632275182, 
        "939258.6"
      ], 
      [
        1632275197, 
        "572514.2941866666"
      ]
    ]
  }, 
  "tcp_sends": {
    "metric": {},