{
  "dir_read_c": {
    "metric": {
      "instance": "172.17.0.1:8000", 
      "hostname": "longz-experiment", 
      "pid": "21676", 
      "directory": "/data/blockchain/eth-data", 
      "job": "syscall_monitoring", 
      "application_name": "openethereum", 
      "__name__": "dir_reads_total"
    }, 
    "values": [
      [
        1632274595, 
        "64700"
      ], 
      [
        1632274610, 
        "48351"
      ], 
      [
        1632274625, 
        "27603"
      ], 
      [
        1632274640, 
        "30726"
      ], 
      [
        1632274655, 
        "22347"
      ], 
      [
        1632274670, 
        "59005"
      ], 
      [
        1632274685, 
        "56645"
      ], 
      [
        1632274700, 
        "28103"
      ], 
      [
        1632274715, 
        "59369"
      ], 
      [
        1632274730, 
        "27737"
      ], 
      [
        1632274745, 
        "39666"
      ], 
      [
        1632274760, 
        "37995"
      ], 
      [
        1632274775, 
        "114808"
      ], 
      [
        1632274790, 
        "125062"
      ], 
      [
        1632274805, 
        "143611"
      ], 
      [
        1632274820, 
        "115685"
      ], 
      [
        1632274835, 
        "122758"
      ], 
      [
        1632274850, 
        "111242"
      ], 
      [
        1632274865, 
        "85986"
      ], 
      [
        1632274880, 
        "136926"
      ], 
      [
        1632274895, 
        "103778"
      ]
    ]
  }, 
  "stat": {
    "dir_read_c": {
      "max": 136926.0, 
      "mean": 74385.85714285714, 
      "variance": 1643191362.0272107, 
      "min": 27603.0
    }, 
    "dir_reads": {
      "max": 2661501952.0, 
      "mean": 1391486927.2380953, 
      "variance": 5.98513466417521e+17, 
      "min": 403112960.0
    }, 
    "tcp_conn": {
      "max": 215.0, 
      "mean": 116.28571428571429, 
      "variance": 4024.4897959183672, 
      "min": 31.0
    }, 
    "kvdb_bytes_read": {
      "max": 519516.98000000004, 
      "mean": 250180.15794526314, 
      "variance": 28649945450.5904, 
      "min": 52228.871080000004
    }, 
    "tcp_sends": {
      "max": 2368512.0, 
      "mean": 906044.9523809524, 
      "variance": 1789338981903.0925, 
      "min": 46080.0
    }, 
    "dir_writes": {
      "max": 310943744.0, 
      "mean": 226859544.3809524, 
      "variance": 3333427179627071.0, 
      "min": 169821184.0
    }, 
    "kvdb_bytes_write": {
      "max": 501326.7735359997, 
      "mean": 157094.3492294737, 
      "variance": 40444109585.168686, 
      "min": 0.0
    }, 
    "dir_write_c": {
      "max": 2259.0, 
      "mean": 2356.8571428571427, 
      "variance": 73087918.97959182, 
      "min": 180.0
    }, 
    "peer_stats": {
      "max": 25.15, 
      "mean": 23.38888888888889, 
      "variance": 1.459876543209876, 
      "min": 21.85
    }, 
    "tcp_recvs": {
      "max": 40266752.0, 
      "mean": 6444373.333333333, 
      "variance": 165890697619878.6, 
      "min": 505856.0
    }
  }, 
  "dir_reads": {
    "metric": {
      "instance": "172.17.0.1:8000", 
      "hostname": "longz-experiment", 
      "pid": "21676", 
      "directory": "/data/blockchain/eth-data", 
      "job": "syscall_monitoring", 
      "application_name": "openethereum"
    }, 
    "values": [
      [
        1632274595, 
        "1175618560"
      ], 
      [
        1632274610, 
        "870794240"
      ], 
      [
        1632274625, 
        "514775040"
      ], 
      [
        1632274640, 
        "573327360"
      ], 
      [
        1632274655, 
        "398900224"
      ], 
      [
        1632274670, 
        "1139325952"
      ], 
      [
        1632274685, 
        "1085627392"
      ], 
      [
        1632274700, 
        "510888960"
      ], 
      [
        1632274715, 
        "1118480384"
      ], 
      [
        1632274730, 
        "403112960"
      ], 
      [
        1632274745, 
        "764968960"
      ], 
      [
        1632274760, 
        "760271872"
      ], 
      [
        1632274775, 
        "2234947584"
      ], 
      [
        1632274790, 
        "2408178688"
      ], 
      [
        1632274805, 
        "2661501952"
      ], 
      [
        1632274820, 
        "2079236096"
      ], 
      [
        1632274835, 
        "2223277056"
      ], 
      [
        1632274850, 
        "1999601664"
      ], 
      [
        1632274865, 
        "1552429056"
      ], 
      [
        1632274880, 
        "2695159808"
      ], 
      [
        1632274895, 
        "2050801664"
      ]
    ]
  }, 
  "tcp_conn": {
    "metric": {}, 
    "values": [
      [
        1632274595, 
        "39"
      ], 
      [
        1632274610, 
        "115"
      ], 
      [
        1632274625, 
        "203"
      ], 
      [
        1632274640, 
        "166"
      ], 
      [
        1632274655, 
        "105"
      ], 
      [
        1632274670, 
        "134"
      ], 
      [
        1632274685, 
        "142"
      ], 
      [
        1632274700, 
        "230"
      ], 
      [
        1632274715, 
        "213"
      ], 
      [
        1632274730, 
        "164"
      ], 
      [
        1632274745, 
        "158"
      ], 
      [
        1632274760, 
        "57"
      ], 
      [
        1632274775, 
        "55"
      ], 
      [
        1632274790, 
        "25"
      ], 
      [
        1632274805, 
        "72"
      ], 
      [
        1632274820, 
        "93"
      ], 
      [
        1632274835, 
        "215"
      ], 
      [
        1632274850, 
        "98"
      ], 
      [
        1632274865, 
        "56"
      ], 
      [
        1632274880, 
        "71"
      ], 
      [
        1632274895, 
        "31"
      ]
    ]
  }, 
  "kvdb_bytes_read": {
    "metric": {
      "instance": "172.17.0.1:3033", 
      "job": "openethereum"
    }, 
    "values": [
      [
        1632274595, 
        "92437"
      ], 
      [
        1632274610, 
        "74033.8"
      ], 
      [
        1632274625, 
        "121153"
      ], 
      [
        1632274640, 
        "45777.4"
      ], 
      [
        1632274655, 
        "295166.4"
      ], 
      [
        1632274670, 
        "90971.6"
      ], 
      [
        1632274685, 
        "93407.9"
      ], 
      [
        1632274700, 
        "337006"
      ], 
      [
        1632274715, 
        "61527.8"
      ], 
      [
        1632274730, 
        "137631.7"
      ], 
      [
        1632274745, 
        "523322"
      ], 
      [
        1632274760, 
        "465293.1"
      ], 
      [
        1632274775, 
        "519094.2"
      ], 
      [
        1632274790, 
        "457293.59424000006"
      ], 
      [
        1632274805, 
        "347008.8"
      ], 
      [
        1632274820, 
        "286519.1"
      ], 
      [
        1632274835, 
        "424923.6"
      ], 
      [
        1632274850, 
        "52945.7012"
      ], 
      [
        1632274895, 
        "327910.30552000005"
      ]
    ]
  }, 
  "tcp_sends": {
    "metric": {},