{
  "dir_read_c": {
    "metric": {
      "instance": "172.17.0.1:8000", 
      "hostname": "longz-experiment", 
      "pid": "21676", 
      "directory": "/data/blockchain/eth-data", 
      "job": "syscall_monitoring", 
      "application_name": "openethereum", 
      "__name__": "dir_reads_total"
    }, 
    "values": [
      [
        1632275500, 
        "207518"
      ], 
      [
        1632275515, 
        "252176"
      ], 
      [
        1632275530, 
        "220918"
      ], 
      [
        1632275545, 
        "244677"
      ], 
      [
        1632275560, 
        "22659"
      ], 
      [
        1632275575, 
        "18629"
      ], 
      [
        1632275590, 
        "17344"
      ], 
      [
        1632275605, 
        "79642"
      ], 
      [
        1632275620, 
        "34813"
      ], 
      [
        1632275635, 
        "70579"
      ], 
      [
        1632275650, 
        "85779"
      ], 
      [
        1632275665, 
        "126318"
      ], 
      [
        1632275680, 
        "82199"
      ], 
      [
        1632275695, 
        "132480"
      ], 
      [
        1632275710, 
        "98177"
      ], 
      [
        1632275725, 
        "135086"
      ], 
      [
        1632275740, 
        "88559"
      ], 
      [
        1632275755, 
        "122946"
      ], 
      [
        1632275770, 
        "99429"
      ], 
      [
        1632275785, 
        "94792"
      ], 
      [
        1632275800, 
        "87612"
      ]
    ]
  }, 
  "stat": {
    "dir_read_c": {
      "max": 244677.0, 
      "mean": 110587.23809523809, 
      "variance": 4629524814.371883, 
      "min": 18629.0
    }, 
    "dir_reads": {
      "max": 5151453184.0, 
      "mean": 2280416499.8095236, 
      "variance": 2.0319571431368166e+18, 
      "min": 379256832.0
    }, 
    "tcp_conn": {
      "max": 274.0, 
      "mean": 103.42857142857143, 
      "variance": 10011.006802721085, 
      "min": 2.0
    }, 
    "kvdb_bytes_read": {
      "max": 726495.6199999998, 
      "mean": 336098.7072651852, 
      "variance": 62266968221.90655, 
      "min": 49154.915
    }, 
    "tcp_sends": {
      "max": 254976.0, 
      "mean": 77238.85714285714, 
      "variance": 5283681732.789115, 
      "min": 18432.0
    }, 
    "dir_writes": {
      "max": 396561408.0, 
      "mean": 252690919.6190476, 
      "variance": 3758466493840813.0, 
      "min": 196284416.0
    }, 
    "kvdb_bytes_write": {
      "max": 472157.46363999974, 
      "mean": 164078.0809777778, 
      "variance": 43809841886.22673, 
      "min": 0.0
    }, 
    "dir_write_c": {
      "max": 6290.0, 
      "mean": 2741.6666666666665, 
      "variance": 87827202.98412699, 
      "min": 220.0
    }, 
    "peer_stats": {
      "max": 5.199999999999999, 
      "mean": 1.6470588235294117, 
      "variance": 2.463667820069204, 
      "min": 0.0
    }, 
    "tcp_recvs": {
      "max": 19256320.0, 
      "mean": 4959329.523809524, 
      "variance": 40173958060761.1, 
      "min": 0.0
    }
  }, 
  "dir_reads": {
    "metric": {
      "instance": "172.17.0.1:8000", 
      "hostname": "longz-experiment", 
      "pid": "21676", 
      "directory": "/data/blockchain/eth-data", 
      "job": "syscall_monitoring", 
      "application_name": "openethereum"
    }, 
    "values": [
      [
        1632275500, 
        "4267846656"
      ], 
      [
        1632275515, 
        "5279624192"
      ], 
      [
        1632275530, 
        "4569748480"
      ], 
      [
        1632275545, 
        "5151453184"
      ], 
      [
        1632275560, 
        "465631232"
      ], 
      [
        1632275575, 
        "379256832"
      ], 
      [
        1632275590, 
        "370707456"
      ], 
      [
        1632275605, 
        "1632508928"
      ], 
      [
        1632275620, 
        "656876544"
      ], 
      [
        1632275635, 
        "1502484480"
      ], 
      [
        1632275650, 
        "1809591296"
      ], 
      [
        1632275665, 
        "2698003456"
      ], 
      [
        1632275680, 
        "1786468352"
      ], 
      [
        1632275695, 
        "2818874368"
      ], 
      [
        1632275710, 
        "2058087424"
      ], 
      [
        1632275725, 
        "2677774336"
      ], 
      [
        1632275740, 
        "1757524992"
      ], 
      [
        1632275755, 
        "2450630656"
      ], 
      [
        1632275770, 
        "1959415808"
      ], 
      [
        1632275785, 
        "1894148096"
      ], 
      [
        1632275800, 
        "1702089728"
      ]
    ]
  }, 
  "tcp_conn": {
    "metric": {}, 
    "values": [
      [
        1632275500, 
        "2"
      ], 
      [
        1632275515, 
        "4"
      ], 
      [
        1632275530, 
        "1"
      ], 
      [
        1632275545, 
        "2"
      ], 
      [
        1632275560, 
        "48"
      ], 
      [
        1632275575, 
        "5"
      ], 
      [
        1632275590, 
        "201"
      ], 
      [
        1632275605, 
        "358"
      ], 
      [
        1632275620, 
        "270"
      ], 
      [
        1632275635, 
        "105"
      ], 
      [
        1632275650, 
        "44"
      ], 
      [
        1632275665, 
        "61"
      ], 
      [
        1632275680, 
        "170"
      ], 
      [
        1632275695, 
        "56"
      ], 
      [
        1632275710, 
        "65"
      ], 
      [
        1632275725, 
        "47"
      ], 
      [
        1632275740, 
        "183"
      ], 
      [
        1632275755, 
        "82"
      ], 
      [
        1632275770, 
        "67"
      ], 
      [
        1632275785, 
        "127"
      ], 
      [
        1632275800, 
        "274"
      ]
    ]
  }, 
  "kvdb_bytes_read": {
    "metric": {
      "instance": "172.17.0.1:3033", 
      "job": "openethereum"
    }, 
    "values": [
      [
        1632275515, 
        "882661.7"
      ], 
      [
        1632275530, 
        "671094.3973066666"
      ], 
      [
        1632275545, 
        "64990.9"
      ], 
      [
        1632275560, 
        "50710.4"
      ], 
      [
        1632275575, 
        "40340.5"
      ], 
      [
        1632275590, 
        "399119.1"
      ], 
      [
        1632275605, 
        "93494"
      ], 
      [
        1632275620, 
        "151912.11056"
      ], 
      [
        1632275635, 
        "99364.78045333333"
      ], 
      [
        1632275650, 
        "550282.3"
      ], 
      [
        1632275665, 
        "81019.78253333333"
      ], 
      [
        1632275695, 
        "470586.9"
      ], 
      [
        1632275710, 
        "698936.9"
      ], 
      [
        1632275725, 
        "170976.5"
      ], 
      [
        1632275740, 
        "395861.95992000005"
      ], 
      [
        1632275755, 
        "470394.4"
      ], 
      [
        1632275770, 
        "352532.5"
      ], 
      [
        1632275785, 
        "405497.6"
      ]
    ]
  }, 
  "tcp_sends": {
    "metric": {},