{
  "dir_read_c": {
    "metric": {
      "instance": "172.17.0.1:8000", 
      "hostname": "longz-chaosevm", 
      "pid": "26022", 
      "directory": "/data/eth-data", 
      "job": "syscall_monitoring", 
      "application_name": "geth", 
      "__name__": "dir_reads_total"
    }, 
    "values": [
      [
        1633130275, 
        "22358"
      ], 
      [
        1633130290, 
        "21044"
      ], 
      [
        1633130305, 
        "21235"
      ], 
      [
        1633130320, 
        "23392"
      ], 
      [
        1633130335, 
        "89852"
      ], 
      [
        1633130350, 
        "88072"
      ], 
      [
        1633130365, 
        "62951"
      ], 
      [
        1633130380, 
        "35338"
      ], 
      [
        1633130395, 
        "39707"
      ], 
      [
        1633130410, 
        "34049"
      ], 
      [
        1633130425, 
        "32858"
      ], 
      [
        1633130440, 
        "32483"
      ], 
      [
        1633130455, 
        "32351"
      ], 
      [
        1633130470, 
        "31102"
      ], 
      [
        1633130485, 
        "29077"
      ], 
      [
        1633130500, 
        "32816"
      ], 
      [
        1633130515, 
        "35284"
      ], 
      [
        1633130530, 
        "30837"
      ], 
      [
        1633130545, 
        "27633"
      ], 
      [
        1633130560, 
        "27507"
      ], 
      [
        1633130575, 
        "25201"
      ]
    ]
  }, 
  "stat": {
    "dir_read_c": {
      "max": 88072.0, 
      "mean": 36911.76190476191, 
      "variance": 358509889.2290249, 
      "pvalue": 3.156670128762538e-08, 
      "min": 21235.0
    }, 
    "dir_reads": {
      "max": 1211764736.0, 
      "mean": 451948544.0, 
      "variance": 8.865076746966669e+16, 
      "pvalue": 2.7422157616914265e-08, 
      "min": 255425536.0
    }, 
    "tcp_conn": {
      "max": 77.0, 
      "mean": 67.47619047619048, 
      "variance": 34.344671201814045, 
      "pvalue": 3.4269450207188173e-19, 
      "min": 60.0
    }, 
    "tcp_sends": {
      "max": 16107520.0, 
      "mean": 5095619.047619048, 
      "variance": 40663164773708.03, 
      "pvalue": 3.1991782169822135e-08, 
      "min": 112640.0
    }, 
    "dir_writes": {
      "max": 536576.0, 
      "mean": 567734.8571428572, 
      "variance": 4018132403847.838, 
      "pvalue": 0.004678036315719271, 
      "min": 3072.0
    }, 
    "dir_write_c": {
      "max": 238.0, 
      "mean": 139.0952380952381, 
      "variance": 11046.467120181405, 
      "pvalue": 0.00013566842018169936, 
      "min": 20.0
    }, 
    "disk_write": {
      "max": 115617.61940115261, 
      "mean": 37653.22935687663, 
      "variance": 1421497140.126485, 
      "pvalue": 0.003442133318941204, 
      "min": 6771.3548500666875
    }, 
    "disk_read": {
      "max": 44687319.23892494, 
      "mean": 28815792.775811184, 
      "variance": 74351403530631.03, 
      "pvalue": 5.316256187615273e-09, 
      "min": 16875305.411063343
    }, 
    "peer_stats": {
      "max": 38.0, 
      "mean": 34.714285714285715, 
      "variance": 3.227891156462585, 
      "pvalue": 1.6526653304976648e-19, 
      "min": 33.0
    }, 
    "tcp_recvs": {
      "max": 2650112.0, 
      "mean": 1762742.857142857, 
      "variance": 1530939591840.2178, 
      "pvalue": 0.00021467245003999464, 
      "min": 649216.0
    }
  }, 
  "dir_reads": {
    "metric": {
      "instance": "172.17.0.1:8000", 
      "hostname": "longz-chaosevm", 
      "pid": "26022", 
      "directory": "/data/eth-data", 
      "job": "syscall_monitoring", 
      "application_name": "geth"
    }, 
    "values": [
      [
        1633130275, 
        "273713152"
      ], 
      [
        1633130290, 
        "263131136"
      ], 
      [
        1633130305, 
        "255173632"
      ], 
      [
        1633130320, 
        "255425536"
      ], 
      [
        1633130335, 
        "1366280192"
      ], 
      [
        1633130350, 
        "1211764736"
      ], 
      [
        1633130365, 
        "853340160"
      ], 
      [
        1633130380, 
        "383185920"
      ], 
      [
        1633130395, 
        "448318464"
      ], 
      [
        1633130410, 
        "353978368"
      ], 
      [
        1633130425, 
        "335738880"
      ], 
      [
        1633130440, 
        "327856128"
      ], 
      [
        1633130455, 
        "338506752"
      ], 
      [
        1633130470, 
        "340587520"
      ], 
      [
        1633130485, 
        "337293312"
      ], 
      [
        1633130500, 
        "386049024"
      ], 
      [
        1633130515, 
        "407429120"
      ], 
      [
        1633130530, 
        "376542208"
      ], 
      [
        1633130545, 
        "335835136"
      ], 
      [
        1633130560, 
        "339038208"
      ], 
      [
        1633130575, 
        "301731840"
      ]
    ]
  }, 
  "tcp_conn": {
    "metric": {}, 
    "values": [
      [
        1633130275, 
        "72"
      ], 
      [
        1633130290, 
        "72"
      ], 
      [
        1633130305, 
        "61"
      ], 
      [
        1633130320, 
        "57"
      ], 
      [
        1633130335, 
        "60"
      ], 
      [
        1633130350, 
        "65"
      ], 
      [
        1633130365, 
        "67"
      ], 
      [
        1633130380, 
        "71"
      ], 
      [
        1633130395, 
        "64"
      ], 
      [
        1633130410, 
        "65"
      ], 
      [
        1633130425, 
        "65"
      ], 
      [
        1633130440, 
        "78"
      ], 
      [
        1633130455, 
        "62"
      ], 
      [
        1633130470, 
        "65"
      ], 
      [
        1633130485, 
        "62"
      ], 
      [
        1633130500, 
        "75"
      ], 
      [
        1633130515, 
        "62"
      ], 
      [
        1633130530, 
        "72"
      ], 
      [
        1633130545, 
        "77"
      ], 
      [
        1633130560, 
        "74"
      ], 
      [
        1633130575, 
        "71"
      ]
    ]
  }, 
  "tcp_sends": {
    "metric": {}, 
    "values": [
      [
        1633130275, 
        "14437376"
      ], 
      [
        1633130290, 
        "151552"
      ], 
      [
        1633130305, 
        "142336"
      ], 
      [
        1633130320, 
        "17441792"
      ], 
      [
        1633130335, 
        "3720192"
      ], 
      [
        1633130350, 
        "14714880"
      ], 
      [
        1633130365, 
        "5207040"
      ], 
      [
        1633130380, 
        "512000"
      ], 
      [
        1633130395, 
        "1017856"
      ], 
      [
        1633130410, 
        "2419712"
      ], 
      [
        1633130425, 
        "118784"
      ], 
      [
        1633130440, 
        "9079808"
      ], 
      [
        1633130455, 
        "16049152"
      ], 
      [
        1633130470, 
        "199680"
      ], 
      [
        1633130485, 
        "112640"
      ], 
      [
        1633130500, 
        "388096"
      ], 
      [
        1633130515, 
        "4698112"
      ], 
      [
        1633130530, 
        "16107520"
      ], 
      [
        1633130545, 
        "296960"
      ], 
      [
        1633130560, 
        "77824"
      ], 
      [
        1633130575, 
        "114688"
      ]
    ]
  }, 
  "dir_writes": {
    "metric": {
      "instance": "172.17.0.1:8000", 
      "hostname": "longz-chaosevm", 
      "pid": "26022", 
      "directory": "/data/eth-data", 
      "job": "syscall_monitoring", 
      "application_name": "geth"
    },