{
  "dir_read_c": {
    "metric": {
      "instance": "172.17.0.1:8000", 
      "hostname": "longz-chaosevm", 
      "pid": "26022", 
      "directory": "/data/eth-data", 
      "job": "syscall_monitoring", 
      "application_name": "geth", 
      "__name__": "dir_reads_total"
    }, 
    "values": [
      [
        1633129974, 
        "22290"
      ], 
      [
        1633129989, 
        "21366"
      ], 
      [
        1633130004, 
        "21615"
      ], 
      [
        1633130019, 
        "23393"
      ], 
      [
        1633130034, 
        "23820"
      ], 
      [
        1633130049, 
        "23355"
      ], 
      [
        1633130064, 
        "22906"
      ], 
      [
        1633130079, 
        "23578"
      ], 
      [
        1633130094, 
        "22629"
      ], 
      [
        1633130124, 
        "20487"
      ], 
      [
        1633130139, 
        "20450"
      ], 
      [
        1633130154, 
        "19564"
      ], 
      [
        1633130169, 
        "20106"
      ], 
      [
        1633130184, 
        "21069"
      ], 
      [
        1633130199, 
        "20603"
      ], 
      [
        1633130214, 
        "20401"
      ], 
      [
        1633130229, 
        "20684"
      ], 
      [
        1633130244, 
        "19757"
      ], 
      [
        1633130259, 
        "20769"
      ], 
      [
        1633130274, 
        "22358"
      ]
    ]
  }, 
  "stat": {
    "dir_read_c": {
      "max": 23590.100000000002, 
      "mean": 21560.0, 
      "variance": 1777615.9, 
      "pvalue": 0.03471948128554817, 
      "min": 19747.35
    }, 
    "dir_reads": {
      "max": 274305331.20000005, 
      "mean": 256707174.4, 
      "variance": 174044446499799.03, 
      "pvalue": 0.006573753850095405, 
      "min": 235882905.6
    }, 
    "tcp_conn": {
      "max": 71.05, 
      "mean": 61.5, 
      "variance": 48.75, 
      "pvalue": 1.2026467019345983e-18, 
      "min": 52.55
    }, 
    "tcp_sends": {
      "max": 14529843.200000001, 
      "mean": 4334080.0, 
      "variance": 28768609553612.8, 
      "pvalue": 3.0113771506587752e-09, 
      "min": 101120.0
    }, 
    "dir_writes": {
      "max": 590643.2000000002, 
      "mean": 307302.4, 
      "variance": 34761437347.84, 
      "pvalue": 0.0013335664206733395, 
      "min": 114329.6
    }, 
    "dir_write_c": {
      "max": 224.5, 
      "mean": 112.5, 
      "variance": 6246.85, 
      "pvalue": 2.940315499550753e-05, 
      "min": 32.25
    }, 
    "disk_write": {
      "max": 27091.321206393986, 
      "mean": 16994.89382930931, 
      "variance": 44437686.54540604, 
      "pvalue": 0.0292252653016627, 
      "min": 7507.777692566087
    }, 
    "disk_read": {
      "max": 17762823.62559673, 
      "mean": 17046026.82250175, 
      "variance": 213803313779.78824, 
      "pvalue": 1.3715701575441913e-06, 
      "min": 16375608.729448847
    }, 
    "peer_stats": {
      "max": 35.0, 
      "mean": 30.261904761904763, 
      "variance": 8.109977324263038, 
      "pvalue": 1.6526653304976648e-19, 
      "min": 26.0
    }, 
    "tcp_recvs": {
      "max": 2310758.4000000004, 
      "mean": 1222297.6, 
      "variance": 318853640355.84, 
      "pvalue": 1.7390837289924792e-07, 
      "min": 633139.2000000001
    }
  }, 
  "dir_reads": {
    "metric": {
      "instance": "172.17.0.1:8000", 
      "hostname": "longz-chaosevm", 
      "pid": "26022", 
      "directory": "/data/eth-data", 
      "job": "syscall_monitoring", 
      "application_name": "geth"
    }, 
    "values": [
      [
        1633129974, 
        "264324096"
      ], 
      [
        1633129989, 
        "251025408"
      ], 
      [
        1633130004, 
        "260021248"
      ], 
      [
        1633130019, 
        "273753088"
      ], 
      [
        1633130034, 
        "284797952"
      ], 
      [
        1633130049, 
        "259813376"
      ], 
      [
        1633130064, 
        "258936832"
      ], 
      [
        1633130079, 
        "270231552"
      ], 
      [
        1633130094, 
        "272196608"
      ], 
      [
        1633130124, 
        "253692928"
      ], 
      [
        1633130139, 
        "235992064"
      ], 
      [
        1633130154, 
        "233808896"
      ], 
      [
        1633130169, 
        "241616896"
      ], 
      [
        1633130184, 
        "248711168"
      ], 
      [
        1633130199, 
        "251148288"
      ], 
      [
        1633130214, 
        "247774208"
      ], 
      [
        1633130229, 
        "253029376"
      ], 
      [
        1633130244, 
        "242747392"
      ], 
      [
        1633130259, 
        "256808960"
      ], 
      [
        1633130274, 
        "273713152"
      ]
    ]
  }, 
  "tcp_conn": {
    "metric": {}, 
    "values": [
      [
        1633129974, 
        "53"
      ], 
      [
        1633129989, 
        "44"
      ], 
      [
        1633130004, 
        "59"
      ], 
      [
        1633130019, 
        "58"
      ], 
      [
        1633130034, 
        "55"
      ], 
      [
        1633130049, 
        "56"
      ], 
      [
        1633130064, 
        "59"
      ], 
      [
        1633130079, 
        "66"
      ], 
      [
        1633130094, 
        "56"
      ], 
      [
        1633130124, 
        "66"
      ], 
      [
        1633130139, 
        "58"
      ], 
      [
        1633130154, 
        "65"
      ], 
      [
        1633130169, 
        "61"
      ], 
      [
        1633130184, 
        "58"
      ], 
      [
        1633130199, 
        "70"
      ], 
      [
        1633130214, 
        "69"
      ], 
      [
        1633130229, 
        "68"
      ], 
      [
        1633130244, 
        "71"
      ], 
      [
        1633130259, 
        "66"
      ], 
      [
        1633130274, 
        "72"
      ]
    ]
  }, 
  "tcp_sends": {
    "metric": {}, 
    "values": [
      [
        1633129974, 
        "587776"
      ], 
      [
        1633129989, 
        "149504"
      ], 
      [
        1633130004, 
        "557056"
      ], 
      [
        1633130019, 
        "12383232"
      ], 
      [
        1633130034, 
        "16286720"
      ], 
      [
        1633130049, 
        "10320896"
      ], 
      [
        1633130064, 
        "6409216"
      ], 
      [
        1633130079, 
        "7857152"
      ], 
      [
        1633130094, 
        "101376"
      ], 
      [
        1633130124, 
        "552960"
      ], 
      [
        1633130139, 
        "588800"
      ], 
      [
        1633130154, 
        "8439808"
      ], 
      [
        1633130169, 
        "150528"
      ], 
      [
        1633130184, 
        "499712"
      ], 
      [
        1633130199, 
        "146432"
      ], 
      [
        1633130214, 
        "524288"
      ], 
      [
        1633130229, 
        "149504"
      ], 
      [
        1633130244, 
        "96256"
      ], 
      [
        1633130259, 
        "6443008"
      ], 
      [
        1633130274, 
        "14437376"
      ]
    ]
  }, 
  "dir_writes": {
    "metric": {
      "instance": "172.17.0.1:8000", 
      "hostname": "longz-chaosevm", 
      "pid": "26022", 
      "directory": "/data/eth-data", 
      "job": "syscall_monitoring", 
      "application_name": "geth"
    },