{
  "dir_read_c": {
    "metric": {
      "instance": "172.17.0.1:8000", 
      "hostname": "longz-chaosevm", 
      "pid": "26022", 
      "directory": "/data/eth-data", 
      "job": "syscall_monitoring", 
      "application_name": "geth", 
      "__name__": "dir_reads_total"
    }, 
    "values": [
      [
        1633131178, 
        "39188"
      ], 
      [
        1633131193, 
        "40514"
      ], 
      [
        1633131208, 
        "41331"
      ], 
      [
        1633131223, 
        "36795"
      ], 
      [
        1633131238, 
        "37731"
      ], 
      [
        1633131253, 
        "39946"
      ], 
      [
        1633131268, 
        "41831"
      ], 
      [
        1633131283, 
        "38706"
      ], 
      [
        1633131298, 
        "38773"
      ], 
      [
        1633131313, 
        "36448"
      ], 
      [
        1633131328, 
        "37327"
      ], 
      [
        1633131343, 
        "37858"
      ], 
      [
        1633131358, 
        "34966"
      ], 
      [
        1633131373, 
        "31922"
      ], 
      [
        1633131388, 
        "29394"
      ], 
      [
        1633131403, 
        "38790"
      ], 
      [
        1633131418, 
        "38029"
      ], 
      [
        1633131433, 
        "38422"
      ], 
      [
        1633131448, 
        "38448"
      ], 
      [
        1633131463, 
        "38356"
      ], 
      [
        1633131478, 
        "38767"
      ]
    ]
  }, 
  "stat": {
    "dir_read_c": {
      "max": 41331.0, 
      "mean": 37787.71428571428, 
      "variance": 7798837.442176871, 
      "pvalue": 2.5797627811184913e-16, 
      "min": 31922.0
    }, 
    "dir_reads": {
      "max": 494198784.0, 
      "mean": 461103396.5714286, 
      "variance": 1125422184319491.2, 
      "pvalue": 1.508540697922824e-16, 
      "min": 390976512.0
    }, 
    "tcp_conn": {
      "max": 78.0, 
      "mean": 68.33333333333333, 
      "variance": 60.793650793650784, 
      "pvalue": 1.967451708706012e-17, 
      "min": 53.0
    }, 
    "tcp_sends": {
      "max": 3912704.0, 
      "mean": 1074371.0476190476, 
      "variance": 4886075314166.711, 
      "pvalue": 6.31687820578695e-17, 
      "min": 310272.0
    }, 
    "dir_writes": {
      "max": 254976.0, 
      "mean": 84699.42857142857, 
      "variance": 7695563462.530611, 
      "pvalue": 0.008477451764011082, 
      "min": 3072.0
    }, 
    "dir_write_c": {
      "max": 267.0, 
      "mean": 136.57142857142858, 
      "variance": 11020.149659863944, 
      "pvalue": 0.0013968555016902304, 
      "min": 23.0
    }, 
    "disk_write": {
      "max": 18213.55126229733, 
      "mean": 7674.173137238559, 
      "variance": 26189728.09825064, 
      "pvalue": 0.005803509312768861, 
      "min": 3178.5400339274483
    }, 
    "disk_read": {
      "max": 38649420.29013747, 
      "mean": 32755168.0381429, 
      "variance": 10225205782181.31, 
      "pvalue": 7.167721104447669e-17, 
      "min": 28941639.947365507
    }, 
    "peer_stats": {
      "max": 40.0, 
      "mean": 37.73809523809524, 
      "variance": 2.0385487528344672, 
      "pvalue": 1.6526653304976648e-19, 
      "min": 35.0
    }, 
    "tcp_recvs": {
      "max": 2532352.0, 
      "mean": 1515666.2857142857, 
      "variance": 308101516782.5851, 
      "pvalue": 1.0313238037905046e-07, 
      "min": 730112.0
    }
  }, 
  "dir_reads": {
    "metric": {
      "instance": "172.17.0.1:8000", 
      "hostname": "longz-chaosevm", 
      "pid": "26022", 
      "directory": "/data/eth-data", 
      "job": "syscall_monitoring", 
      "application_name": "geth"
    }, 
    "values": [
      [
        1633131178, 
        "467120128"
      ], 
      [
        1633131193, 
        "482234368"
      ], 
      [
        1633131208, 
        "494198784"
      ], 
      [
        1633131223, 
        "446151680"
      ], 
      [
        1633131238, 
        "462166016"
      ], 
      [
        1633131253, 
        "486597632"
      ], 
      [
        1633131268, 
        "512439296"
      ], 
      [
        1633131283, 
        "466972672"
      ], 
      [
        1633131298, 
        "469813248"
      ], 
      [
        1633131313, 
        "445638656"
      ], 
      [
        1633131328, 
        "456578048"
      ], 
      [
        1633131343, 
        "467326976"
      ], 
      [
        1633131358, 
        "429060096"
      ], 
      [
        1633131373, 
        "390976512"
      ], 
      [
        1633131388, 
        "356643840"
      ], 
      [
        1633131403, 
        "475018240"
      ], 
      [
        1633131418, 
        "471259136"
      ], 
      [
        1633131433, 
        "479462400"
      ], 
      [
        1633131448, 
        "474347520"
      ], 
      [
        1633131463, 
        "467228672"
      ], 
      [
        1633131478, 
        "481937408"
      ]
    ]
  }, 
  "tcp_conn": {
    "metric": {}, 
    "values": [
      [
        1633131178, 
        "52"
      ], 
      [
        1633131193, 
        "65"
      ], 
      [
        1633131208, 
        "74"
      ], 
      [
        1633131223, 
        "65"
      ], 
      [
        1633131238, 
        "70"
      ], 
      [
        1633131253, 
        "67"
      ], 
      [
        1633131268, 
        "53"
      ], 
      [
        1633131283, 
        "71"
      ], 
      [
        1633131298, 
        "60"
      ], 
      [
        1633131313, 
        "74"
      ], 
      [
        1633131328, 
        "74"
      ], 
      [
        1633131343, 
        "75"
      ], 
      [
        1633131358, 
        "67"
      ], 
      [
        1633131373, 
        "78"
      ], 
      [
        1633131388, 
        "70"
      ], 
      [
        1633131403, 
        "65"
      ], 
      [
        1633131418, 
        "71"
      ], 
      [
        1633131433, 
        "64"
      ], 
      [
        1633131448, 
        "71"
      ], 
      [
        1633131463, 
        "87"
      ], 
      [
        1633131478, 
        "62"
      ]
    ]
  }, 
  "tcp_sends": {
    "metric": {}, 
    "values": [
      [
        1633131178, 
        "10383360"
      ], 
      [
        1633131193, 
        "3912704"
      ], 
      [
        1633131208, 
        "524288"
      ], 
      [
        1633131223, 
        "375808"
      ], 
      [
        1633131238, 
        "549888"
      ], 
      [
        1633131253, 
        "352256"
      ], 
      [
        1633131268, 
        "504832"
      ], 
      [
        1633131283, 
        "466944"
      ], 
      [
        1633131298, 
        "379904"
      ], 
      [
        1633131313, 
        "353280"
      ], 
      [
        1633131328, 
        "529408"
      ], 
      [
        1633131343, 
        "488448"
      ], 
      [
        1633131358, 
        "437248"
      ], 
      [
        1633131373, 
        "220160"
      ], 
      [
        1633131388, 
        "310272"
      ], 
      [
        1633131403, 
        "480256"
      ], 
      [
        1633131418, 
        "440320"
      ], 
      [
        1633131433, 
        "425984"
      ], 
      [
        1633131448, 
        "489472"
      ], 
      [
        1633131463, 
        "466944"
      ], 
      [
        1633131478, 
        "470016"
      ]
    ]
  }, 
  "dir_writes": {
    "metric": {
      "instance": "172.17.0.1:8000", 
      "hostname": "longz-chaosevm", 
      "pid": "26022", 
      "directory": "/data/eth-data", 
      "job": "syscall_monitoring", 
      "application_name": "geth"
    },