{
  "dir_read_c": {
    "metric": {
      "instance": "172.17.0.1:8000", 
      "hostname": "longz-chaosevm", 
      "pid": "26022", 
      "directory": "/data/eth-data", 
      "job": "syscall_monitoring", 
      "application_name": "geth", 
      "__name__": "dir_reads_total"
    }, 
    "values": [
      [
        1633130875, 
        "25597"
      ], 
      [
        1633130890, 
        "23689"
      ], 
      [
        1633130905, 
        "23686"
      ], 
      [
        1633130920, 
        "32236"
      ], 
      [
        1633130935, 
        "41341"
      ], 
      [
        1633130950, 
        "40791"
      ], 
      [
        1633130965, 
        "43183"
      ], 
      [
        1633130980, 
        "43100"
      ], 
      [
        1633130995, 
        "44069"
      ], 
      [
        1633131010, 
        "40096"
      ], 
      [
        1633131025, 
        "37764"
      ], 
      [
        1633131040, 
        "40927"
      ], 
      [
        1633131055, 
        "52107"
      ], 
      [
        1633131070, 
        "122357"
      ], 
      [
        1633131085, 
        "74632"
      ], 
      [
        1633131100, 
        "66756"
      ], 
      [
        1633131115, 
        "80296"
      ], 
      [
        1633131130, 
        "43888"
      ], 
      [
        1633131145, 
        "38811"
      ], 
      [
        1633131160, 
        "37277"
      ], 
      [
        1633131175, 
        "39188"
      ]
    ]
  }, 
  "stat": {
    "dir_read_c": {
      "max": 80296.0, 
      "mean": 47228.142857142855, 
      "variance": 487630031.1700679, 
      "pvalue": 2.002269557008973e-12, 
      "min": 23689.0
    }, 
    "dir_reads": {
      "max": 1122118656.0, 
      "mean": 590692888.3809524, 
      "variance": 1.1270734038964261e+17, 
      "pvalue": 1.4116370722301328e-12, 
      "min": 280071168.0
    }, 
    "tcp_conn": {
      "max": 83.0, 
      "mean": 72.38095238095238, 
      "variance": 50.99773242630387, 
      "pvalue": 5.411534546655684e-16, 
      "min": 65.0
    }, 
    "tcp_sends": {
      "max": 22972416.0, 
      "mean": 6611480.380952381, 
      "variance": 72557106373183.84, 
      "pvalue": 9.254596976183545e-16, 
      "min": 186368.0
    }, 
    "dir_writes": {
      "max": 630784.0, 
      "mean": 749811.8095238095, 
      "variance": 4746607644328.346, 
      "pvalue": 0.002115551087525598, 
      "min": 2048.0
    }, 
    "dir_write_c": {
      "max": 278.0, 
      "mean": 159.52380952380952, 
      "variance": 14091.297052154197, 
      "pvalue": 0.04505228474821446, 
      "min": 26.0
    }, 
    "disk_write": {
      "max": 134205.7949186533, 
      "mean": 49150.123399358235, 
      "variance": 1603459238.1836994, 
      "pvalue": 8.188850207140916e-12, 
      "min": 23776.017490976494
    }, 
    "disk_read": {
      "max": 55286146.06621042, 
      "mean": 35994156.92534721, 
      "variance": 174764529986318.75, 
      "pvalue": 3.5825601271488268e-09, 
      "min": 19768018.84853473
    }, 
    "peer_stats": {
      "max": 38.0, 
      "mean": 36.095238095238095, 
      "variance": 2.6099773242630375, 
      "pvalue": 1.6526653304976648e-19, 
      "min": 34.0
    }, 
    "tcp_recvs": {
      "max": 4115456.0, 
      "mean": 1751040.0, 
      "variance": 938718989360.762, 
      "pvalue": 0.00017977758668035262, 
      "min": 698368.0
    }
  }, 
  "dir_reads": {
    "metric": {
      "instance": "172.17.0.1:8000", 
      "hostname": "longz-chaosevm", 
      "pid": "26022", 
      "directory": "/data/eth-data", 
      "job": "syscall_monitoring", 
      "application_name": "geth"
    }, 
    "values": [
      [
        1633130875, 
        "291856384"
      ], 
      [
        1633130890, 
        "275608576"
      ], 
      [
        1633130905, 
        "280071168"
      ], 
      [
        1633130920, 
        "386465792"
      ], 
      [
        1633130935, 
        "484251648"
      ], 
      [
        1633130950, 
        "478039040"
      ], 
      [
        1633130965, 
        "500765696"
      ], 
      [
        1633130980, 
        "509215744"
      ], 
      [
        1633130995, 
        "533966848"
      ], 
      [
        1633131010, 
        "468430848"
      ], 
      [
        1633131025, 
        "442750976"
      ], 
      [
        1633131040, 
        "488581120"
      ], 
      [
        1633131055, 
        "693627904"
      ], 
      [
        1633131070, 
        "1784139776"
      ], 
      [
        1633131085, 
        "942283776"
      ], 
      [
        1633131100, 
        "822543360"
      ], 
      [
        1633131115, 
        "1122118656"
      ], 
      [
        1633131130, 
        "516988928"
      ], 
      [
        1633131145, 
        "466998272"
      ], 
      [
        1633131160, 
        "448726016"
      ], 
      [
        1633131175, 
        "467120128"
      ]
    ]
  }, 
  "tcp_conn": {
    "metric": {}, 
    "values": [
      [
        1633130875, 
        "72"
      ], 
      [
        1633130890, 
        "71"
      ], 
      [
        1633130905, 
        "71"
      ], 
      [
        1633130920, 
        "73"
      ], 
      [
        1633130935, 
        "71"
      ], 
      [
        1633130950, 
        "66"
      ], 
      [
        1633130965, 
        "78"
      ], 
      [
        1633130980, 
        "88"
      ], 
      [
        1633130995, 
        "75"
      ], 
      [
        1633131010, 
        "73"
      ], 
      [
        1633131025, 
        "73"
      ], 
      [
        1633131040, 
        "77"
      ], 
      [
        1633131055, 
        "65"
      ], 
      [
        1633131070, 
        "83"
      ], 
      [
        1633131085, 
        "81"
      ], 
      [
        1633131100, 
        "70"
      ], 
      [
        1633131115, 
        "68"
      ], 
      [
        1633131130, 
        "67"
      ], 
      [
        1633131145, 
        "75"
      ], 
      [
        1633131160, 
        "71"
      ], 
      [
        1633131175, 
        "52"
      ]
    ]
  }, 
  "tcp_sends": {
    "metric": {}, 
    "values": [
      [
        1633130875, 
        "1863680"
      ], 
      [
        1633130890, 
        "120832"
      ], 
      [
        1633130905, 
        "3283968"
      ], 
      [
        1633130920, 
        "22972416"
      ], 
      [
        1633130935, 
        "2623488"
      ], 
      [
        1633130950, 
        "571392"
      ], 
      [
        1633130965, 
        "570368"
      ], 
      [
        1633130980, 
        "396288"
      ], 
      [
        1633130995, 
        "23557120"
      ], 
      [
        1633131010, 
        "8358912"
      ], 
      [
        1633131025, 
        "22243328"
      ], 
      [
        1633131040, 
        "434176"
      ], 
      [
        1633131055, 
        "541696"
      ], 
      [
        1633131070, 
        "455680"
      ], 
      [
        1633131085, 
        "16741376"
      ], 
      [
        1633131100, 
        "2946048"
      ], 
      [
        1633131115, 
        "881664"
      ], 
      [
        1633131130, 
        "370688"
      ], 
      [
        1633131145, 
        "186368"
      ], 
      [
        1633131160, 
        "19338240"
      ], 
      [
        1633131175, 
        "10383360"
      ]
    ]
  }, 
  "dir_writes": {
    "metric": {
      "instance": "172.17.0.1:8000", 
      "hostname": "longz-chaosevm", 
      "pid": "26022", 
      "directory": "/data/eth-data", 
      "job": "syscall_monitoring", 
      "application_name": "geth"
    },