{
  "stat": {
    "max": 40.0, 
    "mean": 38.95, 
    "variance": 0.6474999999999999, 
    "min": 37.949999999999996
  }, 
  "values": [
    [
      1627486095, 
      39.5
    ], 
    [
      1627486110, 
      39
    ], 
    [
      1627486125, 
      39.5
    ], 
    [
      1627486140, 
      39
    ], 
    [
      1627486155, 
      39.5
    ], 
    [
      1627486170, 
      40
    ], 
    [
      1627486185, 
      39
    ], 
    [
      1627486200, 
      40
    ], 
    [
      1627486215, 
      39
    ], 
    [
      1627486230, 
      40
    ], 
    [
      1627486245, 
      39.5
    ], 
    [
      1627486260, 
      39
    ], 
    [
      1627486275, 
      39.5
    ], 
    [
      1627486290, 
      40
    ], 
    [
      1627486305, 
      38
    ], 
    [
      1627486320, 
      38
    ], 
    [
      1627486335, 
      38
    ], 
    [
      1627486350, 
      37
    ], 
    [
      1627486365, 
      40
    ], 
    [
      1627486380, 
      38
    ]
  ], 
  "name": "geth.p2p/peers.gauge", 
  "columns": [
    "time", 
    "median"
  ]
}