{
  "stat": {
    "max": 44.0, 
    "mean": 42.95238095238095, 
    "variance": 0.23582766439909303, 
    "min": 42.0
  }, 
  "values": [
    [
      1622765670, 
      42
    ], 
    [
      1622765685, 
      42
    ], 
    [
      1622765700, 
      43
    ], 
    [
      1622765715, 
      43
    ], 
    [
      1622765730, 
      43
    ], 
    [
      1622765745, 
      43
    ], 
    [
      1622765760, 
      43
    ], 
    [
      1622765775, 
      43
    ], 
    [
      1622765790, 
      43
    ], 
    [
      1622765805, 
      43
    ], 
    [
      1622765820, 
      43
    ], 
    [
      1622765835, 
      43
    ], 
    [
      1622765850, 
      43
    ], 
    [
      1622765865, 
      43
    ], 
    [
      1622765880, 
      43
    ], 
    [
      1622765895, 
      43
    ], 
    [
      1622765910, 
      43
    ], 
    [
      1622765925, 
      43
    ], 
    [
      1622765940, 
      44
    ], 
    [
      1622765955, 
      44
    ], 
    [
      1622765970, 
      42
    ]
  ], 
  "name": "geth.p2p/peers.gauge", 
  "columns": [
    "time", 
    "median"
  ]
}