{
  "dir_read_c": {
    "metric": {
      "instance": "172.17.0.1:8000", 
      "hostname": "longz-chaosevm", 
      "pid": "24698", 
      "directory": "/data/eth-data", 
      "job": "syscall_monitoring", 
      "application_name": "geth", 
      "__name__": "dir_reads_total"
    }, 
    "values": [
      [
        1633126041, 
        "22913"
      ], 
      [
        1633126056, 
        "23160"
      ], 
      [
        1633126071, 
        "24403"
      ], 
      [
        1633126086, 
        "23848"
      ], 
      [
        1633126101, 
        "23131"
      ], 
      [
        1633126116, 
        "22631"
      ], 
      [
        1633126131, 
        "22341"
      ], 
      [
        1633126146, 
        "21982"
      ], 
      [
        1633126161, 
        "20562"
      ], 
      [
        1633126176, 
        "22343"
      ], 
      [
        1633126191, 
        "21623"
      ], 
      [
        1633126206, 
        "22103"
      ], 
      [
        1633126221, 
        "20052"
      ], 
      [
        1633126236, 
        "23092"
      ], 
      [
        1633126251, 
        "21929"
      ], 
      [
        1633126266, 
        "21530"
      ], 
      [
        1633126281, 
        "21952"
      ], 
      [
        1633126296, 
        "21236"
      ], 
      [
        1633126311, 
        "21263"
      ], 
      [
        1633126326, 
        "21448"
      ], 
      [
        1633126341, 
        "19843"
      ]
    ]
  }, 
  "stat": {
    "dir_read_c": {
      "max": 23848.0, 
      "mean": 22065.95238095238, 
      "variance": 1271863.1882086168, 
      "pvalue": 0.06963681400388883, 
      "min": 20052.0
    }, 
    "dir_reads": {
      "max": 281364480.0, 
      "mean": 260697526.85714287, 
      "variance": 201305615543846.3, 
      "pvalue": 0.03442825669581308, 
      "min": 243001344.0
    }, 
    "tcp_conn": {
      "max": 90.0, 
      "mean": 75.76190476190476, 
      "variance": 61.41950113378684, 
      "pvalue": 3.591475918198752e-13, 
      "min": 62.0
    }, 
    "tcp_sends": {
      "max": 38090752.0, 
      "mean": 10209133.714285715, 
      "variance": 160334400945061.44, 
      "pvalue": 1.658406465584001e-07, 
      "min": 98304.0
    }, 
    "dir_writes": {
      "max": 427008.0, 
      "mean": 194072.38095238095, 
      "variance": 13045345904.616781, 
      "pvalue": 0.006753496182053888, 
      "min": 91136.0
    }, 
    "dir_write_c": {
      "max": 240.0, 
      "mean": 125.76190476190476, 
      "variance": 9465.133786848073, 
      "pvalue": 1.8036347728477626e-05, 
      "min": 29.0
    }, 
    "disk_write": {
      "max": 14651.591231469454, 
      "mean": 10971.99287281345, 
      "variance": 9514838.241885694, 
      "pvalue": 0.001769191249697575, 
      "min": 5706.941239349444
    }, 
    "disk_read": {
      "max": 18290474.768885653, 
      "mean": 17547504.899458926, 
      "variance": 242184640998.71664, 
      "pvalue": 8.912961895743711e-05, 
      "min": 16824688.86176579
    }, 
    "peer_stats": {
      "max": 37.5, 
      "mean": 35.38095238095238, 
      "variance": 2.807256235827662, 
      "pvalue": 1.6526653304976648e-19, 
      "min": 33.0
    }, 
    "tcp_recvs": {
      "max": 2063360.0, 
      "mean": 1481923.0476190476, 
      "variance": 258756062832.61673, 
      "pvalue": 9.298246776744977e-08, 
      "min": 651264.0
    }
  }, 
  "dir_reads": {
    "metric": {
      "instance": "172.17.0.1:8000", 
      "hostname": "longz-chaosevm", 
      "pid": "24698", 
      "directory": "/data/eth-data", 
      "job": "syscall_monitoring", 
      "application_name": "geth"
    }, 
    "values": [
      [
        1633126041, 
        "278519808"
      ], 
      [
        1633126056, 
        "276092928"
      ], 
      [
        1633126071, 
        "290823168"
      ], 
      [
        1633126086, 
        "261339136"
      ], 
      [
        1633126101, 
        "254882816"
      ], 
      [
        1633126116, 
        "274826240"
      ], 
      [
        1633126131, 
        "268575744"
      ], 
      [
        1633126146, 
        "254932992"
      ], 
      [
        1633126161, 
        "246234112"
      ], 
      [
        1633126176, 
        "263023616"
      ], 
      [
        1633126191, 
        "261687296"
      ], 
      [
        1633126206, 
        "265979904"
      ], 
      [
        1633126221, 
        "243001344"
      ], 
      [
        1633126236, 
        "281364480"
      ], 
      [
        1633126251, 
        "255504384"
      ], 
      [
        1633126266, 
        "262233088"
      ], 
      [
        1633126281, 
        "262728704"
      ], 
      [
        1633126296, 
        "244430848"
      ], 
      [
        1633126311, 
        "249008128"
      ], 
      [
        1633126326, 
        "248045568"
      ], 
      [
        1633126341, 
        "231413760"
      ]
    ]
  }, 
  "tcp_conn": {
    "metric": {}, 
    "values": [
      [
        1633126041, 
        "76"
      ], 
      [
        1633126056, 
        "77"
      ], 
      [
        1633126071, 
        "72"
      ], 
      [
        1633126086, 
        "79"
      ], 
      [
        1633126101, 
        "90"
      ], 
      [
        1633126116, 
        "79"
      ], 
      [
        1633126131, 
        "71"
      ], 
      [
        1633126146, 
        "73"
      ], 
      [
        1633126161, 
        "69"
      ], 
      [
        1633126176, 
        "91"
      ], 
      [
        1633126191, 
        "80"
      ], 
      [
        1633126206, 
        "85"
      ], 
      [
        1633126221, 
        "84"
      ], 
      [
        1633126236, 
        "82"
      ], 
      [
        1633126251, 
        "71"
      ], 
      [
        1633126266, 
        "73"
      ], 
      [
        1633126281, 
        "62"
      ], 
      [
        1633126296, 
        "71"
      ], 
      [
        1633126311, 
        "66"
      ], 
      [
        1633126326, 
        "62"
      ], 
      [
        1633126341, 
        "78"
      ]
    ]
  }, 
  "tcp_sends": {
    "metric": {}, 
    "values": [
      [
        1633126041, 
        "12170240"
      ], 
      [
        1633126056, 
        "16933888"
      ], 
      [
        1633126071, 
        "14689280"
      ], 
      [
        1633126086, 
        "38090752"
      ], 
      [
        1633126101, 
        "5635072"
      ], 
      [
        1633126116, 
        "173056"
      ], 
      [
        1633126131, 
        "12420096"
      ], 
      [
        1633126146, 
        "32419840"
      ], 
      [
        1633126161, 
        "13552640"
      ], 
      [
        1633126176, 
        "151552"
      ], 
      [
        1633126191, 
        "114688"
      ], 
      [
        1633126206, 
        "98304"
      ], 
      [
        1633126221, 
        "166912"
      ], 
      [
        1633126236, 
        "274432"
      ], 
      [
        1633126251, 
        "326656"
      ], 
      [
        1633126266, 
        "6324224"
      ], 
      [
        1633126281, 
        "20112384"
      ], 
      [
        1633126296, 
        "39853056"
      ], 
      [
        1633126311, 
        "632832"
      ], 
      [
        1633126326, 
        "175104"
      ], 
      [
        1633126341, 
        "76800"
      ]
    ]
  }, 
  "dir_writes": {
    "metric": {
      "instance": "172.17.0.1:8000", 
      "hostname": "longz-chaosevm", 
      "pid": "24698", 
      "directory": "/data/eth-data", 
      "job": "syscall_monitoring", 
      "application_name": "geth"
    },