{
  "dir_read_c": {
    "metric": {
      "instance": "172.17.0.1:8000", 
      "hostname": "longz-chaosevm", 
      "pid": "24698", 
      "directory": "/data/eth-data", 
      "job": "syscall_monitoring", 
      "application_name": "geth", 
      "__name__": "dir_reads_total"
    }, 
    "values": [
      [
        1633125741, 
        "25929"
      ], 
      [
        1633125756, 
        "24588"
      ], 
      [
        1633125771, 
        "23299"
      ], 
      [
        1633125786, 
        "24297"
      ], 
      [
        1633125801, 
        "19101"
      ], 
      [
        1633125816, 
        "18189"
      ], 
      [
        1633125831, 
        "19704"
      ], 
      [
        1633125846, 
        "21466"
      ], 
      [
        1633125861, 
        "18495"
      ], 
      [
        1633125876, 
        "18519"
      ], 
      [
        1633125891, 
        "21561"
      ], 
      [
        1633125906, 
        "20989"
      ], 
      [
        1633125921, 
        "20408"
      ], 
      [
        1633125936, 
        "23286"
      ], 
      [
        1633125951, 
        "21557"
      ], 
      [
        1633125966, 
        "21999"
      ], 
      [
        1633125981, 
        "22061"
      ], 
      [
        1633125996, 
        "22896"
      ], 
      [
        1633126011, 
        "22454"
      ], 
      [
        1633126026, 
        "24159"
      ], 
      [
        1633126041, 
        "22913"
      ]
    ]
  }, 
  "stat": {
    "dir_read_c": {
      "max": 24588.0, 
      "mean": 21803.333333333332, 
      "variance": 4441909.365079366, 
      "pvalue": 0.2664937603949329, 
      "min": 18495.0
    }, 
    "dir_reads": {
      "max": 301797376.0, 
      "mean": 265143539.80952382, 
      "variance": 671494471957599.1, 
      "pvalue": 0.49396526658370515, 
      "min": 223815680.0
    }, 
    "tcp_conn": {
      "max": 81.0, 
      "mean": 70.42857142857143, 
      "variance": 44.816326530612244, 
      "pvalue": 7.237669417903351e-17, 
      "min": 59.0
    }, 
    "tcp_sends": {
      "max": 12170240.0, 
      "mean": 2115340.1904761903, 
      "variance": 37140210387868.16, 
      "pvalue": 0.0001424581623956685, 
      "min": 52224.0
    }, 
    "dir_writes": {
      "max": 158720.0, 
      "mean": 90940.95238095238, 
      "variance": 2426966006.712018, 
      "pvalue": 0.0005561690978192738, 
      "min": 22528.0
    }, 
    "dir_write_c": {
      "max": 212.0, 
      "mean": 106.66666666666667, 
      "variance": 6385.841269841269, 
      "pvalue": 1.7369303730037133e-05, 
      "min": 23.0
    }, 
    "disk_write": {
      "max": 11228.024757538122, 
      "mean": 6438.653015867839, 
      "variance": 6249054.2320054285, 
      "pvalue": 1.3174769881328339e-05, 
      "min": 3705.3505074513823
    }, 
    "disk_read": {
      "max": 22270993.075102597, 
      "mean": 18566706.97732227, 
      "variance": 3846028221391.2446, 
      "pvalue": 0.15280856789414932, 
      "min": 16736010.838724356
    }, 
    "peer_stats": {
      "max": 36.0, 
      "mean": 33.976190476190474, 
      "variance": 4.844671201814059, 
      "pvalue": 1.6526653304976648e-19, 
      "min": 30.0
    }, 
    "tcp_recvs": {
      "max": 3358720.0, 
      "mean": 1960277.3333333333, 
      "variance": 797805088312.8889, 
      "pvalue": 0.0031651494426454133, 
      "min": 840704.0
    }
  }, 
  "dir_reads": {
    "metric": {
      "instance": "172.17.0.1:8000", 
      "hostname": "longz-chaosevm", 
      "pid": "24698", 
      "directory": "/data/eth-data", 
      "job": "syscall_monitoring", 
      "application_name": "geth"
    }, 
    "values": [
      [
        1633125741, 
        "313190400"
      ], 
      [
        1633125756, 
        "301797376"
      ], 
      [
        1633125771, 
        "284750848"
      ], 
      [
        1633125786, 
        "296335360"
      ], 
      [
        1633125801, 
        "231957504"
      ], 
      [
        1633125816, 
        "219212800"
      ], 
      [
        1633125831, 
        "239174656"
      ], 
      [
        1633125846, 
        "259502080"
      ], 
      [
        1633125861, 
        "223815680"
      ], 
      [
        1633125876, 
        "224313344"
      ], 
      [
        1633125891, 
        "260401152"
      ], 
      [
        1633125906, 
        "254216192"
      ], 
      [
        1633125921, 
        "251521024"
      ], 
      [
        1633125936, 
        "284071936"
      ], 
      [
        1633125951, 
        "262541312"
      ], 
      [
        1633125966, 
        "268015616"
      ], 
      [
        1633125981, 
        "270790656"
      ], 
      [
        1633125996, 
        "279421952"
      ], 
      [
        1633126011, 
        "275152896"
      ], 
      [
        1633126026, 
        "289311744"
      ], 
      [
        1633126041, 
        "278519808"
      ]
    ]
  }, 
  "tcp_conn": {
    "metric": {}, 
    "values": [
      [
        1633125741, 
        "61"
      ], 
      [
        1633125756, 
        "59"
      ], 
      [
        1633125771, 
        "67"
      ], 
      [
        1633125786, 
        "59"
      ], 
      [
        1633125801, 
        "66"
      ], 
      [
        1633125816, 
        "67"
      ], 
      [
        1633125831, 
        "73"
      ], 
      [
        1633125846, 
        "67"
      ], 
      [
        1633125861, 
        "76"
      ], 
      [
        1633125876, 
        "65"
      ], 
      [
        1633125891, 
        "73"
      ], 
      [
        1633125906, 
        "73"
      ], 
      [
        1633125921, 
        "69"
      ], 
      [
        1633125936, 
        "81"
      ], 
      [
        1633125951, 
        "85"
      ], 
      [
        1633125966, 
        "73"
      ], 
      [
        1633125981, 
        "67"
      ], 
      [
        1633125996, 
        "70"
      ], 
      [
        1633126011, 
        "79"
      ], 
      [
        1633126026, 
        "73"
      ], 
      [
        1633126041, 
        "76"
      ]
    ]
  }, 
  "tcp_sends": {
    "metric": {}, 
    "values": [
      [
        1633125741, 
        "67584"
      ], 
      [
        1633125756, 
        "129024"
      ], 
      [
        1633125771, 
        "3919872"
      ], 
      [
        1633125786, 
        "122880"
      ], 
      [
        1633125801, 
        "73728"
      ], 
      [
        1633125816, 
        "130048"
      ], 
      [
        1633125831, 
        "61440"
      ], 
      [
        1633125846, 
        "111616"
      ], 
      [
        1633125861, 
        "51200"
      ], 
      [
        1633125876, 
        "101376"
      ], 
      [
        1633125891, 
        "52224"
      ], 
      [
        1633125906, 
        "103424"
      ], 
      [
        1633125921, 
        "61440"
      ], 
      [
        1633125936, 
        "173056"
      ], 
      [
        1633125951, 
        "71680"
      ], 
      [
        1633125966, 
        "116736"
      ], 
      [
        1633125981, 
        "70656"
      ], 
      [
        1633125996, 
        "113664"
      ], 
      [
        1633126011, 
        "69632"
      ], 
      [
        1633126026, 
        "26650624"
      ], 
      [
        1633126041, 
        "12170240"
      ]
    ]
  }, 
  "dir_writes": {
    "metric": {
      "instance": "172.17.0.1:8000", 
      "hostname": "longz-chaosevm", 
      "pid": "24698", 
      "directory": "/data/eth-data", 
      "job": "syscall_monitoring", 
      "application_name": "geth"
    },