{
  "dir_read_c": {
    "metric": {
      "instance": "172.17.0.1:8000", 
      "hostname": "longz-chaosevm", 
      "pid": "24698", 
      "directory": "/data/eth-data", 
      "job": "syscall_monitoring", 
      "application_name": "geth", 
      "__name__": "dir_reads_total"
    }, 
    "values": [
      [
        1633126641, 
        "19761"
      ], 
      [
        1633126656, 
        "18932"
      ], 
      [
        1633126671, 
        "20363"
      ], 
      [
        1633126686, 
        "24888"
      ], 
      [
        1633126701, 
        "25585"
      ], 
      [
        1633126716, 
        "24319"
      ], 
      [
        1633126731, 
        "24052"
      ], 
      [
        1633126746, 
        "32364"
      ], 
      [
        1633126761, 
        "31664"
      ], 
      [
        1633126776, 
        "30430"
      ], 
      [
        1633126791, 
        "29789"
      ], 
      [
        1633126806, 
        "30966"
      ], 
      [
        1633126821, 
        "30244"
      ], 
      [
        1633126836, 
        "31523"
      ], 
      [
        1633126851, 
        "32358"
      ], 
      [
        1633126866, 
        "31678"
      ], 
      [
        1633126881, 
        "28336"
      ], 
      [
        1633126896, 
        "29960"
      ], 
      [
        1633126911, 
        "30833"
      ], 
      [
        1633126926, 
        "34569"
      ], 
      [
        1633126941, 
        "34159"
      ]
    ]
  }, 
  "stat": {
    "dir_read_c": {
      "max": 34159.0, 
      "mean": 28417.761904761905, 
      "variance": 21086953.895691607, 
      "pvalue": 1.71772129846165e-06, 
      "min": 19761.0
    }, 
    "dir_reads": {
      "max": 424695808.0, 
      "mean": 338683221.3333333, 
      "variance": 3754175817888458.5, 
      "pvalue": 7.943180094083402e-07, 
      "min": 231235584.0
    }, 
    "tcp_conn": {
      "max": 84.0, 
      "mean": 74.19047619047619, 
      "variance": 28.820861678004533, 
      "pvalue": 2.5797627811184913e-16, 
      "min": 66.0
    }, 
    "tcp_sends": {
      "max": 144384.0, 
      "mean": 99132.95238095238, 
      "variance": 967647807.8548753, 
      "pvalue": 4.360271919445956e-07, 
      "min": 59392.0
    }, 
    "dir_writes": {
      "max": 55296.0, 
      "mean": 26965.333333333332, 
      "variance": 944650467.5555555, 
      "pvalue": 4.895437722906007e-08, 
      "min": 2048.0
    }, 
    "dir_write_c": {
      "max": 266.0, 
      "mean": 133.52380952380952, 
      "variance": 13038.535147392291, 
      "pvalue": 0.0013968555016902304, 
      "min": 20.0
    }, 
    "disk_write": {
      "max": 5298.929152995781, 
      "mean": 1837.3830987390393, 
      "variance": 2620024.1836174103, 
      "pvalue": 1.0429798938055606e-11, 
      "min": 387.17165729690413
    }, 
    "disk_read": {
      "max": 24865220.100038063, 
      "mean": 21529407.119156078, 
      "variance": 8111542517659.058, 
      "pvalue": 0.001996421949789038, 
      "min": 17519217.413190775
    }, 
    "peer_stats": {
      "max": 41.0, 
      "mean": 39.23809523809524, 
      "variance": 1.4195011337868482, 
      "pvalue": 1.6526653304976648e-19, 
      "min": 37.5
    }, 
    "tcp_recvs": {
      "max": 3985408.0, 
      "mean": 2318092.1904761903, 
      "variance": 711362237632.7257, 
      "pvalue": 0.11637739050899887, 
      "min": 1394688.0
    }
  }, 
  "dir_reads": {
    "metric": {
      "instance": "172.17.0.1:8000", 
      "hostname": "longz-chaosevm", 
      "pid": "24698", 
      "directory": "/data/eth-data", 
      "job": "syscall_monitoring", 
      "application_name": "geth"
    }, 
    "values": [
      [
        1633126641, 
        "235590656"
      ], 
      [
        1633126656, 
        "223866880"
      ], 
      [
        1633126671, 
        "231235584"
      ], 
      [
        1633126686, 
        "279638016"
      ], 
      [
        1633126701, 
        "289431552"
      ], 
      [
        1633126716, 
        "277229568"
      ], 
      [
        1633126731, 
        "275473408"
      ], 
      [
        1633126746, 
        "388140032"
      ], 
      [
        1633126761, 
        "377726976"
      ], 
      [
        1633126776, 
        "361749504"
      ], 
      [
        1633126791, 
        "350889984"
      ], 
      [
        1633126806, 
        "368581632"
      ], 
      [
        1633126821, 
        "356246528"
      ], 
      [
        1633126836, 
        "378215424"
      ], 
      [
        1633126851, 
        "388020224"
      ], 
      [
        1633126866, 
        "391868416"
      ], 
      [
        1633126881, 
        "350637056"
      ], 
      [
        1633126896, 
        "363283456"
      ], 
      [
        1633126911, 
        "372767744"
      ], 
      [
        1633126926, 
        "424695808"
      ], 
      [
        1633126941, 
        "427059200"
      ]
    ]
  }, 
  "tcp_conn": {
    "metric": {}, 
    "values": [
      [
        1633126641, 
        "70"
      ], 
      [
        1633126656, 
        "77"
      ], 
      [
        1633126671, 
        "77"
      ], 
      [
        1633126686, 
        "73"
      ], 
      [
        1633126701, 
        "78"
      ], 
      [
        1633126716, 
        "84"
      ], 
      [
        1633126731, 
        "70"
      ], 
      [
        1633126746, 
        "73"
      ], 
      [
        1633126761, 
        "72"
      ], 
      [
        1633126776, 
        "73"
      ], 
      [
        1633126791, 
        "73"
      ], 
      [
        1633126806, 
        "74"
      ], 
      [
        1633126821, 
        "66"
      ], 
      [
        1633126836, 
        "70"
      ], 
      [
        1633126851, 
        "71"
      ], 
      [
        1633126866, 
        "78"
      ], 
      [
        1633126881, 
        "68"
      ], 
      [
        1633126896, 
        "85"
      ], 
      [
        1633126911, 
        "79"
      ], 
      [
        1633126926, 
        "65"
      ], 
      [
        1633126941, 
        "82"
      ]
    ]
  }, 
  "tcp_sends": {
    "metric": {}, 
    "values": [
      [
        1633126641, 
        "75776"
      ], 
      [
        1633126656, 
        "111616"
      ], 
      [
        1633126671, 
        "59392"
      ], 
      [
        1633126686, 
        "119808"
      ], 
      [
        1633126701, 
        "61440"
      ], 
      [
        1633126716, 
        "114688"
      ], 
      [
        1633126731, 
        "58368"
      ], 
      [
        1633126746, 
        "155648"
      ], 
      [
        1633126761, 
        "68608"
      ], 
      [
        1633126776, 
        "119808"
      ], 
      [
        1633126791, 
        "118784"
      ], 
      [
        1633126806, 
        "72704"
      ], 
      [
        1633126821, 
        "121856"
      ], 
      [
        1633126836, 
        "60416"
      ], 
      [
        1633126851, 
        "144384"
      ], 
      [
        1633126866, 
        "105472"
      ], 
      [
        1633126881, 
        "130048"
      ], 
      [
        1633126896, 
        "63488"
      ], 
      [
        1633126911, 
        "126976"
      ], 
      [
        1633126926, 
        "68608"
      ], 
      [
        1633126941, 
        "123904"
      ]
    ]
  }, 
  "dir_writes": {
    "metric": {
      "instance": "172.17.0.1:8000", 
      "hostname": "longz-chaosevm", 
      "pid": "24698", 
      "directory": "/data/eth-data", 
      "job": "syscall_monitoring", 
      "application_name": "geth"
    },