{
  "dir_read_c": {
    "metric": {
      "instance": "172.17.0.1:8000", 
      "hostname": "longz-chaosevm", 
      "pid": "24698", 
      "directory": "/data/eth-data", 
      "job": "syscall_monitoring", 
      "application_name": "geth", 
      "__name__": "dir_reads_total"
    }, 
    "values": [
      [
        1633126945, 
        "34159"
      ], 
      [
        1633126960, 
        "36172"
      ], 
      [
        1633126975, 
        "41626"
      ], 
      [
        1633126990, 
        "34274"
      ], 
      [
        1633127005, 
        "33281"
      ], 
      [
        1633127020, 
        "32570"
      ], 
      [
        1633127035, 
        "32584"
      ], 
      [
        1633127050, 
        "34308"
      ], 
      [
        1633127065, 
        "33073"
      ], 
      [
        1633127080, 
        "34422"
      ], 
      [
        1633127095, 
        "35515"
      ], 
      [
        1633127110, 
        "30733"
      ], 
      [
        1633127125, 
        "30930"
      ], 
      [
        1633127140, 
        "28049"
      ], 
      [
        1633127155, 
        "27185"
      ], 
      [
        1633127170, 
        "29032"
      ], 
      [
        1633127185, 
        "29231"
      ], 
      [
        1633127200, 
        "28223"
      ], 
      [
        1633127215, 
        "71711"
      ], 
      [
        1633127230, 
        "100692"
      ], 
      [
        1633127245, 
        "83108"
      ]
    ]
  }, 
  "stat": {
    "dir_read_c": {
      "max": 83108.0, 
      "mean": 40041.80952380953, 
      "variance": 369937547.8684808, 
      "pvalue": 1.0538243671640303e-14, 
      "min": 28049.0
    }, 
    "dir_reads": {
      "max": 1265505280.0, 
      "mean": 524504990.47619045, 
      "variance": 9.82199342406009e+16, 
      "pvalue": 3.1280475171888453e-15, 
      "min": 350104576.0
    }, 
    "tcp_conn": {
      "max": 84.0, 
      "mean": 74.57142857142857, 
      "variance": 38.054421768707485, 
      "pvalue": 5.843669221849452e-17, 
      "min": 66.0
    }, 
    "tcp_sends": {
      "max": 3648512.0, 
      "mean": 512243.8095238095, 
      "variance": 1481814338850.2493, 
      "pvalue": 0.009851407738186758, 
      "min": 71680.0
    }, 
    "dir_writes": {
      "max": 720896.0, 
      "mean": 736402.2857142857, 
      "variance": 4512356802615.728, 
      "pvalue": 0.05858724494107629, 
      "min": 11264.0
    }, 
    "dir_write_c": {
      "max": 311.0, 
      "mean": 177.52380952380952, 
      "variance": 17663.868480725625, 
      "pvalue": 0.5348100679109894, 
      "min": 21.0
    }, 
    "disk_write": {
      "max": 123201.98734715537, 
      "mean": 29828.105389801025, 
      "variance": 1791401825.7085466, 
      "pvalue": 0.4098225564917188, 
      "min": 2120.389503532708
    }, 
    "disk_read": {
      "max": 48624725.94070227, 
      "mean": 29584215.55270376, 
      "variance": 55843301496158.05, 
      "pvalue": 8.175452472528277e-15, 
      "min": 24722617.93792738
    }, 
    "peer_stats": {
      "max": 42.0, 
      "mean": 40.38095238095238, 
      "variance": 0.7834467120181406, 
      "pvalue": 1.6526653304976648e-19, 
      "min": 39.0
    }, 
    "tcp_recvs": {
      "max": 5840896.0, 
      "mean": 2804784.761904762, 
      "variance": 3487080479950.6577, 
      "pvalue": 0.3842355863229691, 
      "min": 964608.0
    }
  }, 
  "dir_reads": {
    "metric": {
      "instance": "172.17.0.1:8000", 
      "hostname": "longz-chaosevm", 
      "pid": "24698", 
      "directory": "/data/eth-data", 
      "job": "syscall_monitoring", 
      "application_name": "geth"
    }, 
    "values": [
      [
        1633126945, 
        "427059200"
      ], 
      [
        1633126960, 
        "437898240"
      ], 
      [
        1633126975, 
        "510052352"
      ], 
      [
        1633126990, 
        "409415680"
      ], 
      [
        1633127005, 
        "398542848"
      ], 
      [
        1633127020, 
        "402293760"
      ], 
      [
        1633127035, 
        "408670208"
      ], 
      [
        1633127050, 
        "426861568"
      ], 
      [
        1633127065, 
        "409079808"
      ], 
      [
        1633127080, 
        "425772032"
      ], 
      [
        1633127095, 
        "443524096"
      ], 
      [
        1633127110, 
        "370759680"
      ], 
      [
        1633127125, 
        "386929664"
      ], 
      [
        1633127140, 
        "350104576"
      ], 
      [
        1633127155, 
        "327904256"
      ], 
      [
        1633127170, 
        "357041152"
      ], 
      [
        1633127185, 
        "357908480"
      ], 
      [
        1633127200, 
        "350166016"
      ], 
      [
        1633127215, 
        "1078701056"
      ], 
      [
        1633127230, 
        "1470414848"
      ], 
      [
        1633127245, 
        "1265505280"
      ]
    ]
  }, 
  "tcp_conn": {
    "metric": {}, 
    "values": [
      [
        1633126945, 
        "82"
      ], 
      [
        1633126960, 
        "75"
      ], 
      [
        1633126975, 
        "69"
      ], 
      [
        1633126990, 
        "84"
      ], 
      [
        1633127005, 
        "72"
      ], 
      [
        1633127020, 
        "70"
      ], 
      [
        1633127035, 
        "79"
      ], 
      [
        1633127050, 
        "67"
      ], 
      [
        1633127065, 
        "68"
      ], 
      [
        1633127080, 
        "79"
      ], 
      [
        1633127095, 
        "73"
      ], 
      [
        1633127110, 
        "76"
      ], 
      [
        1633127125, 
        "64"
      ], 
      [
        1633127140, 
        "77"
      ], 
      [
        1633127155, 
        "69"
      ], 
      [
        1633127170, 
        "66"
      ], 
      [
        1633127185, 
        "84"
      ], 
      [
        1633127200, 
        "76"
      ], 
      [
        1633127215, 
        "82"
      ], 
      [
        1633127230, 
        "83"
      ], 
      [
        1633127245, 
        "71"
      ]
    ]
  }, 
  "tcp_sends": {
    "metric": {}, 
    "values": [
      [
        1633126945, 
        "123904"
      ], 
      [
        1633126960, 
        "68608"
      ], 
      [
        1633126975, 
        "112640"
      ], 
      [
        1633126990, 
        "4796416"
      ], 
      [
        1633127005, 
        "3648512"
      ], 
      [
        1633127020, 
        "96256"
      ], 
      [
        1633127035, 
        "150528"
      ], 
      [
        1633127050, 
        "75776"
      ], 
      [
        1633127065, 
        "132096"
      ], 
      [
        1633127080, 
        "107520"
      ], 
      [
        1633127095, 
        "156672"
      ], 
      [
        1633127110, 
        "86016"
      ], 
      [
        1633127125, 
        "169984"
      ], 
      [
        1633127140, 
        "91136"
      ], 
      [
        1633127155, 
        "143360"
      ], 
      [
        1633127170, 
        "71680"
      ], 
      [
        1633127185, 
        "178176"
      ], 
      [
        1633127200, 
        "112640"
      ], 
      [
        1633127215, 
        "220160"
      ], 
      [
        1633127230, 
        "87040"
      ], 
      [
        1633127245, 
        "128000"
      ]
    ]
  }, 
  "dir_writes": {
    "metric": {
      "instance": "172.17.0.1:8000", 
      "hostname": "longz-chaosevm", 
      "pid": "24698", 
      "directory": "/data/eth-data", 
      "job": "syscall_monitoring", 
      "application_name": "geth"
    },