{
  "stat": {
    "max": 36.949999999999996, 
    "mean": 32.0, 
    "variance": 13.5, 
    "min": 28.450000000000003
  }, 
  "values": [
    [
      1623159165, 
      31
    ], 
    [
      1623159180, 
      28
    ], 
    [
      1623159195, 
      31
    ], 
    [
      1623159210, 
      38
    ]
  ], 
  "name": "geth.p2p/peers.gauge", 
  "columns": [
    "time", 
    "median"
  ]
}