{
  "stat": {
    "max": 21.599999999999998, 
    "mean": 19.2, 
    "variance": 2.96, 
    "min": 17.200000000000003
  }, 
  "values": [
    [
      1622761290, 
      17
    ], 
    [
      1622761305, 
      18
    ], 
    [
      1622761320, 
      19
    ], 
    [
      1622761335, 
      22
    ], 
    [
      1622761350, 
      20
    ]
  ], 
  "name": "geth.p2p/peers.gauge", 
  "columns": [
    "time", 
    "median"
  ]
}