{
  "stat": {
    "max": 38.0, 
    "mean": 35.476190476190474, 
    "variance": 1.7732426303854874, 
    "min": 33.0
  }, 
  "values": [
    [
      1622760990, 
      34
    ], 
    [
      1622761005, 
      33
    ], 
    [
      1622761020, 
      33.5
    ], 
    [
      1622761035, 
      34
    ], 
    [
      1622761050, 
      34.5
    ], 
    [
      1622761065, 
      35
    ], 
    [
      1622761080, 
      36.5
    ], 
    [
      1622761095, 
      37
    ], 
    [
      1622761110, 
      38
    ], 
    [
      1622761125, 
      38
    ], 
    [
      1622761140, 
      35.5
    ], 
    [
      1622761155, 
      36
    ], 
    [
      1622761170, 
      36
    ], 
    [
      1622761185, 
      36
    ], 
    [
      1622761200, 
      36
    ], 
    [
      1622761215, 
      35
    ], 
    [
      1622761230, 
      36
    ], 
    [
      1622761245, 
      36
    ], 
    [
      1622761260, 
      36
    ], 
    [
      1622761275, 
      35
    ], 
    [
      1622761290, 
      36
    ]
  ], 
  "name": "geth.p2p/peers.gauge", 
  "columns": [
    "time", 
    "median"
  ]
}