{
  "stat": {
    "max": 36.0, 
    "mean": 30.142857142857142, 
    "variance": 18.7891156462585, 
    "min": 23.0
  }, 
  "values": [
    [
      1622761350, 
      21
    ], 
    [
      1622761365, 
      23
    ], 
    [
      1622761380, 
      27
    ], 
    [
      1622761395, 
      28
    ], 
    [
      1622761410, 
      27
    ], 
    [
      1622761425, 
      29
    ], 
    [
      1622761440, 
      28.5
    ], 
    [
      1622761455, 
      29
    ], 
    [
      1622761470, 
      32.5
    ], 
    [
      1622761485, 
      37
    ], 
    [
      1622761500, 
      35.5
    ], 
    [
      1622761515, 
      36
    ], 
    [
      1622761530, 
      35.5
    ], 
    [
      1622761545, 
      36
    ], 
    [
      1622761560, 
      35.5
    ], 
    [
      1622761575, 
      32
    ], 
    [
      1622761590, 
      32
    ], 
    [
      1622761605, 
      30
    ], 
    [
      1622761620, 
      28
    ], 
    [
      1622761635, 
      27
    ], 
    [
      1622761650, 
      26
    ]
  ], 
  "name": "geth.p2p/peers.gauge", 
  "columns": [
    "time", 
    "median"
  ]
}