{
  "experiment_name": "Error Models for Chaos Engineering Experiments on Go-ethereum", 
  "experiments": [
    {
      "original_min_rate": 0.5, 
      "syscall_name": "accept4", 
      "original_max_rate": 0.5, 
      "failure_rate": 0.6, 
      "result": {
        "peer_stat": {
          "recovery": {
            "max": 48.0, 
            "mean": 47.9, 
            "variance": 0.08999999999999997, 
            "min": 47.0
          }, 
          "ce": {
            "max": 48.85, 
            "mean": 48.25, 
            "variance": 0.1875, 
            "min": 48.0
          }, 
          "normal": {
            "max": 50.0, 
            "mean": 47.55, 
            "variance": 2.5474999999999985, 
            "min": 43.95
          }
        }, 
        "client_crashed": false, 
        "injection_count": 83
      }, 
      "original_mean_rate": 0.4998160102431358, 
      "error_code": "-EAGAIN", 
      "experiment_duration": 60
    }, 
    {
      "original_min_rate": 0.0037612565267412298, 
      "syscall_name": "futex", 
      "original_max_rate": 0.006410854895808032, 
      "failure_rate": 0.05, 
      "result": {
        "peer_stat": {
          "normal": {
            "max": 50.0, 
            "mean": 47.85, 
            "variance": 2.7275000000000005, 
            "min": 44.9
          }
        }, 
        "client_crashed": true, 
        "injection_count": 12
      }, 
      "original_mean_rate": 0.004801777796822237, 
      "error_code": "-EAGAIN", 
      "experiment_duration": 60
    }, 
    {
      "original_min_rate": 0.264485348275627, 
      "syscall_name": "read", 
      "original_max_rate": 0.2747485626224835, 
      "failure_rate": 0.3296982751469802, 
      "result": {
        "peer_stat": {
          "recovery": {
            "max": 17.150000000000002, 
            "mean": 11.5, 
            "variance": 26.45, 
            "min": 2.95
          }, 
          "ce": {
            "max": 18.4, 
            "mean": 11.2, 
            "variance": 24.560000000000002, 
            "min": 6.200000000000001
          }, 
          "normal": {
            "max": 27.0, 
            "mean": 20.238095238095237, 
            "variance": 18.276643990929706, 
            "min": 15.0
          }
        }, 
        "client_crashed": false, 
        "injection_count": 288
      }, 
      "original_mean_rate": 0.27024402394281, 
      "error_code": "-EAGAIN", 
      "experiment_duration": 60
    }, 
    {
      "original_min_rate": 0.4819927190777498, 
      "syscall_name": "recvfrom", 
      "original_max_rate": 0.5, 
      "failure_rate": 0.6, 
      "result": {
        "peer_stat": {
          "recovery": {
            "max": 38.0, 
            "mean": 36.95, 
            "variance": 0.4474999999999999, 
            "min": 36.0
          }, 
          "ce": {
            "max": 37.0, 
            "mean": 37.0, 
            "variance": 0.0, 
            "min": 37.0
          }, 
          "normal": {
            "max": 33.25, 
            "mean": 24.65, 
            "variance": 40.52749999999999, 
            "min": 14.0
          }
        }, 
        "client_crashed": false, 
        "injection_count": 144
      }, 
      "original_mean_rate": 0.4956001083138303, 
      "error_code": "-EAGAIN", 
      "experiment_duration": 60
    }, 
    {
      "original_min_rate": 0.0009125874095714721, 
      "syscall_name": "write", 
      "original_max_rate": 0.010704471182412358, 
      "failure_rate": 0.05, 
      "result": {
        "peer_stat": {
          "recovery": {
            "max": 34.05, 
            "mean": 22.7, 
            "variance": 71.91, 
            "min": 8.0
          }, 
          "ce": {
            "max": 35.8, 
            "mean": 25.0, 
            "variance": 144.0, 
            "min": 14.2
          }, 
          "normal": {
            "max": 38.05, 
            "mean": 36.45, 
            "variance": 2.6474999999999995, 
            "min": 33.0
          }
        }, 
        "client_crashed": false, 
        "injection_count": 226
      }, 
      "original_mean_rate": 0.005672731671912925, 
      "error_code": "-EAGAIN", 
      "experiment_duration": 60
    }, 
    {
      "original_min_rate": 1.0682966422022066e-05, 
      "syscall_name": "read", 
      "original_max_rate": 1.883713037219241e-05, 
      "failure_rate": 0.05, 
      "result": {
        "peer_stat": {
          "recovery": {
            "max": 36.0, 
            "mean": 30.142857142857142, 
            "variance": 18.7891156462585, 
            "min": 23.0
          }, 
          "ce": {
            "max": 21.599999999999998, 
            "mean": 19.2, 
            "variance": 2.96, 
            "min": 17.200000000000003
          }, 
          "normal": {
            "max": 38.0, 
            "mean": 35.476190476190474, 
            "variance": 1.7732426303854874, 
            "min": 33.0
          }
        }, 
        "client_crashed": false, 
        "injection_count": 20
      }, 
      "original_mean_rate": 1.397175038506147e-05, 
      "error_code": "-ECONNRESET", 
      "experiment_duration": 60
    }, 
    {
      "original_min_rate": 0.0007447815051665581, 
      "syscall_name": "write", 
      "original_max_rate": 0.0007579914553074644, 
      "failure_rate": 0.05, 
      "result": {
        "peer_stat": {
          "normal": {
            "max": 38.0, 
            "mean": 36.05, 
            "variance": 5.047499999999998, 
            "min": 30.0
          }
        }, 
        "client_crashed": true, 
        "injection_count": 33
      }, 
      "original_mean_rate": 0.0007513864802370113, 
      "error_code": "-ECONNRESET", 
      "experiment_duration": 60
    }, 
    {
      "original_min_rate": 1.4930328585171822e-05, 
      "syscall_name": "epoll_pwait", 
      "original_max_rate": 3.249288026122903e-05, 
      "failure_rate": 0.05, 
      "result": {
        "peer_stat": {
          "recovery": {
            "max": 39.0, 
            "mean": 36.8, 
            "variance": 2.4599999999999986, 
            "min": 34.0
          }, 
          "ce": {
            "max": 38.0, 
            "mean": 37.25, 
            "variance": 0.6875, 
            "min": 36.15
          }, 
          "normal": {
            "max": 35.05, 
            "mean": 23.0, 
            "variance": 42.9, 
            "min": 16.0
          }
        }, 
        "client_crashed": false, 
        "injection_count": 949
      }, 
      "original_mean_rate": 2.2337879198831963e-05, 
      "error_code": "-EINTR", 
      "experiment_duration": 60
    }, 
    {
      "original_min_rate": 0.3333333333333333, 
      "syscall_name": "unlinkat", 
      "original_max_rate": 0.3333333333333333, 
      "failure_rate": 0.39999999999999997, 
      "result": {
        "peer_stat": {
          "recovery": {
            "max": 38.05, 
            "mean": 38.0, 
            "variance": 0.1, 
            "min": 37.949999999999996
          }, 
          "ce": {
            "max": 38.849999999999994, 
            "mean": 38.25, 
            "variance": 0.1875, 
            "min": 38.0
          }, 
          "normal": {
            "max": 38.05, 
            "mean": 37.8, 
            "variance": 0.2599999999999999, 
            "min": 37.0
          }
        }, 
        "client_crashed": false, 
        "injection_count": 0
      }, 
      "original_mean_rate": 0.3333333333333332, 
      "error_code": "-EISDIR", 
      "experiment_duration": 60
    }, 
    {
      "original_min_rate": 0.16666666666666666, 
      "syscall_name": "newfstatat", 
      "original_max_rate": 0.2, 
      "failure_rate": 0.24, 
      "result": {
        "peer_stat": {
          "recovery": {
            "max": 39.0, 
            "mean": 38.19047619047619, 
            "variance": 0.2494331065759637, 
            "min": 38.0
          }, 
          "ce": {
            "max": 38.0, 
            "mean": 38.0, 
            "variance": 0.0, 
            "min": 38.0
          },