{
  "experiment_name": "Error Models for Chaos Engineering Experiments on Go-ethereum", 
  "experiments": [
    {
      "original_min_rate": 0.49635036496350365, 
      "syscall_name": "accept4", 
      "original_max_rate": 0.5, 
      "failure_rate": 0.6, 
      "result": {
        "peer_stat": {
          "recovery": {
            "max": 51.05, 
            "mean": 50.55, 
            "variance": 0.34749999999999986, 
            "min": 50.0
          }, 
          "ce": {
            "max": 50.8, 
            "mean": 50.2, 
            "variance": 0.16, 
            "min": 50.0
          }, 
          "normal": {
            "max": 52.0, 
            "mean": 50.42857142857143, 
            "variance": 0.5306122448979591, 
            "min": 50.0
          }
        }, 
        "client_crashed": false, 
        "injection_count": 158
      }, 
      "original_mean_rate": 0.49972010060277494, 
      "error_code": "-EAGAIN", 
      "experiment_duration": 60
    }, 
    {
      "original_min_rate": 0.0034017459716831682, 
      "syscall_name": "futex", 
      "original_max_rate": 0.007611694167806356, 
      "failure_rate": 0.05, 
      "result": {
        "peer_stat": {
          "normal": {
            "max": 53.0, 
            "mean": 50.8, 
            "variance": 1.06, 
            "min": 50.0
          }
        }, 
        "client_crashed": true, 
        "injection_count": 1
      }, 
      "original_mean_rate": 0.005278985501195019, 
      "error_code": "-EAGAIN", 
      "experiment_duration": 60
    }, 
    {
      "original_min_rate": 0.47588650173234215, 
      "syscall_name": "read", 
      "original_max_rate": 0.487156994191748, 
      "failure_rate": 0.5845883930300976, 
      "result": {
        "peer_stat": {
          "recovery": {
            "max": 40.0, 
            "mean": 35.3, 
            "variance": 15.110000000000003, 
            "min": 27.95
          }, 
          "ce": {
            "max": 42.449999999999996, 
            "mean": 31.75, 
            "variance": 58.6875, 
            "min": 27.0
          }, 
          "normal": {
            "max": 39.05, 
            "mean": 38.2, 
            "variance": 0.6599999999999999, 
            "min": 37.0
          }
        }, 
        "client_crashed": false, 
        "injection_count": 76
      }, 
      "original_mean_rate": 0.48314001027382036, 
      "error_code": "-EAGAIN", 
      "experiment_duration": 60
    }, 
    {
      "original_min_rate": 0.4858757062146893, 
      "syscall_name": "recvfrom", 
      "original_max_rate": 0.5, 
      "failure_rate": 0.6, 
      "result": {
        "peer_stat": {
          "recovery": {
            "max": 39.05, 
            "mean": 38.4, 
            "variance": 0.33999999999999997, 
            "min": 38.0
          }, 
          "ce": {
            "max": 39.0, 
            "mean": 38.5, 
            "variance": 0.25, 
            "min": 38.0
          }, 
          "normal": {
            "max": 40.0, 
            "mean": 38.65, 
            "variance": 0.6275000000000001, 
            "min": 38.0
          }
        }, 
        "client_crashed": false, 
        "injection_count": 257
      }, 
      "original_mean_rate": 0.4951228403641277, 
      "error_code": "-EAGAIN", 
      "experiment_duration": 60
    }, 
    {
      "original_min_rate": 0.0014472188624805094, 
      "syscall_name": "write", 
      "original_max_rate": 0.023438869092820842, 
      "failure_rate": 0.05, 
      "result": {
        "peer_stat": {
          "normal": {
            "max": 42.05, 
            "mean": 40.55, 
            "variance": 0.8475000000000001, 
            "min": 39.0
          }
        }, 
        "client_crashed": true, 
        "injection_count": 19
      }, 
      "original_mean_rate": 0.008679106606068448, 
      "error_code": "-EAGAIN", 
      "experiment_duration": 60
    }, 
    {
      "original_min_rate": 5.566014797326944e-05, 
      "syscall_name": "read", 
      "original_max_rate": 0.0001275143798381534, 
      "failure_rate": 0.05, 
      "result": {
        "peer_stat": {
          "recovery": {
            "max": 33.1, 
            "mean": 26.95, 
            "variance": 21.547499999999996, 
            "min": 19.95
          }, 
          "ce": {
            "max": 18.849999999999998, 
            "mean": 16.5, 
            "variance": 7.25, 
            "min": 12.75
          }, 
          "normal": {
            "max": 37.0, 
            "mean": 34.75, 
            "variance": 1.6875, 
            "min": 32.95
          }
        }, 
        "client_crashed": false, 
        "injection_count": 50
      }, 
      "original_mean_rate": 8.251229722262463e-05, 
      "error_code": "-ECONNRESET", 
      "experiment_duration": 60
    }, 
    {
      "original_min_rate": 0.16666666666666666, 
      "syscall_name": "connect", 
      "original_max_rate": 0.49333333333333323, 
      "failure_rate": 0.5919999999999999, 
      "result": {
        "peer_stat": {
          "recovery": {
            "max": 37.050000000000004, 
            "mean": 35.95, 
            "variance": 1.0475, 
            "min": 34.0
          }, 
          "ce": {
            "max": 35.0, 
            "mean": 34.5, 
            "variance": 0.25, 
            "min": 34.0
          }, 
          "normal": {
            "max": 36.0, 
            "mean": 34.65, 
            "variance": 0.7275000000000001, 
            "min": 33.900000000000006
          }
        }, 
        "client_crashed": false, 
        "injection_count": 21
      }, 
      "original_mean_rate": 0.32735689226311565, 
      "error_code": "-EINPROGRESS", 
      "experiment_duration": 60
    }, 
    {
      "original_min_rate": 2.399517621486926e-05, 
      "syscall_name": "epoll_pwait", 
      "original_max_rate": 6.252368514026766e-05, 
      "failure_rate": 0.05, 
      "result": {
        "peer_stat": {
          "recovery": {
            "max": 40.0, 
            "mean": 38.23809523809524, 
            "variance": 1.0385487528344672, 
            "min": 37.0
          }, 
          "ce": {
            "max": 38.0, 
            "mean": 37.75, 
            "variance": 0.1875, 
            "min": 37.15
          }, 
          "normal": {
            "max": 38.0, 
            "mean": 36.35, 
            "variance": 0.6275, 
            "min": 35.0
          }
        }, 
        "client_crashed": false, 
        "injection_count": 681
      }, 
      "original_mean_rate": 3.8932069741998336e-05, 
      "error_code": "-EINTR", 
      "experiment_duration": 60
    }, 
    {
      "original_min_rate": 0.3333333333333333, 
      "syscall_name": "unlinkat", 
      "original_max_rate": 0.3333333333333333, 
      "failure_rate": 0.39999999999999997, 
      "result": {
        "peer_stat": {
          "recovery": {
            "max": 42.0, 
            "mean": 40.57142857142857, 
            "variance": 0.7210884353741491, 
            "min": 40.0
          }, 
          "ce": {
            "max": 40.8, 
            "mean": 39.0, 
            "variance": 2.0, 
            "min": 37.2
          }, 
          "normal": {
            "max": 40.0, 
            "mean": 38.333333333333336, 
            "variance": 0.6984126984126983, 
            "min": 37.0
          }
        }, 
        "client_crashed": false, 
        "injection_count": 0
      }, 
      "original_mean_rate": 0.31975194751947505, 
      "error_code": "-EISDIR", 
      "experiment_duration": 60
    }, 
    {
      "original_min_rate": 0.25, 
      "syscall_name": "newfstatat", 
      "original_max_rate": 0.25, 
      "failure_rate": 0.3, 
      "result": {
        "peer_stat": {
          "recovery": {
            "max": 43.0, 
            "mean": 41.61904761904762, 
            "variance": 0.7120181405895691, 
            "min": 41.0
          }, 
          "ce": {
            "max": 43.599999999999994, 
            "mean": 41.8, 
            "variance": 1.3599999999999999, 
            "min": 41.00000000000001
          },