{
  "dir_read_c": {
    "metric": {
      "instance": "172.17.0.1:8000", 
      "hostname": "longz-chaosevm", 
      "pid": "24012", 
      "directory": "/data/eth-data", 
      "job": "syscall_monitoring", 
      "application_name": "geth", 
      "__name__": "dir_reads_total"
    }, 
    "values": [
      [
        1633123921, 
        "26101"
      ], 
      [
        1633123936, 
        "25907"
      ], 
      [
        1633123951, 
        "26193"
      ], 
      [
        1633123966, 
        "87918"
      ], 
      [
        1633123981, 
        "110913"
      ], 
      [
        1633123996, 
        "32189"
      ], 
      [
        1633124011, 
        "83045"
      ], 
      [
        1633124026, 
        "90000"
      ], 
      [
        1633124041, 
        "101836"
      ], 
      [
        1633124056, 
        "21081"
      ], 
      [
        1633124071, 
        "21559"
      ], 
      [
        1633124086, 
        "30398"
      ], 
      [
        1633124101, 
        "26352"
      ], 
      [
        1633124116, 
        "25424"
      ], 
      [
        1633124131, 
        "30691"
      ], 
      [
        1633124146, 
        "28595"
      ], 
      [
        1633124161, 
        "26284"
      ], 
      [
        1633124176, 
        "26508"
      ], 
      [
        1633124191, 
        "29315"
      ], 
      [
        1633124206, 
        "23775"
      ], 
      [
        1633124221, 
        "22915"
      ]
    ]
  }, 
  "stat": {
    "dir_read_c": {
      "max": 101836.0, 
      "mean": 42714.23809523809, 
      "variance": 877867552.5623581, 
      "pvalue": 3.2973472896752886e-07, 
      "min": 21559.0
    }, 
    "dir_reads": {
      "max": 1434025984.0, 
      "mean": 560892440.3809524, 
      "variance": 2.2596367298930995e+17, 
      "pvalue": 2.1756147302623146e-05, 
      "min": 208157696.0
    }, 
    "tcp_conn": {
      "max": 74.0, 
      "mean": 63.04761904761905, 
      "variance": 49.56916099773244, 
      "pvalue": 6.571901529200345e-19, 
      "min": 52.0
    }, 
    "tcp_sends": {
      "max": 12487680.0, 
      "mean": 1591491.0476190476, 
      "variance": 15666649047615.854, 
      "pvalue": 0.2348044501302616, 
      "min": 74752.0
    }, 
    "dir_writes": {
      "max": 80741376.0, 
      "mean": 20692114.285714287, 
      "variance": 5506029326063380.0, 
      "pvalue": 0.00013109936415165387, 
      "min": 2048.0
    }, 
    "dir_write_c": {
      "max": 2860.0, 
      "mean": 1176.952380952381, 
      "variance": 13420913.283446712, 
      "pvalue": 0.01171421600567719, 
      "min": 18.0
    }, 
    "disk_write": {
      "max": 4958553.885930041, 
      "mean": 1436935.4950244438, 
      "variance": 2982120376534.073, 
      "pvalue": 6.64893053408547e-11, 
      "min": 7213.191220958391
    }, 
    "disk_read": {
      "max": 61335084.27172243, 
      "mean": 38222129.518832184, 
      "variance": 215288794381723.44, 
      "pvalue": 1.9817815363824492e-12, 
      "min": 22338825.414046742
    }, 
    "peer_stats": {
      "max": 33.525, 
      "mean": 29.275, 
      "variance": 7.911874999999999, 
      "pvalue": 1.2026467019345983e-18, 
      "min": 24.9
    }, 
    "tcp_recvs": {
      "max": 28398592.0, 
      "mean": 8490422.857142856, 
      "variance": 361618258608239.5, 
      "pvalue": 0.00040605987173448723, 
      "min": 532480.0
    }
  }, 
  "dir_reads": {
    "metric": {
      "instance": "172.17.0.1:8000", 
      "hostname": "longz-chaosevm", 
      "pid": "24012", 
      "directory": "/data/eth-data", 
      "job": "syscall_monitoring", 
      "application_name": "geth"
    }, 
    "values": [
      [
        1633123921, 
        "322330624"
      ], 
      [
        1633123936, 
        "323683328"
      ], 
      [
        1633123951, 
        "324348928"
      ], 
      [
        1633123966, 
        "1315453952"
      ], 
      [
        1633123981, 
        "1634372608"
      ], 
      [
        1633123996, 
        "380880896"
      ], 
      [
        1633124011, 
        "1219323904"
      ], 
      [
        1633124026, 
        "1391787008"
      ], 
      [
        1633124041, 
        "1434025984"
      ], 
      [
        1633124056, 
        "198279168"
      ], 
      [
        1633124071, 
        "208157696"
      ], 
      [
        1633124086, 
        "342238208"
      ], 
      [
        1633124101, 
        "245359616"
      ], 
      [
        1633124116, 
        "253966336"
      ], 
      [
        1633124131, 
        "331536384"
      ], 
      [
        1633124146, 
        "322147328"
      ], 
      [
        1633124161, 
        "298153984"
      ], 
      [
        1633124176, 
        "316528640"
      ], 
      [
        1633124191, 
        "356280320"
      ], 
      [
        1633124206, 
        "288109568"
      ], 
      [
        1633124221, 
        "271776768"
      ]
    ]
  }, 
  "tcp_conn": {
    "metric": {}, 
    "values": [
      [
        1633123921, 
        "50"
      ], 
      [
        1633123936, 
        "63"
      ], 
      [
        1633123951, 
        "58"
      ], 
      [
        1633123966, 
        "52"
      ], 
      [
        1633123981, 
        "80"
      ], 
      [
        1633123996, 
        "58"
      ], 
      [
        1633124011, 
        "57"
      ], 
      [
        1633124026, 
        "63"
      ], 
      [
        1633124041, 
        "57"
      ], 
      [
        1633124056, 
        "65"
      ], 
      [
        1633124071, 
        "65"
      ], 
      [
        1633124086, 
        "62"
      ], 
      [
        1633124101, 
        "72"
      ], 
      [
        1633124116, 
        "74"
      ], 
      [
        1633124131, 
        "65"
      ], 
      [
        1633124146, 
        "63"
      ], 
      [
        1633124161, 
        "63"
      ], 
      [
        1633124176, 
        "57"
      ], 
      [
        1633124191, 
        "70"
      ], 
      [
        1633124206, 
        "61"
      ], 
      [
        1633124221, 
        "69"
      ]
    ]
  }, 
  "tcp_sends": {
    "metric": {}, 
    "values": [
      [
        1633123921, 
        "89088"
      ], 
      [
        1633123936, 
        "169984"
      ], 
      [
        1633123951, 
        "130048"
      ], 
      [
        1633123966, 
        "265216"
      ], 
      [
        1633123981, 
        "210944"
      ], 
      [
        1633123996, 
        "14654464"
      ], 
      [
        1633124011, 
        "567296"
      ], 
      [
        1633124026, 
        "227328"
      ], 
      [
        1633124041, 
        "82944"
      ], 
      [
        1633124056, 
        "143360"
      ], 
      [
        1633124071, 
        "3279872"
      ], 
      [
        1633124086, 
        "132096"
      ], 
      [
        1633124101, 
        "89088"
      ], 
      [
        1633124116, 
        "129024"
      ], 
      [
        1633124131, 
        "71680"
      ], 
      [
        1633124146, 
        "125952"
      ], 
      [
        1633124161, 
        "74752"
      ], 
      [
        1633124176, 
        "12487680"
      ], 
      [
        1633124191, 
        "93184"
      ], 
      [
        1633124206, 
        "125952"
      ], 
      [
        1633124221, 
        "271360"
      ]
    ]
  }, 
  "dir_writes": {
    "metric": {
      "instance": "172.17.0.1:8000", 
      "hostname": "longz-chaosevm", 
      "pid": "24012", 
      "directory": "/data/eth-data", 
      "job": "syscall_monitoring", 
      "application_name": "geth"
    },