{
  "dir_read_c": {
    "metric": {
      "instance": "172.17.0.1:8000", 
      "hostname": "longz-chaosevm", 
      "pid": "24012", 
      "directory": "/data/eth-data", 
      "job": "syscall_monitoring", 
      "application_name": "geth", 
      "__name__": "dir_reads_total"
    }, 
    "values": [
      [
        1633123620, 
        "25198"
      ], 
      [
        1633123635, 
        "22393"
      ], 
      [
        1633123650, 
        "20538"
      ], 
      [
        1633123665, 
        "142203"
      ], 
      [
        1633123680, 
        "84124"
      ], 
      [
        1633123695, 
        "57876"
      ], 
      [
        1633123710, 
        "45797"
      ], 
      [
        1633123725, 
        "44017"
      ], 
      [
        1633123740, 
        "40721"
      ], 
      [
        1633123755, 
        "48526"
      ], 
      [
        1633123770, 
        "46509"
      ], 
      [
        1633123785, 
        "53086"
      ], 
      [
        1633123800, 
        "48342"
      ], 
      [
        1633123815, 
        "35903"
      ], 
      [
        1633123830, 
        "30336"
      ], 
      [
        1633123845, 
        "20151"
      ], 
      [
        1633123860, 
        "21216"
      ], 
      [
        1633123875, 
        "19175"
      ], 
      [
        1633123890, 
        "26872"
      ], 
      [
        1633123905, 
        "23388"
      ], 
      [
        1633123920, 
        "26101"
      ]
    ]
  }, 
  "stat": {
    "dir_read_c": {
      "max": 84124.0, 
      "mean": 42022.47619047619, 
      "variance": 755820353.3922902, 
      "pvalue": 4.2194503424955846e-05, 
      "min": 20151.0
    }, 
    "dir_reads": {
      "max": 1018382336.0, 
      "mean": 522003017.14285713, 
      "variance": 1.5799137617758902e+17, 
      "pvalue": 7.761935074351578e-06, 
      "min": 244929536.0
    }, 
    "tcp_conn": {
      "max": 61.0, 
      "mean": 54.285714285714285, 
      "variance": 33.91836734693878, 
      "pvalue": 1.6526653304976648e-19, 
      "min": 47.0
    }, 
    "tcp_sends": {
      "max": 4175872.0, 
      "mean": 907410.2857142857, 
      "variance": 3247831169177.253, 
      "pvalue": 0.1303279171346296, 
      "min": 79872.0
    }, 
    "dir_writes": {
      "max": 276480.0, 
      "mean": 287305.14285714284, 
      "variance": 1065869372186.1228, 
      "pvalue": 0.0005462071210621734, 
      "min": 3072.0
    }, 
    "dir_write_c": {
      "max": 216.0, 
      "mean": 115.71428571428571, 
      "variance": 9004.775510204083, 
      "pvalue": 0.00013566842018169936, 
      "min": 24.0
    }, 
    "disk_write": {
      "max": 67095.25290675154, 
      "mean": 21048.328175563725, 
      "variance": 493771578.7087792, 
      "pvalue": 0.8984511359904903, 
      "min": 3956.0475111172627
    }, 
    "disk_read": {
      "max": 49505932.02748626, 
      "mean": 35610738.37601489, 
      "variance": 92721940576221.22, 
      "pvalue": 3.0196498855760795e-10, 
      "min": 21241935.88152328
    }, 
    "peer_stats": {
      "max": 28.0, 
      "mean": 22.275, 
      "variance": 14.086875000000001, 
      "pvalue": 1.2026467019345983e-18, 
      "min": 16.975
    }, 
    "tcp_recvs": {
      "max": 2143232.0, 
      "mean": 1628355.0476190476, 
      "variance": 6829427679027.664, 
      "pvalue": 3.381836622766235e-10, 
      "min": 401408.0
    }
  }, 
  "dir_reads": {
    "metric": {
      "instance": "172.17.0.1:8000", 
      "hostname": "longz-chaosevm", 
      "pid": "24012", 
      "directory": "/data/eth-data", 
      "job": "syscall_monitoring", 
      "application_name": "geth"
    }, 
    "values": [
      [
        1633123620, 
        "291804160"
      ], 
      [
        1633123635, 
        "261232640"
      ], 
      [
        1633123650, 
        "245914624"
      ], 
      [
        1633123665, 
        "2082571264"
      ], 
      [
        1633123680, 
        "1018382336"
      ], 
      [
        1633123695, 
        "590073856"
      ], 
      [
        1633123710, 
        "537801728"
      ], 
      [
        1633123725, 
        "516933632"
      ], 
      [
        1633123740, 
        "477299712"
      ], 
      [
        1633123755, 
        "601350144"
      ], 
      [
        1633123770, 
        "571148288"
      ], 
      [
        1633123785, 
        "675717120"
      ], 
      [
        1633123800, 
        "605210624"
      ], 
      [
        1633123815, 
        "443549696"
      ], 
      [
        1633123830, 
        "372470784"
      ], 
      [
        1633123845, 
        "244929536"
      ], 
      [
        1633123860, 
        "257035264"
      ], 
      [
        1633123875, 
        "232504320"
      ], 
      [
        1633123890, 
        "328779776"
      ], 
      [
        1633123905, 
        "285023232"
      ], 
      [
        1633123920, 
        "322330624"
      ]
    ]
  }, 
  "tcp_conn": {
    "metric": {}, 
    "values": [
      [
        1633123620, 
        "57"
      ], 
      [
        1633123635, 
        "49"
      ], 
      [
        1633123650, 
        "42"
      ], 
      [
        1633123665, 
        "49"
      ], 
      [
        1633123680, 
        "60"
      ], 
      [
        1633123695, 
        "60"
      ], 
      [
        1633123710, 
        "56"
      ], 
      [
        1633123725, 
        "48"
      ], 
      [
        1633123740, 
        "48"
      ], 
      [
        1633123755, 
        "54"
      ], 
      [
        1633123770, 
        "55"
      ], 
      [
        1633123785, 
        "53"
      ], 
      [
        1633123800, 
        "52"
      ], 
      [
        1633123815, 
        "59"
      ], 
      [
        1633123830, 
        "59"
      ], 
      [
        1633123845, 
        "61"
      ], 
      [
        1633123860, 
        "66"
      ], 
      [
        1633123875, 
        "54"
      ], 
      [
        1633123890, 
        "47"
      ], 
      [
        1633123905, 
        "61"
      ], 
      [
        1633123920, 
        "50"
      ]
    ]
  }, 
  "tcp_sends": {
    "metric": {}, 
    "values": [
      [
        1633123620, 
        "109568"
      ], 
      [
        1633123635, 
        "188416"
      ], 
      [
        1633123650, 
        "159744"
      ], 
      [
        1633123665, 
        "246784"
      ], 
      [
        1633123680, 
        "81920"
      ], 
      [
        1633123695, 
        "2637824"
      ], 
      [
        1633123710, 
        "2753536"
      ], 
      [
        1633123725, 
        "7293952"
      ], 
      [
        1633123740, 
        "4175872"
      ], 
      [
        1633123755, 
        "139264"
      ], 
      [
        1633123770, 
        "88064"
      ], 
      [
        1633123785, 
        "145408"
      ], 
      [
        1633123800, 
        "110592"
      ], 
      [
        1633123815, 
        "160768"
      ], 
      [
        1633123830, 
        "79872"
      ], 
      [
        1633123845, 
        "147456"
      ], 
      [
        1633123860, 
        "78848"
      ], 
      [
        1633123875, 
        "138240"
      ], 
      [
        1633123890, 
        "92160"
      ], 
      [
        1633123905, 
        "138240"
      ], 
      [
        1633123920, 
        "89088"
      ]
    ]
  }, 
  "dir_writes": {
    "metric": {
      "instance": "172.17.0.1:8000", 
      "hostname": "longz-chaosevm", 
      "pid": "24012", 
      "directory": "/data/eth-data", 
      "job": "syscall_monitoring", 
      "application_name": "geth"
    },