{
  "dir_read_c": {
    "metric": {
      "instance": "172.17.0.1:8000", 
      "hostname": "longz-chaosevm", 
      "pid": "24012", 
      "directory": "/data/eth-data", 
      "job": "syscall_monitoring", 
      "application_name": "geth", 
      "__name__": "dir_reads_total"
    }, 
    "values": [
      [
        1633124824, 
        "33630"
      ], 
      [
        1633124839, 
        "28934"
      ], 
      [
        1633124854, 
        "28838"
      ], 
      [
        1633124869, 
        "27475"
      ], 
      [
        1633124884, 
        "30786"
      ], 
      [
        1633124899, 
        "34850"
      ], 
      [
        1633124914, 
        "30526"
      ], 
      [
        1633124929, 
        "28516"
      ], 
      [
        1633124944, 
        "32092"
      ], 
      [
        1633124959, 
        "31496"
      ], 
      [
        1633124974, 
        "35113"
      ], 
      [
        1633124989, 
        "32603"
      ], 
      [
        1633125004, 
        "36299"
      ], 
      [
        1633125019, 
        "37199"
      ], 
      [
        1633125034, 
        "38359"
      ], 
      [
        1633125049, 
        "35153"
      ], 
      [
        1633125064, 
        "32015"
      ], 
      [
        1633125079, 
        "31847"
      ], 
      [
        1633125094, 
        "28208"
      ], 
      [
        1633125109, 
        "28796"
      ], 
      [
        1633125124, 
        "26626"
      ]
    ]
  }, 
  "stat": {
    "dir_read_c": {
      "max": 37199.0, 
      "mean": 31874.333333333332, 
      "variance": 10755298.031746032, 
      "pvalue": 4.451570741353237e-14, 
      "min": 27475.0
    }, 
    "dir_reads": {
      "max": 458122240.0, 
      "mean": 378824655.2380952, 
      "variance": 2356292514278021.5, 
      "pvalue": 2.9287638279024943e-12, 
      "min": 307827712.0
    }, 
    "tcp_conn": {
      "max": 78.0, 
      "mean": 69.28571428571429, 
      "variance": 18.96598639455782, 
      "pvalue": 5.292590337327715e-19, 
      "min": 63.0
    }, 
    "tcp_sends": {
      "max": 3030016.0, 
      "mean": 593627.4285714285, 
      "variance": 1111959437534.9114, 
      "pvalue": 0.005396528499308213, 
      "min": 66560.0
    }, 
    "dir_writes": {
      "max": 415744.0, 
      "mean": 164278.85714285713, 
      "variance": 22388253173.551018, 
      "pvalue": 0.8328336312937417, 
      "min": 3072.0
    }, 
    "dir_write_c": {
      "max": 279.0, 
      "mean": 148.52380952380952, 
      "variance": 12967.106575963719, 
      "pvalue": 0.053249659530659764, 
      "min": 19.0
    }, 
    "disk_write": {
      "max": 23748.436425951535, 
      "mean": 14383.140154849118, 
      "variance": 42463034.71223094, 
      "pvalue": 0.360903329917825, 
      "min": 5797.823847159288
    }, 
    "disk_read": {
      "max": 30034444.06835852, 
      "mean": 27341314.15905, 
      "variance": 3312789187614.134, 
      "pvalue": 3.2332321832361325e-14, 
      "min": 25402660.77652855
    }, 
    "peer_stats": {
      "max": 37.525, 
      "mean": 36.3, 
      "variance": 0.6849999999999998, 
      "pvalue": 1.2026467019345983e-18, 
      "min": 34.974999999999994
    }, 
    "tcp_recvs": {
      "max": 2712576.0, 
      "mean": 1730511.238095238, 
      "variance": 366790434388.75287, 
      "pvalue": 0.00021263310374941674, 
      "min": 731136.0
    }
  }, 
  "dir_reads": {
    "metric": {
      "instance": "172.17.0.1:8000", 
      "hostname": "longz-chaosevm", 
      "pid": "24012", 
      "directory": "/data/eth-data", 
      "job": "syscall_monitoring", 
      "application_name": "geth"
    }, 
    "values": [
      [
        1633124824, 
        "377246720"
      ], 
      [
        1633124839, 
        "318343168"
      ], 
      [
        1633124854, 
        "318136320"
      ], 
      [
        1633124869, 
        "304637952"
      ], 
      [
        1633124884, 
        "366476288"
      ], 
      [
        1633124899, 
        "414606336"
      ], 
      [
        1633124914, 
        "364097536"
      ], 
      [
        1633124929, 
        "348975104"
      ], 
      [
        1633124944, 
        "392237056"
      ], 
      [
        1633124959, 
        "382140416"
      ], 
      [
        1633124974, 
        "433441792"
      ], 
      [
        1633124989, 
        "403105792"
      ], 
      [
        1633125004, 
        "444940288"
      ], 
      [
        1633125019, 
        "458122240"
      ], 
      [
        1633125034, 
        "472671232"
      ], 
      [
        1633125049, 
        "425257984"
      ], 
      [
        1633125064, 
        "375009280"
      ], 
      [
        1633125079, 
        "374910976"
      ], 
      [
        1633125094, 
        "330813440"
      ], 
      [
        1633125109, 
        "342320128"
      ], 
      [
        1633125124, 
        "307827712"
      ]
    ]
  }, 
  "tcp_conn": {
    "metric": {}, 
    "values": [
      [
        1633124824, 
        "66"
      ], 
      [
        1633124839, 
        "63"
      ], 
      [
        1633124854, 
        "69"
      ], 
      [
        1633124869, 
        "79"
      ], 
      [
        1633124884, 
        "69"
      ], 
      [
        1633124899, 
        "73"
      ], 
      [
        1633124914, 
        "67"
      ], 
      [
        1633124929, 
        "62"
      ], 
      [
        1633124944, 
        "73"
      ], 
      [
        1633124959, 
        "68"
      ], 
      [
        1633124974, 
        "78"
      ], 
      [
        1633124989, 
        "69"
      ], 
      [
        1633125004, 
        "64"
      ], 
      [
        1633125019, 
        "72"
      ], 
      [
        1633125034, 
        "71"
      ], 
      [
        1633125049, 
        "67"
      ], 
      [
        1633125064, 
        "71"
      ], 
      [
        1633125079, 
        "68"
      ], 
      [
        1633125094, 
        "73"
      ], 
      [
        1633125109, 
        "64"
      ], 
      [
        1633125124, 
        "69"
      ]
    ]
  }, 
  "tcp_sends": {
    "metric": {}, 
    "values": [
      [
        1633124824, 
        "367616"
      ], 
      [
        1633124839, 
        "124928"
      ], 
      [
        1633124854, 
        "63488"
      ], 
      [
        1633124869, 
        "116736"
      ], 
      [
        1633124884, 
        "3030016"
      ], 
      [
        1633124899, 
        "2541568"
      ], 
      [
        1633124914, 
        "66560"
      ], 
      [
        1633124929, 
        "121856"
      ], 
      [
        1633124944, 
        "71680"
      ], 
      [
        1633124959, 
        "121856"
      ], 
      [
        1633124974, 
        "79872"
      ], 
      [
        1633124989, 
        "128000"
      ], 
      [
        1633125004, 
        "86016"
      ], 
      [
        1633125019, 
        "136192"
      ], 
      [
        1633125034, 
        "105472"
      ], 
      [
        1633125049, 
        "150528"
      ], 
      [
        1633125064, 
        "103424"
      ], 
      [
        1633125079, 
        "1156096"
      ], 
      [
        1633125094, 
        "3666944"
      ], 
      [
        1633125109, 
        "137216"
      ], 
      [
        1633125124, 
        "90112"
      ]
    ]
  }, 
  "dir_writes": {
    "metric": {
      "instance": "172.17.0.1:8000", 
      "hostname": "longz-chaosevm", 
      "pid": "24012", 
      "directory": "/data/eth-data", 
      "job": "syscall_monitoring", 
      "application_name": "geth"
    },