{
  "dir_read_c": {
    "metric": {
      "instance": "172.17.0.1:8000", 
      "hostname": "longz-chaosevm", 
      "pid": "24012", 
      "directory": "/data/eth-data", 
      "job": "syscall_monitoring", 
      "application_name": "geth", 
      "__name__": "dir_reads_total"
    }, 
    "values": [
      [
        1633124521, 
        "21681"
      ], 
      [
        1633124536, 
        "20900"
      ], 
      [
        1633124551, 
        "23863"
      ], 
      [
        1633124566, 
        "22704"
      ], 
      [
        1633124581, 
        "21290"
      ], 
      [
        1633124596, 
        "21172"
      ], 
      [
        1633124611, 
        "22217"
      ], 
      [
        1633124626, 
        "22834"
      ], 
      [
        1633124641, 
        "21836"
      ], 
      [
        1633124656, 
        "21790"
      ], 
      [
        1633124671, 
        "22299"
      ], 
      [
        1633124686, 
        "21478"
      ], 
      [
        1633124701, 
        "19764"
      ], 
      [
        1633124716, 
        "22493"
      ], 
      [
        1633124731, 
        "21487"
      ], 
      [
        1633124746, 
        "35597"
      ], 
      [
        1633124761, 
        "122060"
      ], 
      [
        1633124776, 
        "55284"
      ], 
      [
        1633124791, 
        "39823"
      ], 
      [
        1633124806, 
        "48458"
      ], 
      [
        1633124821, 
        "33630"
      ]
    ]
  }, 
  "stat": {
    "dir_read_c": {
      "max": 55284.0, 
      "mean": 31555.238095238095, 
      "variance": 502544945.324263, 
      "pvalue": 0.057724132075507806, 
      "min": 20900.0
    }, 
    "dir_reads": {
      "max": 664899584.0, 
      "mean": 388606976.0, 
      "variance": 1.1624593254629533e+17, 
      "pvalue": 0.07250484085969044, 
      "min": 241565696.0
    }, 
    "tcp_conn": {
      "max": 80.0, 
      "mean": 69.85714285714286, 
      "variance": 33.83673469387756, 
      "pvalue": 3.3931853783171033e-18, 
      "min": 63.0
    }, 
    "tcp_sends": {
      "max": 1612800.0, 
      "mean": 376344.38095238095, 
      "variance": 351666487481.75964, 
      "pvalue": 0.0845238657664867, 
      "min": 86016.0
    }, 
    "dir_writes": {
      "max": 575488.0, 
      "mean": 494055.61904761905, 
      "variance": 2602922808847.093, 
      "pvalue": 0.3495504651778853, 
      "min": 3072.0
    }, 
    "dir_write_c": {
      "max": 270.0, 
      "mean": 152.1904761904762, 
      "variance": 18321.297052154194, 
      "pvalue": 0.0026718475761717407, 
      "min": 27.0
    }, 
    "disk_write": {
      "max": 106189.50016077376, 
      "mean": 30864.567930918984, 
      "variance": 1303359931.6961203, 
      "pvalue": 0.11102539354492187, 
      "min": 7304.1057287800095
    }, 
    "disk_read": {
      "max": 40368647.171937995, 
      "mean": 23472988.669730585, 
      "variance": 86024226828430.61, 
      "pvalue": 0.021221847173170945, 
      "min": 17447568.322909847
    }, 
    "peer_stats": {
      "max": 37.5, 
      "mean": 36.3, 
      "variance": 0.6849999999999998, 
      "pvalue": 1.2026467019345983e-18, 
      "min": 35.0
    }, 
    "tcp_recvs": {
      "max": 3493888.0, 
      "mean": 1644105.142857143, 
      "variance": 721592311529.3606, 
      "pvalue": 3.021405036794385e-05, 
      "min": 709632.0
    }
  }, 
  "dir_reads": {
    "metric": {
      "instance": "172.17.0.1:8000", 
      "hostname": "longz-chaosevm", 
      "pid": "24012", 
      "directory": "/data/eth-data", 
      "job": "syscall_monitoring", 
      "application_name": "geth"
    }, 
    "values": [
      [
        1633124521, 
        "254821376"
      ], 
      [
        1633124536, 
        "241565696"
      ], 
      [
        1633124551, 
        "288672768"
      ], 
      [
        1633124566, 
        "277941248"
      ], 
      [
        1633124581, 
        "258070528"
      ], 
      [
        1633124596, 
        "255357952"
      ], 
      [
        1633124611, 
        "269477888"
      ], 
      [
        1633124626, 
        "280909824"
      ], 
      [
        1633124641, 
        "264723456"
      ], 
      [
        1633124656, 
        "264512512"
      ], 
      [
        1633124671, 
        "275038208"
      ], 
      [
        1633124686, 
        "258246656"
      ], 
      [
        1633124701, 
        "234816512"
      ], 
      [
        1633124716, 
        "273932288"
      ], 
      [
        1633124731, 
        "264418304"
      ], 
      [
        1633124746, 
        "484922368"
      ], 
      [
        1633124761, 
        "1839744000"
      ], 
      [
        1633124776, 
        "664899584"
      ], 
      [
        1633124791, 
        "335243264"
      ], 
      [
        1633124806, 
        "496185344"
      ], 
      [
        1633124821, 
        "377246720"
      ]
    ]
  }, 
  "tcp_conn": {
    "metric": {}, 
    "values": [
      [
        1633124521, 
        "78"
      ], 
      [
        1633124536, 
        "76"
      ], 
      [
        1633124551, 
        "61"
      ], 
      [
        1633124566, 
        "66"
      ], 
      [
        1633124581, 
        "67"
      ], 
      [
        1633124596, 
        "71"
      ], 
      [
        1633124611, 
        "82"
      ], 
      [
        1633124626, 
        "63"
      ], 
      [
        1633124641, 
        "65"
      ], 
      [
        1633124656, 
        "67"
      ], 
      [
        1633124671, 
        "80"
      ], 
      [
        1633124686, 
        "67"
      ], 
      [
        1633124701, 
        "67"
      ], 
      [
        1633124716, 
        "70"
      ], 
      [
        1633124731, 
        "65"
      ], 
      [
        1633124746, 
        "71"
      ], 
      [
        1633124761, 
        "70"
      ], 
      [
        1633124776, 
        "80"
      ], 
      [
        1633124791, 
        "69"
      ], 
      [
        1633124806, 
        "66"
      ], 
      [
        1633124821, 
        "66"
      ]
    ]
  }, 
  "tcp_sends": {
    "metric": {}, 
    "values": [
      [
        1633124521, 
        "89088"
      ], 
      [
        1633124536, 
        "141312"
      ], 
      [
        1633124551, 
        "108544"
      ], 
      [
        1633124566, 
        "165888"
      ], 
      [
        1633124581, 
        "113664"
      ], 
      [
        1633124596, 
        "149504"
      ], 
      [
        1633124611, 
        "91136"
      ], 
      [
        1633124626, 
        "152576"
      ], 
      [
        1633124641, 
        "1612800"
      ], 
      [
        1633124656, 
        "2224128"
      ], 
      [
        1633124671, 
        "110592"
      ], 
      [
        1633124686, 
        "150528"
      ], 
      [
        1633124701, 
        "86016"
      ], 
      [
        1633124716, 
        "184320"
      ], 
      [
        1633124731, 
        "107520"
      ], 
      [
        1633124746, 
        "198656"
      ], 
      [
        1633124761, 
        "100352"
      ], 
      [
        1633124776, 
        "137216"
      ], 
      [
        1633124791, 
        "68608"
      ], 
      [
        1633124806, 
        "1543168"
      ], 
      [
        1633124821, 
        "367616"
      ]
    ]
  }, 
  "dir_writes": {
    "metric": {
      "instance": "172.17.0.1:8000", 
      "hostname": "longz-chaosevm", 
      "pid": "24012", 
      "directory": "/data/eth-data", 
      "job": "syscall_monitoring", 
      "application_name": "geth"
    },