{
  "dir_read_c": {
    "metric": {
      "instance": "172.17.0.1:8000", 
      "hostname": "longz-experiment", 
      "pid": "3940", 
      "directory": "/data/blockchain/eth-data", 
      "job": "syscall_monitoring", 
      "application_name": "openethereum", 
      "__name__": "dir_reads_total"
    }, 
    "values": [
      [
        1633147927, 
        "29954"
      ], 
      [
        1633147942, 
        "41020"
      ], 
      [
        1633147957, 
        "38849"
      ], 
      [
        1633147972, 
        "30420"
      ], 
      [
        1633147987, 
        "33861"
      ], 
      [
        1633148002, 
        "35081"
      ], 
      [
        1633148017, 
        "32537"
      ], 
      [
        1633148032, 
        "39744"
      ], 
      [
        1633148047, 
        "36326"
      ], 
      [
        1633148062, 
        "49465"
      ], 
      [
        1633148077, 
        "32666"
      ], 
      [
        1633148092, 
        "42601"
      ], 
      [
        1633148107, 
        "43516"
      ], 
      [
        1633148122, 
        "69500"
      ], 
      [
        1633148137, 
        "73377"
      ], 
      [
        1633148152, 
        "69901"
      ], 
      [
        1633148167, 
        "57568"
      ], 
      [
        1633148182, 
        "77116"
      ], 
      [
        1633148197, 
        "65903"
      ], 
      [
        1633148212, 
        "76685"
      ], 
      [
        1633148227, 
        "38297"
      ]
    ]
  }, 
  "stat": {
    "dir_read_c": {
      "max": 76685.0, 
      "mean": 48304.142857142855, 
      "variance": 267847871.93197277, 
      "pvalue": 0.0026042990730083555, 
      "min": 30420.0
    }, 
    "dir_reads": {
      "max": 1623006208.0, 
      "mean": 951063942.0952381, 
      "variance": 1.4492974947866797e+17, 
      "pvalue": 0.11154402584317169, 
      "min": 537681920.0
    }, 
    "tcp_conn": {
      "max": 419.0, 
      "mean": 199.52380952380952, 
      "variance": 25393.01133786848, 
      "pvalue": 8.755507069807366e-09, 
      "min": 19.0
    }, 
    "kvdb_bytes_read": {
      "max": 516816.5999999996, 
      "mean": 268080.4146725926, 
      "variance": 32852207904.243313, 
      "pvalue": 0.021733144947881675, 
      "min": 78682.63961600001
    }, 
    "tcp_sends": {
      "max": 550912.0, 
      "mean": 249953.52380952382, 
      "variance": 31239166681.10658, 
      "pvalue": 0.0002597186211808676, 
      "min": 28672.0
    }, 
    "dir_writes": {
      "max": 405857280.0, 
      "mean": 198786048.0, 
      "variance": 1.6862144882540544e+16, 
      "pvalue": 0.2558884742975939, 
      "min": 31886336.0
    }, 
    "kvdb_bytes_write": {
      "max": 932250.225, 
      "mean": 393223.63692444446, 
      "variance": 98989175513.94498, 
      "pvalue": 0.34133271225365935, 
      "min": 0.0
    }, 
    "dir_write_c": {
      "max": 3519.0, 
      "mean": 2855.6666666666665, 
      "variance": 82032520.69841269, 
      "pvalue": 0.06704693473469585, 
      "min": 171.0
    }, 
    "peer_stats": {
      "max": 25.15, 
      "mean": 21.555555555555557, 
      "variance": 5.135802469135804, 
      "pvalue": 2.532010512602611e-09, 
      "min": 18.0
    }, 
    "tcp_recvs": {
      "max": 9106432.0, 
      "mean": 3662506.6666666665, 
      "variance": 32240829647660.695, 
      "pvalue": 0.0041818440975193395, 
      "min": 33792.0
    }
  }, 
  "dir_reads": {
    "metric": {
      "instance": "172.17.0.1:8000", 
      "hostname": "longz-experiment", 
      "pid": "3940", 
      "directory": "/data/blockchain/eth-data", 
      "job": "syscall_monitoring", 
      "application_name": "openethereum"
    }, 
    "values": [
      [
        1633147927, 
        "614252544"
      ], 
      [
        1633147942, 
        "768319488"
      ], 
      [
        1633147957, 
        "660088832"
      ], 
      [
        1633147972, 
        "500781056"
      ], 
      [
        1633147987, 
        "591057920"
      ], 
      [
        1633148002, 
        "747722752"
      ], 
      [
        1633148017, 
        "557291520"
      ], 
      [
        1633148032, 
        "663698432"
      ], 
      [
        1633148047, 
        "632414208"
      ], 
      [
        1633148062, 
        "861494272"
      ], 
      [
        1633148077, 
        "537681920"
      ], 
      [
        1633148092, 
        "801256448"
      ], 
      [
        1633148107, 
        "948356096"
      ], 
      [
        1633148122, 
        "1623646208"
      ], 
      [
        1633148137, 
        "1482792960"
      ], 
      [
        1633148152, 
        "1413279744"
      ], 
      [
        1633148167, 
        "1171031040"
      ], 
      [
        1633148182, 
        "1510726656"
      ], 
      [
        1633148197, 
        "1319669760"
      ], 
      [
        1633148212, 
        "1623006208"
      ], 
      [
        1633148227, 
        "943774720"
      ]
    ]
  }, 
  "tcp_conn": {
    "metric": {}, 
    "values": [
      [
        1633147927, 
        "35"
      ], 
      [
        1633147942, 
        "36"
      ], 
      [
        1633147957, 
        "35"
      ], 
      [
        1633147972, 
        "19"
      ], 
      [
        1633147987, 
        "71"
      ], 
      [
        1633148002, 
        "1"
      ], 
      [
        1633148017, 
        "75"
      ], 
      [
        1633148032, 
        "489"
      ], 
      [
        1633148047, 
        "409"
      ], 
      [
        1633148062, 
        "419"
      ], 
      [
        1633148077, 
        "407"
      ], 
      [
        1633148092, 
        "341"
      ], 
      [
        1633148107, 
        "22"
      ], 
      [
        1633148122, 
        "126"
      ], 
      [
        1633148137, 
        "218"
      ], 
      [
        1633148152, 
        "391"
      ], 
      [
        1633148167, 
        "328"
      ], 
      [
        1633148182, 
        "188"
      ], 
      [
        1633148197, 
        "203"
      ], 
      [
        1633148212, 
        "285"
      ], 
      [
        1633148227, 
        "92"
      ]
    ]
  }, 
  "kvdb_bytes_read": {
    "metric": {
      "instance": "172.17.0.1:3033", 
      "job": "openethereum"
    }, 
    "values": [
      [
        1633147927, 
        "191876"
      ], 
      [
        1633147942, 
        "156590"
      ], 
      [
        1633147957, 
        "91531.3"
      ], 
      [
        1633147972, 
        "111978.3"
      ], 
      [
        1633148002, 
        "5873.564106666667"
      ], 
      [
        1633148017, 
        "163031.6"
      ], 
      [
        1633148032, 
        "117043.5"
      ], 
      [
        1633148047, 
        "192071.9"
      ], 
      [
        1633148062, 
        "117089"
      ], 
      [
        1633148077, 
        "168150.7"
      ], 
      [
        1633148092, 
        "237327.4"
      ], 
      [
        1633148107, 
        "422505.8"
      ], 
      [
        1633148122, 
        "739730.8"
      ], 
      [
        1633148137, 
        "469652.7"
      ], 
      [
        1633148152, 
        "398210.6"
      ], 
      [
        1633148167, 
        "477478.8"
      ], 
      [
        1633148182, 
        "409947.1"
      ], 
      [
        1633148197, 
        "355358.4"
      ]
    ]
  }, 
  "tcp_sends": {
    "metric": {},