{
  "dir_read_c": {
    "metric": {
      "instance": "172.17.0.1:8000", 
      "hostname": "longz-experiment", 
      "pid": "3940", 
      "directory": "/data/blockchain/eth-data", 
      "job": "syscall_monitoring", 
      "application_name": "openethereum", 
      "__name__": "dir_reads_total"
    }, 
    "values": [
      [
        1633147626, 
        "29266"
      ], 
      [
        1633147641, 
        "28561"
      ], 
      [
        1633147656, 
        "35155"
      ], 
      [
        1633147671, 
        "77685"
      ], 
      [
        1633147686, 
        "74874"
      ], 
      [
        1633147701, 
        "83880"
      ], 
      [
        1633147716, 
        "48646"
      ], 
      [
        1633147731, 
        "24137"
      ], 
      [
        1633147746, 
        "25858"
      ], 
      [
        1633147761, 
        "27277"
      ], 
      [
        1633147776, 
        "30743"
      ], 
      [
        1633147791, 
        "25861"
      ], 
      [
        1633147806, 
        "33845"
      ], 
      [
        1633147821, 
        "29087"
      ], 
      [
        1633147836, 
        "23471"
      ], 
      [
        1633147851, 
        "35722"
      ], 
      [
        1633147866, 
        "26885"
      ], 
      [
        1633147881, 
        "25597"
      ], 
      [
        1633147896, 
        "28527"
      ], 
      [
        1633147911, 
        "28845"
      ], 
      [
        1633147926, 
        "29954"
      ]
    ]
  }, 
  "stat": {
    "dir_read_c": {
      "max": 77685.0, 
      "mean": 36851.23809523809, 
      "variance": 322948992.46712023, 
      "pvalue": 0.09321991110821598, 
      "min": 24137.0
    }, 
    "dir_reads": {
      "max": 1538642944.0, 
      "mean": 738330428.9523809, 
      "variance": 1.5040971745826544e+17, 
      "pvalue": 0.05783365198041154, 
      "min": 440756224.0
    }, 
    "tcp_conn": {
      "max": 272.0, 
      "mean": 72.57142857142857, 
      "variance": 9982.244897959185, 
      "pvalue": 0.0006260625966724517, 
      "min": 0.0
    }, 
    "kvdb_bytes_read": {
      "max": 434387.735, 
      "mean": 179427.30692258125, 
      "variance": 13506031080.581884, 
      "pvalue": 0.2971319185784603, 
      "min": 66448.36869096935
    }, 
    "tcp_sends": {
      "max": 643072.0, 
      "mean": 275163.4285714286, 
      "variance": 180579281801.5782, 
      "pvalue": 0.00028267901209265525, 
      "min": 0.0
    }, 
    "dir_writes": {
      "max": 311922688.0, 
      "mean": 211381248.0, 
      "variance": 8022104084528372.0, 
      "pvalue": 0.2528370687418612, 
      "min": 45688832.0
    }, 
    "kvdb_bytes_write": {
      "max": 674841.2749999998, 
      "mean": 167002.7645770045, 
      "variance": 55459804676.47115, 
      "pvalue": 0.04737886096786165, 
      "min": 0.0
    }, 
    "dir_write_c": {
      "max": 3699.0, 
      "mean": 2630.1428571428573, 
      "variance": 68480048.21768709, 
      "pvalue": 0.8375616362175988, 
      "min": 186.0
    }, 
    "peer_stats": {
      "max": 29.0, 
      "mean": 26.11111111111111, 
      "variance": 4.765432098765431, 
      "pvalue": 0.24703311522425503, 
      "min": 23.55
    }, 
    "tcp_recvs": {
      "max": 20864000.0, 
      "mean": 4515254.857142857, 
      "variance": 44343491366828.41, 
      "pvalue": 0.3606608507316247, 
      "min": 0.0
    }
  }, 
  "dir_reads": {
    "metric": {
      "instance": "172.17.0.1:8000", 
      "hostname": "longz-experiment", 
      "pid": "3940", 
      "directory": "/data/blockchain/eth-data", 
      "job": "syscall_monitoring", 
      "application_name": "openethereum"
    }, 
    "values": [
      [
        1633147626, 
        "536541184"
      ], 
      [
        1633147641, 
        "536521728"
      ], 
      [
        1633147656, 
        "640272384"
      ], 
      [
        1633147671, 
        "1465993216"
      ], 
      [
        1633147686, 
        "1538642944"
      ], 
      [
        1633147701, 
        "1821609984"
      ], 
      [
        1633147716, 
        "1163218944"
      ], 
      [
        1633147731, 
        "440756224"
      ], 
      [
        1633147746, 
        "478095360"
      ], 
      [
        1633147761, 
        "491461632"
      ], 
      [
        1633147776, 
        "602889216"
      ], 
      [
        1633147791, 
        "549905408"
      ], 
      [
        1633147806, 
        "650746880"
      ], 
      [
        1633147821, 
        "581372928"
      ], 
      [
        1633147836, 
        "424663040"
      ], 
      [
        1633147851, 
        "719349760"
      ], 
      [
        1633147866, 
        "541933568"
      ], 
      [
        1633147881, 
        "540254208"
      ], 
      [
        1633147896, 
        "576464896"
      ], 
      [
        1633147911, 
        "589992960"
      ], 
      [
        1633147926, 
        "614252544"
      ]
    ]
  }, 
  "tcp_conn": {
    "metric": {}, 
    "values": [
      [
        1633147626, 
        "24"
      ], 
      [
        1633147641, 
        "27"
      ], 
      [
        1633147656, 
        "35"
      ], 
      [
        1633147671, 
        "27"
      ], 
      [
        1633147686, 
        "17"
      ], 
      [
        1633147701, 
        "47"
      ], 
      [
        1633147716, 
        "29"
      ], 
      [
        1633147731, 
        "0"
      ], 
      [
        1633147746, 
        "0"
      ], 
      [
        1633147761, 
        "40"
      ], 
      [
        1633147776, 
        "22"
      ], 
      [
        1633147791, 
        "272"
      ], 
      [
        1633147806, 
        "370"
      ], 
      [
        1633147821, 
        "1"
      ], 
      [
        1633147836, 
        "246"
      ], 
      [
        1633147851, 
        "178"
      ], 
      [
        1633147866, 
        "69"
      ], 
      [
        1633147881, 
        "33"
      ], 
      [
        1633147896, 
        "22"
      ], 
      [
        1633147911, 
        "30"
      ], 
      [
        1633147926, 
        "35"
      ]
    ]
  }, 
  "kvdb_bytes_read": {
    "metric": {
      "instance": "172.17.0.1:3033", 
      "job": "openethereum"
    }, 
    "values": [
      [
        1633147626, 
        "95322.6"
      ], 
      [
        1633147641, 
        "123114.2"
      ], 
      [
        1633147656, 
        "455539.9"
      ], 
      [
        1633147671, 
        "430655"
      ], 
      [
        1633147686, 
        "378157.9"
      ], 
      [
        1633147746, 
        "55837.92460646231"
      ], 
      [
        1633147761, 
        "109913.3"
      ], 
      [
        1633147776, 
        "126147.9"
      ], 
      [
        1633147791, 
        "154110.6"
      ], 
      [
        1633147806, 
        "167877.2"
      ], 
      [
        1633147821, 
        "68320.8"
      ], 
      [
        1633147836, 
        "168811.4"
      ], 
      [
        1633147851, 
        "74434.6"
      ], 
      [
        1633147866, 
        "205573.2"
      ], 
      [
        1633147881, 
        "140282.1"
      ], 
      [
        1633147896, 
        "113378"
      ], 
      [
        1633147911, 
        "170338.9"
      ], 
      [
        1633147926, 
        "191876"
      ]
    ]
  }, 
  "tcp_sends": {
    "metric": {},