{
  "dir_read_c": {
    "metric": {
      "instance": "172.17.0.1:8000", 
      "hostname": "longz-experiment", 
      "pid": "3940", 
      "directory": "/data/blockchain/eth-data", 
      "job": "syscall_monitoring", 
      "application_name": "openethereum", 
      "__name__": "dir_reads_total"
    }, 
    "values": [
      [
        1633148831, 
        "65554"
      ], 
      [
        1633148846, 
        "62715"
      ], 
      [
        1633148861, 
        "64951"
      ], 
      [
        1633148876, 
        "62213"
      ], 
      [
        1633148891, 
        "98038"
      ], 
      [
        1633148906, 
        "32851"
      ], 
      [
        1633148921, 
        "92577"
      ], 
      [
        1633148936, 
        "30264"
      ], 
      [
        1633148951, 
        "102624"
      ], 
      [
        1633148966, 
        "16258"
      ], 
      [
        1633148981, 
        "87694"
      ], 
      [
        1633148996, 
        "55151"
      ], 
      [
        1633149011, 
        "33703"
      ], 
      [
        1633149026, 
        "110017"
      ], 
      [
        1633149041, 
        "31111"
      ], 
      [
        1633149056, 
        "69436"
      ], 
      [
        1633149071, 
        "76453"
      ], 
      [
        1633149086, 
        "121253"
      ], 
      [
        1633149101, 
        "65923"
      ], 
      [
        1633149116, 
        "106286"
      ], 
      [
        1633149131, 
        "43171"
      ]
    ]
  }, 
  "stat": {
    "dir_read_c": {
      "max": 110017.0, 
      "mean": 68011.57142857143, 
      "variance": 855713849.7687076, 
      "pvalue": 5.59144168292224e-05, 
      "min": 30264.0
    }, 
    "dir_reads": {
      "max": 2161895424.0, 
      "mean": 1336500711.6190476, 
      "variance": 3.278290186503325e+17, 
      "pvalue": 4.844164155748932e-05, 
      "min": 531208192.0
    }, 
    "tcp_conn": {
      "max": 58.0, 
      "mean": 32.61904761904762, 
      "variance": 256.71201814058963, 
      "pvalue": 0.0023840563617450496, 
      "min": 8.0
    }, 
    "kvdb_bytes_read": {
      "max": 593172.7, 
      "mean": 298670.4970907937, 
      "variance": 49985980350.30112, 
      "pvalue": 0.016390241000361877, 
      "min": 38825.5
    }, 
    "tcp_sends": {
      "max": 303104.0, 
      "mean": 184222.47619047618, 
      "variance": 215254068514.24936, 
      "pvalue": 8.27113267062342e-07, 
      "min": 22528.0
    }, 
    "dir_writes": {
      "max": 271521792.0, 
      "mean": 219164086.85714287, 
      "variance": 1057579851936050.6, 
      "pvalue": 0.003830362373043931, 
      "min": 181614592.0
    }, 
    "kvdb_bytes_write": {
      "max": 684582.4, 
      "mean": 255880.2142857143, 
      "variance": 79348002250.63835, 
      "pvalue": 0.8179441649711432, 
      "min": 0.0
    }, 
    "dir_write_c": {
      "max": 491.0, 
      "mean": 2341.4285714285716, 
      "variance": 80897362.05442177, 
      "pvalue": 0.19359679225386017, 
      "min": 213.0
    }, 
    "peer_stats": {
      "max": 34.0, 
      "mean": 29.142857142857142, 
      "variance": 9.07482993197279, 
      "pvalue": 0.055406966778395565, 
      "min": 26.0
    }, 
    "tcp_recvs": {
      "max": 3256320.0, 
      "mean": 1689258.6666666667, 
      "variance": 1711859173408.5083, 
      "pvalue": 0.22017381690042168, 
      "min": 153600.0
    }
  }, 
  "dir_reads": {
    "metric": {
      "instance": "172.17.0.1:8000", 
      "hostname": "longz-experiment", 
      "pid": "3940", 
      "directory": "/data/blockchain/eth-data", 
      "job": "syscall_monitoring", 
      "application_name": "openethereum"
    }, 
    "values": [
      [
        1633148831, 
        "1267984384"
      ], 
      [
        1633148846, 
        "1275714560"
      ], 
      [
        1633148861, 
        "1340260352"
      ], 
      [
        1633148876, 
        "1274682368"
      ], 
      [
        1633148891, 
        "1985459200"
      ], 
      [
        1633148906, 
        "734796800"
      ], 
      [
        1633148921, 
        "1849517056"
      ], 
      [
        1633148936, 
        "602748928"
      ], 
      [
        1633148951, 
        "2022144000"
      ], 
      [
        1633148966, 
        "431244288"
      ], 
      [
        1633148981, 
        "1669953536"
      ], 
      [
        1633148996, 
        "1047143424"
      ], 
      [
        1633149011, 
        "566579200"
      ], 
      [
        1633149026, 
        "1933517824"
      ], 
      [
        1633149041, 
        "531208192"
      ], 
      [
        1633149056, 
        "1339125760"
      ], 
      [
        1633149071, 
        "1479483392"
      ], 
      [
        1633149086, 
        "2440276992"
      ], 
      [
        1633149101, 
        "1309588480"
      ], 
      [
        1633149116, 
        "2161895424"
      ], 
      [
        1633149131, 
        "803190784"
      ]
    ]
  }, 
  "tcp_conn": {
    "metric": {}, 
    "values": [
      [
        1633148831, 
        "58"
      ], 
      [
        1633148846, 
        "26"
      ], 
      [
        1633148861, 
        "10"
      ], 
      [
        1633148876, 
        "40"
      ], 
      [
        1633148891, 
        "37"
      ], 
      [
        1633148906, 
        "18"
      ], 
      [
        1633148921, 
        "1"
      ], 
      [
        1633148936, 
        "44"
      ], 
      [
        1633148951, 
        "51"
      ], 
      [
        1633148966, 
        "30"
      ], 
      [
        1633148981, 
        "39"
      ], 
      [
        1633148996, 
        "8"
      ], 
      [
        1633149011, 
        "59"
      ], 
      [
        1633149026, 
        "31"
      ], 
      [
        1633149041, 
        "25"
      ], 
      [
        1633149056, 
        "27"
      ], 
      [
        1633149071, 
        "28"
      ], 
      [
        1633149086, 
        "15"
      ], 
      [
        1633149101, 
        "52"
      ], 
      [
        1633149116, 
        "37"
      ], 
      [
        1633149131, 
        "49"
      ]
    ]
  }, 
  "kvdb_bytes_read": {
    "metric": {
      "instance": "172.17.0.1:3033", 
      "job": "openethereum"
    }, 
    "values": [
      [
        1633148831, 
        "158017.1"
      ], 
      [
        1633148846, 
        "284770.2"
      ], 
      [
        1633148861, 
        "334335.2"
      ], 
      [
        1633148876, 
        "540377.8"
      ], 
      [
        1633148891, 
        "88011.6"
      ], 
      [
        1633148906, 
        "338455.5"
      ], 
      [
        1633148921, 
        "90724.2"
      ], 
      [
        1633148936, 
        "530875.9"
      ], 
      [
        1633148951, 
        "38825.5"
      ], 
      [
        1633148966, 
        "332707.5"
      ], 
      [
        1633148981, 
        "266609.1"
      ], 
      [
        1633148996, 
        "122943.7"
      ], 
      [
        1633149011, 
        "970865.6"
      ], 
      [
        1633149026, 
        "135599.7"
      ], 
      [
        1633149041, 
        "400449.7"
      ], 
      [
        1633149056, 
        "272141"
      ], 
      [
        1633149071, 
        "593172.7"
      ], 
      [
        1633149086, 
        "184056.2"
      ], 
      [
        1633149101, 
        "457500"
      ], 
      [
        1633149116, 
        "106405.4"
      ], 
      [
        1633149131, 
        "25236.838906666668"
      ]
    ]
  }, 
  "tcp_sends": {
    "metric": {},