{
  "dir_read_c": {
    "metric": {
      "instance": "172.17.0.1:8000", 
      "hostname": "longz-experiment", 
      "pid": "3940", 
      "directory": "/data/blockchain/eth-data", 
      "job": "syscall_monitoring", 
      "application_name": "openethereum", 
      "__name__": "dir_reads_total"
    }, 
    "values": [
      [
        1633148527, 
        "62455"
      ], 
      [
        1633148542, 
        "28309"
      ], 
      [
        1633148557, 
        "45541"
      ], 
      [
        1633148572, 
        "24408"
      ], 
      [
        1633148587, 
        "46300"
      ], 
      [
        1633148602, 
        "23814"
      ], 
      [
        1633148617, 
        "31318"
      ], 
      [
        1633148632, 
        "24429"
      ], 
      [
        1633148647, 
        "18430"
      ], 
      [
        1633148662, 
        "19899"
      ], 
      [
        1633148677, 
        "57414"
      ], 
      [
        1633148692, 
        "86114"
      ], 
      [
        1633148707, 
        "20048"
      ], 
      [
        1633148722, 
        "146823"
      ], 
      [
        1633148737, 
        "59046"
      ], 
      [
        1633148752, 
        "86504"
      ], 
      [
        1633148767, 
        "132579"
      ], 
      [
        1633148782, 
        "73659"
      ], 
      [
        1633148797, 
        "33102"
      ], 
      [
        1633148812, 
        "99063"
      ], 
      [
        1633148827, 
        "65554"
      ]
    ]
  }, 
  "stat": {
    "dir_read_c": {
      "max": 132579.0, 
      "mean": 56419.47619047619, 
      "variance": 1304721157.868481, 
      "pvalue": 0.05754815516265277, 
      "min": 19899.0
    }, 
    "dir_reads": {
      "max": 2675864576.0, 
      "mean": 1178381799.6190476, 
      "variance": 5.136259603527038e+17, 
      "pvalue": 0.015551317972391883, 
      "min": 437987328.0
    }, 
    "tcp_conn": {
      "max": 463.0, 
      "mean": 146.0, 
      "variance": 26512.285714285714, 
      "pvalue": 0.0005307883959139543, 
      "min": 7.0
    }, 
    "kvdb_bytes_read": {
      "max": 805036.2, 
      "mean": 210087.41778920635, 
      "variance": 47748103955.28868, 
      "pvalue": 0.8564300365069839, 
      "min": 45961.382346666665
    }, 
    "tcp_sends": {
      "max": 628736.0, 
      "mean": 231619.04761904763, 
      "variance": 33421873922.902485, 
      "pvalue": 0.0006595959469493797, 
      "min": 22528.0
    }, 
    "dir_writes": {
      "max": 237629440.0, 
      "mean": 201237650.2857143, 
      "variance": 576433418869279.2, 
      "pvalue": 0.23347690854618594, 
      "min": 153820160.0
    }, 
    "kvdb_bytes_write": {
      "max": 604158.9, 
      "mean": 123278.39523809523, 
      "variance": 46037430090.046165, 
      "pvalue": 0.0444301002388385, 
      "min": 0.0
    }, 
    "dir_write_c": {
      "max": 910.0, 
      "mean": 2394.3333333333335, 
      "variance": 85221903.07936504, 
      "pvalue": 0.4545590218126798, 
      "min": 182.0
    }, 
    "peer_stats": {
      "max": 26.0, 
      "mean": 20.6, 
      "variance": 32.04, 
      "pvalue": 4.6646647356002116e-07, 
      "min": 10.0
    }, 
    "tcp_recvs": {
      "max": 12092416.0, 
      "mean": 4595321.904761905, 
      "variance": 28093794469363.227, 
      "pvalue": 0.008533277015043205, 
      "min": 533504.0
    }
  }, 
  "dir_reads": {
    "metric": {
      "instance": "172.17.0.1:8000", 
      "hostname": "longz-experiment", 
      "pid": "3940", 
      "directory": "/data/blockchain/eth-data", 
      "job": "syscall_monitoring", 
      "application_name": "openethereum"
    }, 
    "values": [
      [
        1633148527, 
        "1523900416"
      ], 
      [
        1633148542, 
        "636231680"
      ], 
      [
        1633148557, 
        "1060839424"
      ], 
      [
        1633148572, 
        "598100992"
      ], 
      [
        1633148587, 
        "1085622272"
      ], 
      [
        1633148602, 
        "486123520"
      ], 
      [
        1633148617, 
        "630845440"
      ], 
      [
        1633148632, 
        "507098112"
      ], 
      [
        1633148647, 
        "356402176"
      ], 
      [
        1633148662, 
        "437987328"
      ], 
      [
        1633148677, 
        "1343403008"
      ], 
      [
        1633148692, 
        "2012469248"
      ], 
      [
        1633148707, 
        "482632704"
      ], 
      [
        1633148722, 
        "2858759168"
      ], 
      [
        1633148737, 
        "1155732480"
      ], 
      [
        1633148752, 
        "1683185664"
      ], 
      [
        1633148767, 
        "2675864576"
      ], 
      [
        1633148782, 
        "1425691648"
      ], 
      [
        1633148797, 
        "569478144"
      ], 
      [
        1633148812, 
        "1947665408"
      ], 
      [
        1633148827, 
        "1267984384"
      ]
    ]
  }, 
  "tcp_conn": {
    "metric": {}, 
    "values": [
      [
        1633148527, 
        "44"
      ], 
      [
        1633148542, 
        "129"
      ], 
      [
        1633148557, 
        "326"
      ], 
      [
        1633148572, 
        "1"
      ], 
      [
        1633148587, 
        "36"
      ], 
      [
        1633148602, 
        "500"
      ], 
      [
        1633148617, 
        "463"
      ], 
      [
        1633148632, 
        "387"
      ], 
      [
        1633148647, 
        "394"
      ], 
      [
        1633148662, 
        "75"
      ], 
      [
        1633148677, 
        "78"
      ], 
      [
        1633148692, 
        "10"
      ], 
      [
        1633148707, 
        "275"
      ], 
      [
        1633148722, 
        "105"
      ], 
      [
        1633148737, 
        "41"
      ], 
      [
        1633148752, 
        "23"
      ], 
      [
        1633148767, 
        "52"
      ], 
      [
        1633148782, 
        "22"
      ], 
      [
        1633148797, 
        "40"
      ], 
      [
        1633148812, 
        "7"
      ], 
      [
        1633148827, 
        "58"
      ]
    ]
  }, 
  "kvdb_bytes_read": {
    "metric": {
      "instance": "172.17.0.1:3033", 
      "job": "openethereum"
    }, 
    "values": [
      [
        1633148527, 
        "21050.298826666665"
      ], 
      [
        1633148542, 
        "240574.8"
      ], 
      [
        1633148557, 
        "102336.9"
      ], 
      [
        1633148572, 
        "238358"
      ], 
      [
        1633148587, 
        "97971.8"
      ], 
      [
        1633148602, 
        "72420.5"
      ], 
      [
        1633148617, 
        "83103"
      ], 
      [
        1633148632, 
        "47522.5"
      ], 
      [
        1633148647, 
        "67928.4"
      ], 
      [
        1633148662, 
        "111470"
      ], 
      [
        1633148677, 
        "270976.8924"
      ], 
      [
        1633148692, 
        "64810"
      ], 
      [
        1633148707, 
        "838748"
      ], 
      [
        1633148722, 
        "235398.4"
      ], 
      [
        1633148737, 
        "45961.382346666665"
      ], 
      [
        1633148752, 
        "805036.2"
      ], 
      [
        1633148767, 
        "100692.3"
      ], 
      [
        1633148782, 
        "139119.4"
      ], 
      [
        1633148797, 
        "364837.1"
      ], 
      [
        1633148812, 
        "176229.1"
      ], 
      [
        1633148827, 
        "287290.8"
      ]
    ]
  }, 
  "tcp_sends": {
    "metric": {},