{
  "dir_read_c": {
    "metric": {
      "instance": "172.17.0.1:8000", 
      "hostname": "longz-experiment", 
      "pid": "1887", 
      "directory": "/data/blockchain/eth-data", 
      "job": "syscall_monitoring", 
      "application_name": "openethereum", 
      "__name__": "dir_reads_total"
    }, 
    "values": [
      [
        1633142082, 
        "17627"
      ], 
      [
        1633142097, 
        "19789"
      ], 
      [
        1633142112, 
        "21969"
      ], 
      [
        1633142127, 
        "22416"
      ], 
      [
        1633142142, 
        "29666"
      ], 
      [
        1633142157, 
        "21760"
      ], 
      [
        1633142172, 
        "28975"
      ], 
      [
        1633142187, 
        "32973"
      ], 
      [
        1633142202, 
        "31304"
      ], 
      [
        1633142217, 
        "58703"
      ], 
      [
        1633142232, 
        "56049"
      ], 
      [
        1633142247, 
        "65825"
      ], 
      [
        1633142262, 
        "71450"
      ], 
      [
        1633142277, 
        "121853"
      ], 
      [
        1633142292, 
        "26091"
      ], 
      [
        1633142307, 
        "17983"
      ], 
      [
        1633142322, 
        "63326"
      ], 
      [
        1633142337, 
        "34584"
      ], 
      [
        1633142352, 
        "18809"
      ], 
      [
        1633142367, 
        "83242"
      ], 
      [
        1633142382, 
        "29761"
      ]
    ]
  }, 
  "stat": {
    "dir_read_c": {
      "max": 83242.0, 
      "mean": 41626.42857142857, 
      "variance": 705360349.3877552, 
      "pvalue": 0.5482664303814894, 
      "min": 17983.0
    }, 
    "dir_reads": {
      "max": 1679637504.0, 
      "mean": 854749232.7619047, 
      "variance": 2.72039414194676e+17, 
      "pvalue": 0.9896545495087702, 
      "min": 387146752.0
    }, 
    "tcp_conn": {
      "max": 448.0, 
      "mean": 105.0, 
      "variance": 17991.428571428572, 
      "pvalue": 0.0004220069095655909, 
      "min": 0.0
    }, 
    "kvdb_bytes_read": {
      "max": 387874.985, 
      "mean": 128356.82583499227, 
      "variance": 18358160508.140774, 
      "pvalue": 0.0029917509504384108, 
      "min": 24986.798962666664
    }, 
    "tcp_sends": {
      "max": 158720.0, 
      "mean": 73240.38095238095, 
      "variance": 6194549506.902494, 
      "pvalue": 2.8892454425867153e-08, 
      "min": 0.0
    }, 
    "dir_writes": {
      "max": 276028416.0, 
      "mean": 225818624.0, 
      "variance": 910962179503055.2, 
      "pvalue": 0.009398489010988458, 
      "min": 182728704.0
    }, 
    "kvdb_bytes_write": {
      "max": 1462560.2676550618, 
      "mean": 263349.940379091, 
      "variance": 260590997425.50348, 
      "pvalue": 0.14989115301565145, 
      "min": 0.0
    }, 
    "dir_write_c": {
      "max": 3014.0, 
      "mean": 2755.9523809523807, 
      "variance": 93438031.37868479, 
      "pvalue": 0.3446028926347233, 
      "min": 188.0
    }, 
    "peer_stats": {
      "max": 21.0, 
      "mean": 15.5, 
      "variance": 22.25, 
      "pvalue": 3.3298039749081304e-11, 
      "min": 10.55
    }, 
    "tcp_recvs": {
      "max": 21321728.0, 
      "mean": 4567332.571428572, 
      "variance": 42351864916873.57, 
      "pvalue": 0.015551317972391883, 
      "min": 0.0
    }
  }, 
  "dir_reads": {
    "metric": {
      "instance": "172.17.0.1:8000", 
      "hostname": "longz-experiment", 
      "pid": "1887", 
      "directory": "/data/blockchain/eth-data", 
      "job": "syscall_monitoring", 
      "application_name": "openethereum"
    }, 
    "values": [
      [
        1633142082, 
        "353225728"
      ], 
      [
        1633142097, 
        "657330176"
      ], 
      [
        1633142112, 
        "463435776"
      ], 
      [
        1633142127, 
        "487029760"
      ], 
      [
        1633142142, 
        "618881024"
      ], 
      [
        1633142157, 
        "456474624"
      ], 
      [
        1633142172, 
        "700089344"
      ], 
      [
        1633142187, 
        "663098368"
      ], 
      [
        1633142202, 
        "570327040"
      ], 
      [
        1633142217, 
        "1110445056"
      ], 
      [
        1633142232, 
        "1060082688"
      ], 
      [
        1633142247, 
        "1252304896"
      ], 
      [
        1633142262, 
        "1363496960"
      ], 
      [
        1633142277, 
        "2524174336"
      ], 
      [
        1633142292, 
        "542934016"
      ], 
      [
        1633142307, 
        "387146752"
      ], 
      [
        1633142322, 
        "1299621888"
      ], 
      [
        1633142337, 
        "735397888"
      ], 
      [
        1633142352, 
        "403296256"
      ], 
      [
        1633142367, 
        "1679637504"
      ], 
      [
        1633142382, 
        "621303808"
      ]
    ]
  }, 
  "tcp_conn": {
    "metric": {}, 
    "values": [
      [
        1633142082, 
        "198"
      ], 
      [
        1633142097, 
        "158"
      ], 
      [
        1633142112, 
        "86"
      ], 
      [
        1633142127, 
        "0"
      ], 
      [
        1633142142, 
        "0"
      ], 
      [
        1633142157, 
        "0"
      ], 
      [
        1633142172, 
        "24"
      ], 
      [
        1633142187, 
        "50"
      ], 
      [
        1633142202, 
        "0"
      ], 
      [
        1633142217, 
        "11"
      ], 
      [
        1633142232, 
        "61"
      ], 
      [
        1633142247, 
        "7"
      ], 
      [
        1633142262, 
        "61"
      ], 
      [
        1633142277, 
        "17"
      ], 
      [
        1633142292, 
        "94"
      ], 
      [
        1633142307, 
        "178"
      ], 
      [
        1633142322, 
        "101"
      ], 
      [
        1633142337, 
        "463"
      ], 
      [
        1633142352, 
        "448"
      ], 
      [
        1633142367, 
        "247"
      ], 
      [
        1633142382, 
        "1"
      ]
    ]
  }, 
  "kvdb_bytes_read": {
    "metric": {
      "instance": "172.17.0.1:3033", 
      "job": "openethereum"
    }, 
    "values": [
      [
        1633142082, 
        "31292"
      ], 
      [
        1633142157, 
        "44978.49139655862"
      ], 
      [
        1633142172, 
        "63458.81184000001"
      ], 
      [
        1633142217, 
        "22532.113759999997"
      ], 
      [
        1633142232, 
        "333814.7"
      ], 
      [
        1633142247, 
        "362335.1"
      ], 
      [
        1633142277, 
        "53990"
      ], 
      [
        1633142292, 
        "44263.6"
      ], 
      [
        1633142307, 
        "139523.79216"
      ], 
      [
        1633142322, 
        "47880.9"
      ], 
      [
        1633142337, 
        "61761.3"
      ], 
      [
        1633142352, 
        "435306.2"
      ], 
      [
        1633142367, 
        "129550"
      ], 
      [
        1633142382, 
        "26308.55253333333"
      ]
    ]
  }, 
  "tcp_sends": {
    "metric": {},