{
  "stat": {
    "max": 37.0, 
    "mean": 35.8, 
    "variance": 0.45999999999999985, 
    "min": 34.949999999999996
  }, 
  "values": [
    [
      1623187605, 
      37
    ], 
    [
      1623187620, 
      36.5
    ], 
    [
      1623187635, 
      36
    ], 
    [
      1623187650, 
      35
    ], 
    [
      1623187665, 
      36
    ], 
    [
      1623187680, 
      35.5
    ], 
    [
      1623187695, 
      37
    ], 
    [
      1623187710, 
      36
    ], 
    [
      1623187725, 
      36
    ], 
    [
      1623187740, 
      36
    ], 
    [
      1623187755, 
      36
    ], 
    [
      1623187770, 
      36
    ], 
    [
      1623187785, 
      36
    ], 
    [
      1623187800, 
      36
    ], 
    [
      1623187815, 
      34
    ], 
    [
      1623187830, 
      36.5
    ], 
    [
      1623187845, 
      35
    ], 
    [
      1623187860, 
      35
    ], 
    [
      1623187875, 
      36
    ], 
    [
      1623187890, 
      36
    ]
  ], 
  "name": "geth.p2p/peers.gauge", 
  "columns": [
    "time", 
    "median"
  ]
}