{
  "dir_read_c": {
    "metric": {
      "instance": "172.17.0.1:8000", 
      "hostname": "longz-chaosevm", 
      "pid": "19776", 
      "directory": "/data/eth-data", 
      "job": "syscall_monitoring", 
      "application_name": "geth", 
      "__name__": "dir_reads_total"
    }, 
    "values": [
      [
        1633114238, 
        "34688"
      ], 
      [
        1633114253, 
        "39517"
      ], 
      [
        1633114268, 
        "32576"
      ], 
      [
        1633114283, 
        "36849"
      ], 
      [
        1633114298, 
        "36718"
      ], 
      [
        1633114313, 
        "35769"
      ], 
      [
        1633114328, 
        "36998"
      ], 
      [
        1633114343, 
        "35597"
      ], 
      [
        1633114358, 
        "37510"
      ], 
      [
        1633114373, 
        "30921"
      ], 
      [
        1633114388, 
        "24744"
      ], 
      [
        1633114403, 
        "29842"
      ], 
      [
        1633114418, 
        "36005"
      ], 
      [
        1633114433, 
        "32053"
      ], 
      [
        1633114448, 
        "30686"
      ], 
      [
        1633114463, 
        "23881"
      ], 
      [
        1633114478, 
        "31258"
      ], 
      [
        1633114493, 
        "27173"
      ], 
      [
        1633114508, 
        "29666"
      ], 
      [
        1633114523, 
        "25249"
      ], 
      [
        1633114538, 
        "21079"
      ]
    ]
  }, 
  "stat": {
    "dir_read_c": {
      "max": 37510.0, 
      "mean": 31846.619047619046, 
      "variance": 25148818.616780043, 
      "pvalue": 3.267072171421368e-09, 
      "min": 23881.0
    }, 
    "dir_reads": {
      "max": 432455680.0, 
      "mean": 362488929.52380955, 
      "variance": 3682782321114986.5, 
      "pvalue": 1.2353820956298656e-07, 
      "min": 281772032.0
    }, 
    "tcp_conn": {
      "max": 76.0, 
      "mean": 62.19047619047619, 
      "variance": 31.487528344671205, 
      "pvalue": 2.214072573326418e-19, 
      "min": 56.0
    }, 
    "tcp_sends": {
      "max": 9384960.0, 
      "mean": 3163428.5714285714, 
      "variance": 33814551863128.816, 
      "pvalue": 3.566706923435187e-14, 
      "min": 230400.0
    }, 
    "dir_writes": {
      "max": 372736.0, 
      "mean": 205482.66666666666, 
      "variance": 6935314952.126984, 
      "pvalue": 0.0008682236485247057, 
      "min": 59392.0
    }, 
    "dir_write_c": {
      "max": 290.0, 
      "mean": 158.38095238095238, 
      "variance": 13968.140589569162, 
      "pvalue": 0.5438598200245074, 
      "min": 34.0
    }, 
    "disk_write": {
      "max": 13962.758049287888, 
      "mean": 11972.732643258034, 
      "variance": 5552590.903701611, 
      "pvalue": 0.00041741881685632956, 
      "min": 6731.1586530621
    }, 
    "disk_read": {
      "max": 26882297.973523, 
      "mean": 24143642.963243194, 
      "variance": 3593233103140.2314, 
      "pvalue": 6.222190813158094e-10, 
      "min": 20499162.41306898
    }, 
    "peer_stats": {
      "max": 41.0, 
      "mean": 39.642857142857146, 
      "variance": 0.9557823129251704, 
      "pvalue": 1.6526653304976648e-19, 
      "min": 38.0
    }, 
    "tcp_recvs": {
      "max": 2777088.0, 
      "mean": 2175707.4285714286, 
      "variance": 4869850700096.436, 
      "pvalue": 0.000468044574637402, 
      "min": 839680.0
    }
  }, 
  "dir_reads": {
    "metric": {
      "instance": "172.17.0.1:8000", 
      "hostname": "longz-chaosevm", 
      "pid": "19776", 
      "directory": "/data/eth-data", 
      "job": "syscall_monitoring", 
      "application_name": "geth"
    }, 
    "values": [
      [
        1633114238, 
        "404333568"
      ], 
      [
        1633114253, 
        "448499712"
      ], 
      [
        1633114268, 
        "377495552"
      ], 
      [
        1633114283, 
        "429071360"
      ], 
      [
        1633114298, 
        "424481792"
      ], 
      [
        1633114313, 
        "421519360"
      ], 
      [
        1633114328, 
        "412229632"
      ], 
      [
        1633114343, 
        "427090944"
      ], 
      [
        1633114358, 
        "432455680"
      ], 
      [
        1633114373, 
        "301206528"
      ], 
      [
        1633114388, 
        "302620672"
      ], 
      [
        1633114403, 
        "340197376"
      ], 
      [
        1633114418, 
        "395052032"
      ], 
      [
        1633114433, 
        "376355840"
      ], 
      [
        1633114448, 
        "319123456"
      ], 
      [
        1633114463, 
        "283699200"
      ], 
      [
        1633114478, 
        "381121536"
      ], 
      [
        1633114493, 
        "311590912"
      ], 
      [
        1633114508, 
        "297189376"
      ], 
      [
        1633114523, 
        "281772032"
      ], 
      [
        1633114538, 
        "245160960"
      ]
    ]
  }, 
  "tcp_conn": {
    "metric": {}, 
    "values": [
      [
        1633114238, 
        "77"
      ], 
      [
        1633114253, 
        "76"
      ], 
      [
        1633114268, 
        "61"
      ], 
      [
        1633114283, 
        "60"
      ], 
      [
        1633114298, 
        "60"
      ], 
      [
        1633114313, 
        "65"
      ], 
      [
        1633114328, 
        "65"
      ], 
      [
        1633114343, 
        "60"
      ], 
      [
        1633114358, 
        "55"
      ], 
      [
        1633114373, 
        "66"
      ], 
      [
        1633114388, 
        "57"
      ], 
      [
        1633114403, 
        "56"
      ], 
      [
        1633114418, 
        "59"
      ], 
      [
        1633114433, 
        "62"
      ], 
      [
        1633114448, 
        "63"
      ], 
      [
        1633114463, 
        "58"
      ], 
      [
        1633114478, 
        "64"
      ], 
      [
        1633114493, 
        "57"
      ], 
      [
        1633114508, 
        "66"
      ], 
      [
        1633114523, 
        "59"
      ], 
      [
        1633114538, 
        "60"
      ]
    ]
  }, 
  "tcp_sends": {
    "metric": {}, 
    "values": [
      [
        1633114238, 
        "8571904"
      ], 
      [
        1633114253, 
        "7790592"
      ], 
      [
        1633114268, 
        "492544"
      ], 
      [
        1633114283, 
        "613376"
      ], 
      [
        1633114298, 
        "557056"
      ], 
      [
        1633114313, 
        "9384960"
      ], 
      [
        1633114328, 
        "25600000"
      ], 
      [
        1633114343, 
        "400384"
      ], 
      [
        1633114358, 
        "608256"
      ], 
      [
        1633114373, 
        "1027072"
      ], 
      [
        1633114388, 
        "202752"
      ], 
      [
        1633114403, 
        "595968"
      ], 
      [
        1633114418, 
        "736256"
      ], 
      [
        1633114433, 
        "482304"
      ], 
      [
        1633114448, 
        "6010880"
      ], 
      [
        1633114463, 
        "230400"
      ], 
      [
        1633114478, 
        "250880"
      ], 
      [
        1633114493, 
        "377856"
      ], 
      [
        1633114508, 
        "742400"
      ], 
      [
        1633114523, 
        "387072"
      ], 
      [
        1633114538, 
        "1369088"
      ]
    ]
  }, 
  "dir_writes": {
    "metric": {
      "instance": "172.17.0.1:8000", 
      "hostname": "longz-chaosevm", 
      "pid": "19776", 
      "directory": "/data/eth-data", 
      "job": "syscall_monitoring", 
      "application_name": "geth"
    },