{
  "dir_read_c": {
    "metric": {
      "instance": "172.17.0.1:8000", 
      "hostname": "longz-chaosevm", 
      "pid": "19776", 
      "directory": "/data/eth-data", 
      "job": "syscall_monitoring", 
      "application_name": "geth", 
      "__name__": "dir_reads_total"
    }, 
    "values": [
      [
        1633113967, 
        "22994"
      ], 
      [
        1633113982, 
        "26125"
      ], 
      [
        1633113997, 
        "22800"
      ], 
      [
        1633114012, 
        "25895"
      ], 
      [
        1633114027, 
        "26493"
      ], 
      [
        1633114042, 
        "28097"
      ], 
      [
        1633114057, 
        "23158"
      ], 
      [
        1633114072, 
        "21844"
      ], 
      [
        1633114087, 
        "27007"
      ], 
      [
        1633114102, 
        "29757"
      ], 
      [
        1633114117, 
        "22654"
      ], 
      [
        1633114132, 
        "23692"
      ], 
      [
        1633114147, 
        "30018"
      ], 
      [
        1633114162, 
        "27390"
      ], 
      [
        1633114177, 
        "25648"
      ], 
      [
        1633114192, 
        "21126"
      ], 
      [
        1633114207, 
        "26637"
      ], 
      [
        1633114222, 
        "35172"
      ], 
      [
        1633114237, 
        "34688"
      ]
    ]
  }, 
  "stat": {
    "dir_read_c": {
      "max": 34736.4, 
      "mean": 26378.684210526317, 
      "variance": 14746757.37396122, 
      "pvalue": 0.00020247262159149156, 
      "min": 21772.2
    }, 
    "dir_reads": {
      "max": 407816191.99999994, 
      "mean": 290503626.1052632, 
      "variance": 2220121400427902.8, 
      "pvalue": 0.0015140691243938878, 
      "min": 263335321.6
    }, 
    "tcp_conn": {
      "max": 90.3, 
      "mean": 80.21052631578948, 
      "variance": 53.95567867036007, 
      "pvalue": 2.850389446895638e-09, 
      "min": 67.9
    }, 
    "tcp_sends": {
      "max": 10921779.199999977, 
      "mean": 3653254.736842105, 
      "variance": 26396885360163.46, 
      "pvalue": 2.7799141437118824e-09, 
      "min": 136294.4
    }, 
    "dir_writes": {
      "max": 194662.39999999985, 
      "mean": 79494.73684210527, 
      "variance": 4023906043.0360107, 
      "pvalue": 0.002194563350412663, 
      "min": 19968.000000000004
    }, 
    "dir_write_c": {
      "max": 279.2, 
      "mean": 144.47368421052633, 
      "variance": 13393.09141274238, 
      "pvalue": 0.061734272349742006, 
      "min": 29.9
    }, 
    "disk_write": {
      "max": 13241.64076899404, 
      "mean": 6493.312444215844, 
      "variance": 9072448.077932512, 
      "pvalue": 2.399331369659743e-06, 
      "min": 4258.690574931449
    }, 
    "disk_read": {
      "max": 21168314.85589642, 
      "mean": 19250245.98932944, 
      "variance": 1759360567825.3918, 
      "pvalue": 0.0013159234255130836, 
      "min": 18023063.77631685
    }, 
    "peer_stats": {
      "max": 41.0, 
      "mean": 39.857142857142854, 
      "variance": 1.7891156462585043, 
      "pvalue": 1.6526653304976648e-19, 
      "min": 38.0
    }, 
    "tcp_recvs": {
      "max": 2848460.7999999993, 
      "mean": 1808437.894736842, 
      "variance": 376820407571.1468, 
      "pvalue": 0.0014850706516481163, 
      "min": 940134.4
    }
  }, 
  "dir_reads": {
    "metric": {
      "instance": "172.17.0.1:8000", 
      "hostname": "longz-chaosevm", 
      "pid": "19776", 
      "directory": "/data/eth-data", 
      "job": "syscall_monitoring", 
      "application_name": "geth"
    }, 
    "values": [
      [
        1633113967, 
        "274747392"
      ], 
      [
        1633113982, 
        "267322368"
      ], 
      [
        1633113997, 
        "266011648"
      ], 
      [
        1633114012, 
        "279368704"
      ], 
      [
        1633114027, 
        "293686272"
      ], 
      [
        1633114042, 
        "269049856"
      ], 
      [
        1633114057, 
        "263989248"
      ], 
      [
        1633114072, 
        "263983104"
      ], 
      [
        1633114087, 
        "273255424"
      ], 
      [
        1633114102, 
        "274190336"
      ], 
      [
        1633114117, 
        "271298560"
      ], 
      [
        1633114132, 
        "268752896"
      ], 
      [
        1633114147, 
        "301468672"
      ], 
      [
        1633114162, 
        "275859456"
      ], 
      [
        1633114177, 
        "266622976"
      ], 
      [
        1633114192, 
        "257505280"
      ], 
      [
        1633114207, 
        "308963328"
      ], 
      [
        1633114222, 
        "439159808"
      ], 
      [
        1633114237, 
        "404333568"
      ]
    ]
  }, 
  "tcp_conn": {
    "metric": {}, 
    "values": [
      [
        1633113967, 
        "70"
      ], 
      [
        1633113982, 
        "71"
      ], 
      [
        1633113997, 
        "67"
      ], 
      [
        1633114012, 
        "68"
      ], 
      [
        1633114027, 
        "77"
      ], 
      [
        1633114042, 
        "76"
      ], 
      [
        1633114057, 
        "88"
      ], 
      [
        1633114072, 
        "79"
      ], 
      [
        1633114087, 
        "83"
      ], 
      [
        1633114102, 
        "84"
      ], 
      [
        1633114117, 
        "83"
      ], 
      [
        1633114132, 
        "90"
      ], 
      [
        1633114147, 
        "88"
      ], 
      [
        1633114162, 
        "86"
      ], 
      [
        1633114177, 
        "93"
      ], 
      [
        1633114192, 
        "78"
      ], 
      [
        1633114207, 
        "85"
      ], 
      [
        1633114222, 
        "81"
      ], 
      [
        1633114237, 
        "77"
      ]
    ]
  }, 
  "tcp_sends": {
    "metric": {}, 
    "values": [
      [
        1633113967, 
        "128000"
      ], 
      [
        1633113982, 
        "392192"
      ], 
      [
        1633113997, 
        "154624"
      ], 
      [
        1633114012, 
        "6660096"
      ], 
      [
        1633114027, 
        "9832448"
      ], 
      [
        1633114042, 
        "748544"
      ], 
      [
        1633114057, 
        "176128"
      ], 
      [
        1633114072, 
        "137216"
      ], 
      [
        1633114087, 
        "4217856"
      ], 
      [
        1633114102, 
        "2286592"
      ], 
      [
        1633114117, 
        "5460992"
      ], 
      [
        1633114132, 
        "858112"
      ], 
      [
        1633114147, 
        "20725760"
      ], 
      [
        1633114162, 
        "675840"
      ], 
      [
        1633114177, 
        "448512"
      ], 
      [
        1633114192, 
        "154624"
      ], 
      [
        1633114207, 
        "306176"
      ], 
      [
        1633114222, 
        "7476224"
      ], 
      [
        1633114237, 
        "8571904"
      ]
    ]
  }, 
  "dir_writes": {
    "metric": {
      "instance": "172.17.0.1:8000", 
      "hostname": "longz-chaosevm", 
      "pid": "19776", 
      "directory": "/data/eth-data", 
      "job": "syscall_monitoring", 
      "application_name": "geth"
    },