{
  "dir_read_c": {
    "metric": {
      "instance": "172.17.0.1:8000", 
      "hostname": "longz-chaosevm", 
      "pid": "19776", 
      "directory": "/data/eth-data", 
      "job": "syscall_monitoring", 
      "application_name": "geth", 
      "__name__": "dir_reads_total"
    }, 
    "values": [
      [
        1633115142, 
        "26148"
      ], 
      [
        1633115157, 
        "25546"
      ], 
      [
        1633115172, 
        "26836"
      ], 
      [
        1633115187, 
        "28728"
      ], 
      [
        1633115202, 
        "33286"
      ], 
      [
        1633115217, 
        "22565"
      ], 
      [
        1633115232, 
        "22516"
      ], 
      [
        1633115247, 
        "26878"
      ], 
      [
        1633115262, 
        "29357"
      ], 
      [
        1633115277, 
        "30011"
      ], 
      [
        1633115292, 
        "33527"
      ], 
      [
        1633115307, 
        "31575"
      ], 
      [
        1633115322, 
        "34413"
      ], 
      [
        1633115337, 
        "35096"
      ], 
      [
        1633115352, 
        "31367"
      ], 
      [
        1633115367, 
        "30637"
      ], 
      [
        1633115382, 
        "33741"
      ], 
      [
        1633115397, 
        "31503"
      ], 
      [
        1633115412, 
        "32303"
      ], 
      [
        1633115427, 
        "31355"
      ], 
      [
        1633115442, 
        "29715"
      ]
    ]
  }, 
  "stat": {
    "dir_read_c": {
      "max": 34413.0, 
      "mean": 29862.04761904762, 
      "variance": 12584129.95011338, 
      "pvalue": 7.760849571611687e-10, 
      "min": 22565.0
    }, 
    "dir_reads": {
      "max": 415081472.0, 
      "mean": 360446976.0, 
      "variance": 1911506967237193.2, 
      "pvalue": 2.2193710782525468e-10, 
      "min": 272561152.0
    }, 
    "tcp_conn": {
      "max": 88.0, 
      "mean": 81.0, 
      "variance": 33.904761904761905, 
      "pvalue": 8.735437518639119e-12, 
      "min": 71.0
    }, 
    "tcp_sends": {
      "max": 363520.0, 
      "mean": 881859.0476190476, 
      "variance": 7478536168780.043, 
      "pvalue": 8.19229021519669e-09, 
      "min": 136192.0
    }, 
    "dir_writes": {
      "max": 854016.0, 
      "mean": 475331.04761904763, 
      "variance": 1130433896243.6646, 
      "pvalue": 0.036796434912513214, 
      "min": 52224.0
    }, 
    "dir_write_c": {
      "max": 931.0, 
      "mean": 276.9047619047619, 
      "variance": 207773.89569160994, 
      "pvalue": 0.33612870961893854, 
      "min": 35.0
    }, 
    "disk_write": {
      "max": 14947.543460717166, 
      "mean": 9757.342840962398, 
      "variance": 24753280.86209215, 
      "pvalue": 0.0024427985378237993, 
      "min": 2951.997958760583
    }, 
    "disk_read": {
      "max": 25476419.898636784, 
      "mean": 22452312.953933835, 
      "variance": 7647064158802.224, 
      "pvalue": 3.3206823179794756e-05, 
      "min": 17574917.340331502
    }, 
    "peer_stats": {
      "max": 42.5, 
      "mean": 41.30952380952381, 
      "variance": 0.7732426303854874, 
      "pvalue": 1.6526653304976648e-19, 
      "min": 40.0
    }, 
    "tcp_recvs": {
      "max": 2872320.0, 
      "mean": 1933116.9523809524, 
      "variance": 367824744048.6168, 
      "pvalue": 0.004226854207077339, 
      "min": 983040.0
    }
  }, 
  "dir_reads": {
    "metric": {
      "instance": "172.17.0.1:8000", 
      "hostname": "longz-chaosevm", 
      "pid": "19776", 
      "directory": "/data/eth-data", 
      "job": "syscall_monitoring", 
      "application_name": "geth"
    }, 
    "values": [
      [
        1633115142, 
        "315734016"
      ], 
      [
        1633115157, 
        "310605824"
      ], 
      [
        1633115172, 
        "318999552"
      ], 
      [
        1633115187, 
        "345129984"
      ], 
      [
        1633115202, 
        "407483392"
      ], 
      [
        1633115217, 
        "271838208"
      ], 
      [
        1633115232, 
        "272561152"
      ], 
      [
        1633115247, 
        "317517824"
      ], 
      [
        1633115262, 
        "357596160"
      ], 
      [
        1633115277, 
        "366648320"
      ], 
      [
        1633115292, 
        "410901504"
      ], 
      [
        1633115307, 
        "386330624"
      ], 
      [
        1633115322, 
        "415081472"
      ], 
      [
        1633115337, 
        "425762816"
      ], 
      [
        1633115352, 
        "374515712"
      ], 
      [
        1633115367, 
        "376906752"
      ], 
      [
        1633115382, 
        "402894848"
      ], 
      [
        1633115397, 
        "375812096"
      ], 
      [
        1633115412, 
        "391735296"
      ], 
      [
        1633115427, 
        "368415744"
      ], 
      [
        1633115442, 
        "356915200"
      ]
    ]
  }, 
  "tcp_conn": {
    "metric": {}, 
    "values": [
      [
        1633115142, 
        "85"
      ], 
      [
        1633115157, 
        "71"
      ], 
      [
        1633115172, 
        "73"
      ], 
      [
        1633115187, 
        "80"
      ], 
      [
        1633115202, 
        "82"
      ], 
      [
        1633115217, 
        "80"
      ], 
      [
        1633115232, 
        "81"
      ], 
      [
        1633115247, 
        "71"
      ], 
      [
        1633115262, 
        "75"
      ], 
      [
        1633115277, 
        "83"
      ], 
      [
        1633115292, 
        "92"
      ], 
      [
        1633115307, 
        "72"
      ], 
      [
        1633115322, 
        "88"
      ], 
      [
        1633115337, 
        "86"
      ], 
      [
        1633115352, 
        "88"
      ], 
      [
        1633115367, 
        "78"
      ], 
      [
        1633115382, 
        "83"
      ], 
      [
        1633115397, 
        "86"
      ], 
      [
        1633115412, 
        "81"
      ], 
      [
        1633115427, 
        "86"
      ], 
      [
        1633115442, 
        "80"
      ]
    ]
  }, 
  "tcp_sends": {
    "metric": {}, 
    "values": [
      [
        1633115142, 
        "13107200"
      ], 
      [
        1633115157, 
        "206848"
      ], 
      [
        1633115172, 
        "216064"
      ], 
      [
        1633115187, 
        "276480"
      ], 
      [
        1633115202, 
        "322560"
      ], 
      [
        1633115217, 
        "136192"
      ], 
      [
        1633115232, 
        "73728"
      ], 
      [
        1633115247, 
        "193536"
      ], 
      [
        1633115262, 
        "222208"
      ], 
      [
        1633115277, 
        "264192"
      ], 
      [
        1633115292, 
        "236544"
      ], 
      [
        1633115307, 
        "260096"
      ], 
      [
        1633115322, 
        "359424"
      ], 
      [
        1633115337, 
        "325632"
      ], 
      [
        1633115352, 
        "303104"
      ], 
      [
        1633115367, 
        "340992"
      ], 
      [
        1633115382, 
        "363520"
      ], 
      [
        1633115397, 
        "350208"
      ], 
      [
        1633115412, 
        "326656"
      ], 
      [
        1633115427, 
        "347136"
      ], 
      [
        1633115442, 
        "286720"
      ]
    ]
  }, 
  "dir_writes": {
    "metric": {
      "instance": "172.17.0.1:8000", 
      "hostname": "longz-chaosevm", 
      "pid": "19776", 
      "directory": "/data/eth-data", 
      "job": "syscall_monitoring", 
      "application_name": "geth"
    },