{
  "dir_read_c": {
    "metric": {
      "instance": "172.17.0.1:8000", 
      "hostname": "longz-chaosevm", 
      "pid": "19776", 
      "directory": "/data/eth-data", 
      "job": "syscall_monitoring", 
      "application_name": "geth", 
      "__name__": "dir_reads_total"
    }, 
    "values": [
      [
        1633114838, 
        "23432"
      ], 
      [
        1633114853, 
        "25625"
      ], 
      [
        1633114868, 
        "27520"
      ], 
      [
        1633114883, 
        "22987"
      ], 
      [
        1633114898, 
        "20167"
      ], 
      [
        1633114913, 
        "22156"
      ], 
      [
        1633114928, 
        "23050"
      ], 
      [
        1633114943, 
        "24862"
      ], 
      [
        1633114958, 
        "24282"
      ], 
      [
        1633114973, 
        "22544"
      ], 
      [
        1633114988, 
        "24303"
      ], 
      [
        1633115003, 
        "23671"
      ], 
      [
        1633115018, 
        "24174"
      ], 
      [
        1633115033, 
        "18576"
      ], 
      [
        1633115048, 
        "20081"
      ], 
      [
        1633115063, 
        "18179"
      ], 
      [
        1633115078, 
        "20790"
      ], 
      [
        1633115093, 
        "16575"
      ], 
      [
        1633115108, 
        "16931"
      ], 
      [
        1633115123, 
        "19936"
      ], 
      [
        1633115138, 
        "26148"
      ]
    ]
  }, 
  "stat": {
    "dir_read_c": {
      "max": 26148.0, 
      "mean": 22189.95238095238, 
      "variance": 8806834.14058957, 
      "pvalue": 0.6169216789131831, 
      "min": 16931.0
    }, 
    "dir_reads": {
      "max": 314139648.0, 
      "mean": 256071728.76190478, 
      "variance": 936116391719849.9, 
      "pvalue": 0.13620627142738084, 
      "min": 205750272.0
    }, 
    "tcp_conn": {
      "max": 92.0, 
      "mean": 80.28571428571429, 
      "variance": 41.156462585034014, 
      "pvalue": 2.253160267642823e-10, 
      "min": 73.0
    }, 
    "tcp_sends": {
      "max": 8825856.0, 
      "mean": 1148976.761904762, 
      "variance": 10584958133357.135, 
      "pvalue": 0.004344220521636654, 
      "min": 61440.0
    }, 
    "dir_writes": {
      "max": 134144.0, 
      "mean": 43203.04761904762, 
      "variance": 1516202852.4263039, 
      "pvalue": 1.8231390184308222e-05, 
      "min": 2048.0
    }, 
    "dir_write_c": {
      "max": 287.0, 
      "mean": 149.76190476190476, 
      "variance": 15428.657596371884, 
      "pvalue": 0.019959216772153707, 
      "min": 25.0
    }, 
    "disk_write": {
      "max": 13727.462591222318, 
      "mean": 5002.063195623164, 
      "variance": 14931007.116162995, 
      "pvalue": 5.612059774865063e-07, 
      "min": 2502.925898705277
    }, 
    "disk_read": {
      "max": 19200425.66582807, 
      "mean": 17588776.294712372, 
      "variance": 1435735038292.0586, 
      "pvalue": 0.004517083974201139, 
      "min": 15464692.557945557
    }, 
    "peer_stats": {
      "max": 41.5, 
      "mean": 40.45238095238095, 
      "variance": 0.7596371882086161, 
      "pvalue": 1.6526653304976648e-19, 
      "min": 39.0
    }, 
    "tcp_recvs": {
      "max": 3289088.0, 
      "mean": 2143573.3333333335, 
      "variance": 606488502402.0319, 
      "pvalue": 0.08741120572358554, 
      "min": 1216512.0
    }
  }, 
  "dir_reads": {
    "metric": {
      "instance": "172.17.0.1:8000", 
      "hostname": "longz-chaosevm", 
      "pid": "19776", 
      "directory": "/data/eth-data", 
      "job": "syscall_monitoring", 
      "application_name": "geth"
    }, 
    "values": [
      [
        1633114838, 
        "245738496"
      ], 
      [
        1633114853, 
        "250096640"
      ], 
      [
        1633114868, 
        "314139648"
      ], 
      [
        1633114883, 
        "275973120"
      ], 
      [
        1633114898, 
        "239288320"
      ], 
      [
        1633114913, 
        "252081152"
      ], 
      [
        1633114928, 
        "253700096"
      ], 
      [
        1633114943, 
        "277297152"
      ], 
      [
        1633114958, 
        "279974912"
      ], 
      [
        1633114973, 
        "257996800"
      ], 
      [
        1633114988, 
        "283187200"
      ], 
      [
        1633115003, 
        "277089280"
      ], 
      [
        1633115018, 
        "283536384"
      ], 
      [
        1633115033, 
        "218852352"
      ], 
      [
        1633115048, 
        "241755136"
      ], 
      [
        1633115063, 
        "219244544"
      ], 
      [
        1633115078, 
        "246124544"
      ], 
      [
        1633115093, 
        "200680448"
      ], 
      [
        1633115108, 
        "205750272"
      ], 
      [
        1633115123, 
        "239265792"
      ], 
      [
        1633115138, 
        "315734016"
      ]
    ]
  }, 
  "tcp_conn": {
    "metric": {}, 
    "values": [
      [
        1633114838, 
        "76"
      ], 
      [
        1633114853, 
        "72"
      ], 
      [
        1633114868, 
        "79"
      ], 
      [
        1633114883, 
        "82"
      ], 
      [
        1633114898, 
        "93"
      ], 
      [
        1633114913, 
        "92"
      ], 
      [
        1633114928, 
        "74"
      ], 
      [
        1633114943, 
        "73"
      ], 
      [
        1633114958, 
        "77"
      ], 
      [
        1633114973, 
        "84"
      ], 
      [
        1633114988, 
        "78"
      ], 
      [
        1633115003, 
        "82"
      ], 
      [
        1633115018, 
        "74"
      ], 
      [
        1633115033, 
        "77"
      ], 
      [
        1633115048, 
        "75"
      ], 
      [
        1633115063, 
        "91"
      ], 
      [
        1633115078, 
        "90"
      ], 
      [
        1633115093, 
        "75"
      ], 
      [
        1633115108, 
        "77"
      ], 
      [
        1633115123, 
        "80"
      ], 
      [
        1633115138, 
        "85"
      ]
    ]
  }, 
  "tcp_sends": {
    "metric": {}, 
    "values": [
      [
        1633114838, 
        "79872"
      ], 
      [
        1633114853, 
        "296960"
      ], 
      [
        1633114868, 
        "177152"
      ], 
      [
        1633114883, 
        "116736"
      ], 
      [
        1633114898, 
        "73728"
      ], 
      [
        1633114913, 
        "120832"
      ], 
      [
        1633114928, 
        "60416"
      ], 
      [
        1633114943, 
        "118784"
      ], 
      [
        1633114958, 
        "78848"
      ], 
      [
        1633114973, 
        "116736"
      ], 
      [
        1633114988, 
        "61440"
      ], 
      [
        1633115003, 
        "144384"
      ], 
      [
        1633115018, 
        "71680"
      ], 
      [
        1633115033, 
        "137216"
      ], 
      [
        1633115048, 
        "179200"
      ], 
      [
        1633115063, 
        "113664"
      ], 
      [
        1633115078, 
        "71680"
      ], 
      [
        1633115093, 
        "113664"
      ], 
      [
        1633115108, 
        "62464"
      ], 
      [
        1633115123, 
        "8825856"
      ], 
      [
        1633115138, 
        "13107200"
      ]
    ]
  }, 
  "dir_writes": {
    "metric": {
      "instance": "172.17.0.1:8000", 
      "hostname": "longz-chaosevm", 
      "pid": "19776", 
      "directory": "/data/eth-data", 
      "job": "syscall_monitoring", 
      "application_name": "geth"
    },