{
  "stat": {
    "max": 42.0, 
    "mean": 40.714285714285715, 
    "variance": 0.4897959183673468, 
    "min": 40.0
  }, 
  "values": [
    [
      1623162870, 
      40
    ], 
    [
      1623162885, 
      40
    ], 
    [
      1623162900, 
      40
    ], 
    [
      1623162915, 
      40
    ], 
    [
      1623162930, 
      40.5
    ], 
    [
      1623162945, 
      41
    ], 
    [
      1623162960, 
      40
    ], 
    [
      1623162975, 
      40
    ], 
    [
      1623162990, 
      40
    ], 
    [
      1623163005, 
      40
    ], 
    [
      1623163020, 
      41
    ], 
    [
      1623163035, 
      41
    ], 
    [
      1623163050, 
      41
    ], 
    [
      1623163065, 
      41
    ], 
    [
      1623163080, 
      41
    ], 
    [
      1623163095, 
      41
    ], 
    [
      1623163110, 
      41
    ], 
    [
      1623163125, 
      41
    ], 
    [
      1623163140, 
      42
    ], 
    [
      1623163155, 
      42
    ], 
    [
      1623163170, 
      42
    ]
  ], 
  "name": "geth.p2p/peers.gauge", 
  "columns": [
    "time", 
    "median"
  ]
}