{
  "stat": {
    "max": 43.0, 
    "mean": 42.523809523809526, 
    "variance": 0.2494331065759636, 
    "min": 42.0
  }, 
  "values": [
    [
      1623163230, 
      43
    ], 
    [
      1623163245, 
      43
    ], 
    [
      1623163260, 
      42
    ], 
    [
      1623163275, 
      42
    ], 
    [
      1623163290, 
      42
    ], 
    [
      1623163305, 
      42
    ], 
    [
      1623163320, 
      42
    ], 
    [
      1623163335, 
      42
    ], 
    [
      1623163350, 
      43
    ], 
    [
      1623163365, 
      43
    ], 
    [
      1623163380, 
      43
    ], 
    [
      1623163395, 
      43
    ], 
    [
      1623163410, 
      43
    ], 
    [
      1623163425, 
      43
    ], 
    [
      1623163440, 
      43
    ], 
    [
      1623163455, 
      43
    ], 
    [
      1623163470, 
      43
    ], 
    [
      1623163485, 
      42
    ], 
    [
      1623163500, 
      42
    ], 
    [
      1623163515, 
      42
    ], 
    [
      1623163530, 
      42
    ]
  ], 
  "name": "geth.p2p/peers.gauge", 
  "columns": [
    "time", 
    "median"
  ]
}