{
  "dir_read_c": {
    "metric": {
      "instance": "172.17.0.1:8000", 
      "hostname": "longz-experiment", 
      "pid": "26288", 
      "directory": "/data/blockchain/eth-data", 
      "job": "syscall_monitoring", 
      "application_name": "openethereum", 
      "__name__": "dir_reads_total"
    }, 
    "values": [
      [
        1633120359, 
        "67844"
      ], 
      [
        1633120374, 
        "99451"
      ], 
      [
        1633120389, 
        "136558"
      ], 
      [
        1633120404, 
        "131699"
      ], 
      [
        1633120419, 
        "132684"
      ], 
      [
        1633120434, 
        "156644"
      ], 
      [
        1633120449, 
        "34044"
      ], 
      [
        1633120464, 
        "37601"
      ], 
      [
        1633120479, 
        "50731"
      ], 
      [
        1633120494, 
        "21843"
      ], 
      [
        1633120509, 
        "20388"
      ], 
      [
        1633120524, 
        "26642"
      ], 
      [
        1633120539, 
        "21585"
      ], 
      [
        1633120554, 
        "29702"
      ], 
      [
        1633120569, 
        "30940"
      ], 
      [
        1633120584, 
        "22563"
      ], 
      [
        1633120599, 
        "28259"
      ], 
      [
        1633120614, 
        "24520"
      ], 
      [
        1633120629, 
        "27084"
      ], 
      [
        1633120644, 
        "25895"
      ], 
      [
        1633120659, 
        "34293"
      ]
    ]
  }, 
  "stat": {
    "dir_read_c": {
      "max": 136558.0, 
      "mean": 55284.28571428572, 
      "variance": 1999450427.2517014, 
      "pvalue": 0.2278036807068393, 
      "min": 21585.0
    }, 
    "dir_reads": {
      "max": 2700369920.0, 
      "mean": 1080581948.952381, 
      "variance": 8.211513206884826e+17, 
      "pvalue": 0.27537215900652695, 
      "min": 334772224.0
    }, 
    "tcp_conn": {
      "max": 67.0, 
      "mean": 44.61904761904762, 
      "variance": 241.66439909297054, 
      "pvalue": 0.7185062327309164, 
      "min": 26.0
    }, 
    "kvdb_bytes_read": {
      "max": 466813.4400000001, 
      "mean": 146533.7068786667, 
      "variance": 24718046330.92117, 
      "pvalue": 0.045469858359949995, 
      "min": 5803.233002666668
    }, 
    "tcp_sends": {
      "max": 3290112.0, 
      "mean": 829586.2857142857, 
      "variance": 1163206656445.823, 
      "pvalue": 0.1711246577886281, 
      "min": 68608.0
    }, 
    "dir_writes": {
      "max": 587798528.0, 
      "mean": 276561432.38095236, 
      "variance": 3.0433032798769132e+16, 
      "pvalue": 0.015177100371335102, 
      "min": 44980224.0
    }, 
    "kvdb_bytes_write": {
      "max": 4341301.955000001, 
      "mean": 659488.3150000001, 
      "variance": 2159975701288.189, 
      "pvalue": 0.27166479822712697, 
      "min": 0.0
    }, 
    "dir_write_c": {
      "max": 11316.0, 
      "mean": 3390.809523809524, 
      "variance": 81931255.6780045, 
      "pvalue": 0.8333060903051778, 
      "min": 198.0
    }, 
    "peer_stats": {
      "max": 38.099999999999994, 
      "mean": 30.736842105263158, 
      "variance": 14.088642659279785, 
      "pvalue": 0.0037248187695023195, 
      "min": 27.0
    }, 
    "tcp_recvs": {
      "max": 29766656.0, 
      "mean": 7029906.285714285, 
      "variance": 110259958751287.73, 
      "pvalue": 0.02666059298901665, 
      "min": 163840.0
    }
  }, 
  "dir_reads": {
    "metric": {
      "instance": "172.17.0.1:8000", 
      "hostname": "longz-experiment", 
      "pid": "26288", 
      "directory": "/data/blockchain/eth-data", 
      "job": "syscall_monitoring", 
      "application_name": "openethereum"
    }, 
    "values": [
      [
        1633120359, 
        "1503514624"
      ], 
      [
        1633120374, 
        "1966493696"
      ], 
      [
        1633120389, 
        "2628676608"
      ], 
      [
        1633120404, 
        "2588248064"
      ], 
      [
        1633120419, 
        "2700369920"
      ], 
      [
        1633120434, 
        "3142543360"
      ], 
      [
        1633120449, 
        "536095744"
      ], 
      [
        1633120464, 
        "660334592"
      ], 
      [
        1633120479, 
        "991618048"
      ], 
      [
        1633120494, 
        "284274688"
      ], 
      [
        1633120509, 
        "334772224"
      ], 
      [
        1633120524, 
        "580029440"
      ], 
      [
        1633120539, 
        "406157312"
      ], 
      [
        1633120554, 
        "532795392"
      ], 
      [
        1633120569, 
        "549446656"
      ], 
      [
        1633120584, 
        "397813760"
      ], 
      [
        1633120599, 
        "549378048"
      ], 
      [
        1633120614, 
        "433850368"
      ], 
      [
        1633120629, 
        "632399872"
      ], 
      [
        1633120644, 
        "550162432"
      ], 
      [
        1633120659, 
        "723246080"
      ]
    ]
  }, 
  "tcp_conn": {
    "metric": {}, 
    "values": [
      [
        1633120359, 
        "39"
      ], 
      [
        1633120374, 
        "27"
      ], 
      [
        1633120389, 
        "46"
      ], 
      [
        1633120404, 
        "79"
      ], 
      [
        1633120419, 
        "44"
      ], 
      [
        1633120434, 
        "61"
      ], 
      [
        1633120449, 
        "67"
      ], 
      [
        1633120464, 
        "58"
      ], 
      [
        1633120479, 
        "50"
      ], 
      [
        1633120494, 
        "49"
      ], 
      [
        1633120509, 
        "48"
      ], 
      [
        1633120524, 
        "26"
      ], 
      [
        1633120539, 
        "47"
      ], 
      [
        1633120554, 
        "42"
      ], 
      [
        1633120569, 
        "40"
      ], 
      [
        1633120584, 
        "49"
      ], 
      [
        1633120599, 
        "45"
      ], 
      [
        1633120614, 
        "34"
      ], 
      [
        1633120629, 
        "39"
      ], 
      [
        1633120644, 
        "47"
      ], 
      [
        1633120659, 
        "0"
      ]
    ]
  }, 
  "kvdb_bytes_read": {
    "metric": {
      "instance": "172.17.0.1:3033", 
      "job": "openethereum"
    }, 
    "values": [
      [
        1633120359, 
        "458147.2"
      ], 
      [
        1633120374, 
        "631472"
      ], 
      [
        1633120389, 
        "317884.4"
      ], 
      [
        1633120404, 
        "184716.81336000003"
      ], 
      [
        1633120419, 
        "201021.7"
      ], 
      [
        1633120434, 
        "260240.1"
      ], 
      [
        1633120449, 
        "84962"
      ], 
      [
        1633120464, 
        "117423.5"
      ], 
      [
        1633120479, 
        "14039.9"
      ], 
      [
        1633120494, 
        "8.4"
      ], 
      [
        1633120509, 
        "48958.8"
      ], 
      [
        1633120524, 
        "78292.4"
      ], 
      [
        1633120539, 
        "112331.6"
      ], 
      [
        1633120554, 
        "54707.2"
      ], 
      [
        1633120569, 
        "79037.4"
      ], 
      [
        1633120584, 
        "67070.7"
      ], 
      [
        1633120599, 
        "73079.6"
      ], 
      [
        1633120614, 
        "56228"
      ], 
      [
        1633120629, 
        "84944.2"
      ], 
      [
        1633120659, 
        "6108.224213333334"
      ]
    ]
  }, 
  "tcp_sends": {
    "metric": {},