{
  "dir_read_c": {
    "metric": {
      "instance": "172.17.0.1:8000", 
      "hostname": "longz-experiment", 
      "pid": "14659", 
      "directory": "/data/blockchain/eth-data", 
      "job": "syscall_monitoring", 
      "application_name": "openethereum", 
      "__name__": "dir_reads_total"
    }, 
    "values": [
      [
        1632257112, 
        "120450"
      ], 
      [
        1632257127, 
        "153046"
      ], 
      [
        1632257142, 
        "77329"
      ], 
      [
        1632257157, 
        "130664"
      ], 
      [
        1632257172, 
        "137737"
      ], 
      [
        1632257187, 
        "103064"
      ], 
      [
        1632257202, 
        "121487"
      ], 
      [
        1632257217, 
        "102196"
      ], 
      [
        1632257232, 
        "161471"
      ], 
      [
        1632257247, 
        "155789"
      ], 
      [
        1632257262, 
        "197028"
      ], 
      [
        1632257277, 
        "192272"
      ], 
      [
        1632257292, 
        "63418"
      ], 
      [
        1632257307, 
        "89635"
      ], 
      [
        1632257322, 
        "105249"
      ], 
      [
        1632257337, 
        "22034"
      ], 
      [
        1632257352, 
        "14930"
      ], 
      [
        1632257367, 
        "37942"
      ], 
      [
        1632257382, 
        "32942"
      ], 
      [
        1632257397, 
        "34573"
      ], 
      [
        1632257412, 
        "145886"
      ]
    ]
  }, 
  "stat": {
    "dir_read_c": {
      "max": 192272.0, 
      "mean": 104721.04761904762, 
      "variance": 2879092080.426304, 
      "min": 22034.0
    }, 
    "dir_reads": {
      "max": 3946140672.0, 
      "mean": 2140927366.0952382, 
      "variance": 1.2350948498055503e+18, 
      "min": 459426816.0
    }, 
    "tcp_conn": {
      "max": 414.0, 
      "mean": 134.23809523809524, 
      "variance": 21429.895691609974, 
      "min": 1.0
    }, 
    "kvdb_bytes_read": {
      "max": 798782.0015399997, 
      "mean": 392332.65022222727, 
      "variance": 93265494851.13785, 
      "min": 265.44568407711296
    }, 
    "tcp_sends": {
      "max": 1454080.0, 
      "mean": 377660.95238095237, 
      "variance": 400904121188.4263, 
      "min": 7168.0
    }, 
    "dir_writes": {
      "max": 563013632.0, 
      "mean": 244977371.42857143, 
      "variance": 1.5671323821531746e+16, 
      "min": 92746752.0
    }, 
    "kvdb_bytes_write": {
      "max": 841990.6816199999, 
      "mean": 331765.22509333334, 
      "variance": 85117119579.6087, 
      "min": 0.0
    }, 
    "dir_write_c": {
      "max": 12750.0, 
      "mean": 3505.6190476190477, 
      "variance": 92389455.66439912, 
      "min": 246.0
    }, 
    "peer_stats": {
      "max": 9.25, 
      "mean": 6.5, 
      "variance": 4.75, 
      "min": 2.0
    }, 
    "tcp_recvs": {
      "max": 38480896.0, 
      "mean": 6041600.0, 
      "variance": 175489844635550.47, 
      "min": 65536.0
    }
  }, 
  "dir_reads": {
    "metric": {
      "instance": "172.17.0.1:8000", 
      "hostname": "longz-experiment", 
      "pid": "14659", 
      "directory": "/data/blockchain/eth-data", 
      "job": "syscall_monitoring", 
      "application_name": "openethereum"
    }, 
    "values": [
      [
        1632257112, 
        "2378505216"
      ], 
      [
        1632257127, 
        "3057085440"
      ], 
      [
        1632257142, 
        "1557794816"
      ], 
      [
        1632257157, 
        "2616604672"
      ], 
      [
        1632257172, 
        "2774846464"
      ], 
      [
        1632257187, 
        "2030978048"
      ], 
      [
        1632257202, 
        "2437338112"
      ], 
      [
        1632257217, 
        "2083988480"
      ], 
      [
        1632257232, 
        "3450625024"
      ], 
      [
        1632257247, 
        "3115337728"
      ], 
      [
        1632257262, 
        "3946140672"
      ], 
      [
        1632257277, 
        "3954845696"
      ], 
      [
        1632257292, 
        "1175092224"
      ], 
      [
        1632257307, 
        "1974335488"
      ], 
      [
        1632257322, 
        "2261954560"
      ], 
      [
        1632257337, 
        "459426816"
      ], 
      [
        1632257352, 
        "263766016"
      ], 
      [
        1632257367, 
        "743352320"
      ], 
      [
        1632257382, 
        "646063104"
      ], 
      [
        1632257397, 
        "748741632"
      ], 
      [
        1632257412, 
        "3282652160"
      ]
    ]
  }, 
  "tcp_conn": {
    "metric": {}, 
    "values": [
      [
        1632257112, 
        "63"
      ], 
      [
        1632257127, 
        "60"
      ], 
      [
        1632257142, 
        "207"
      ], 
      [
        1632257157, 
        "164"
      ], 
      [
        1632257172, 
        "73"
      ], 
      [
        1632257187, 
        "63"
      ], 
      [
        1632257202, 
        "100"
      ], 
      [
        1632257217, 
        "51"
      ], 
      [
        1632257232, 
        "16"
      ], 
      [
        1632257247, 
        "40"
      ], 
      [
        1632257262, 
        "22"
      ], 
      [
        1632257277, 
        "1"
      ], 
      [
        1632257292, 
        "0"
      ], 
      [
        1632257307, 
        "22"
      ], 
      [
        1632257322, 
        "21"
      ], 
      [
        1632257337, 
        "33"
      ], 
      [
        1632257352, 
        "409"
      ], 
      [
        1632257367, 
        "420"
      ], 
      [
        1632257382, 
        "414"
      ], 
      [
        1632257397, 
        "370"
      ], 
      [
        1632257412, 
        "270"
      ]
    ]
  }, 
  "kvdb_bytes_read": {
    "metric": {
      "instance": "172.17.0.1:3033", 
      "job": "openethereum"
    }, 
    "values": [
      [
        1632257112, 
        "507987.1"
      ], 
      [
        1632257127, 
        "266489.2"
      ], 
      [
        1632257142, 
        "421985.9"
      ], 
      [
        1632257157, 
        "322510.41000000003"
      ], 
      [
        1632257172, 
        "63581.93256000001"
      ], 
      [
        1632257202, 
        "504828.3"
      ], 
      [
        1632257217, 
        "708562.9"
      ], 
      [
        1632257232, 
        "745485.3"
      ], 
      [
        1632257247, 
        "979632.7"
      ], 
      [
        1632257292, 
        "312.2890400907211"
      ], 
      [
        1632257307, 
        "703427.7"
      ], 
      [
        1632257322, 
        "52113.3"
      ], 
      [
        1632257337, 
        "0"
      ], 
      [
        1632257352, 
        "113650.1"
      ], 
      [
        1632257367, 
        "106105.4"
      ], 
      [
        1632257382, 
        "141014.2"
      ], 
      [
        1632257397, 
        "657433.8"
      ], 
      [
        1632257412, 
        "766867.1724"
      ]
    ]
  }, 
  "tcp_sends": {
    "metric": {},