{
  "dir_read_c": {
    "metric": {
      "instance": "172.17.0.1:8000", 
      "hostname": "longz-experiment", 
      "pid": "14659", 
      "directory": "/data/blockchain/eth-data", 
      "job": "syscall_monitoring", 
      "application_name": "openethereum", 
      "__name__": "dir_reads_total"
    }, 
    "values": [
      [
        1632256810, 
        "56817"
      ], 
      [
        1632256825, 
        "125858"
      ], 
      [
        1632256840, 
        "68968"
      ], 
      [
        1632256855, 
        "135596"
      ], 
      [
        1632256870, 
        "104440"
      ], 
      [
        1632256885, 
        "99081"
      ], 
      [
        1632256900, 
        "23957"
      ], 
      [
        1632256915, 
        "96038"
      ], 
      [
        1632256930, 
        "73301"
      ], 
      [
        1632256945, 
        "144277"
      ], 
      [
        1632256960, 
        "160862"
      ], 
      [
        1632256975, 
        "73790"
      ], 
      [
        1632256990, 
        "154993"
      ], 
      [
        1632257005, 
        "87079"
      ], 
      [
        1632257020, 
        "180717"
      ], 
      [
        1632257035, 
        "189747"
      ], 
      [
        1632257050, 
        "80635"
      ], 
      [
        1632257065, 
        "73398"
      ], 
      [
        1632257080, 
        "114855"
      ], 
      [
        1632257095, 
        "76762"
      ], 
      [
        1632257110, 
        "120450"
      ]
    ]
  }, 
  "stat": {
    "dir_read_c": {
      "max": 180717.0, 
      "mean": 106743.85714285714, 
      "variance": 1748291153.0748303, 
      "min": 56817.0
    }, 
    "dir_reads": {
      "max": 3564019712.0, 
      "mean": 2062840003.047619, 
      "variance": 7.312247656464534e+17, 
      "min": 930960384.0
    }, 
    "tcp_conn": {
      "max": 455.0, 
      "mean": 214.33333333333334, 
      "variance": 18169.36507936507, 
      "min": 16.0
    }, 
    "kvdb_bytes_read": {
      "max": 752876.27, 
      "mean": 368422.9404146666, 
      "variance": 44069569257.40379, 
      "min": 115732.785
    }, 
    "tcp_sends": {
      "max": 204800.0, 
      "mean": 98060.19047619047, 
      "variance": 4813253922.2494335, 
      "min": 22528.0
    }, 
    "dir_writes": {
      "max": 269688832.0, 
      "mean": 217544460.19047618, 
      "variance": 1556202793346046.0, 
      "min": 148493312.0
    }, 
    "kvdb_bytes_write": {
      "max": 637983.1741693333, 
      "mean": 279158.2591693334, 
      "variance": 57341536698.55473, 
      "min": 0.0
    }, 
    "dir_write_c": {
      "max": 507.0, 
      "mean": 2457.9523809523807, 
      "variance": 87487417.56916101, 
      "min": 227.0
    }, 
    "peer_stats": {
      "max": 13.0, 
      "mean": 8.055555555555555, 
      "variance": 5.719135802469136, 
      "min": 5.85
    }, 
    "tcp_recvs": {
      "max": 13786112.0, 
      "mean": 5355861.333333333, 
      "variance": 61819186286136.91, 
      "min": 216064.0
    }
  }, 
  "dir_reads": {
    "metric": {
      "instance": "172.17.0.1:8000", 
      "hostname": "longz-experiment", 
      "pid": "14659", 
      "directory": "/data/blockchain/eth-data", 
      "job": "syscall_monitoring", 
      "application_name": "openethereum"
    }, 
    "values": [
      [
        1632256810, 
        "930960384"
      ], 
      [
        1632256825, 
        "2354367488"
      ], 
      [
        1632256840, 
        "1177148416"
      ], 
      [
        1632256855, 
        "2633153536"
      ], 
      [
        1632256870, 
        "2106683392"
      ], 
      [
        1632256885, 
        "1951143936"
      ], 
      [
        1632256900, 
        "563241984"
      ], 
      [
        1632256915, 
        "1684051968"
      ], 
      [
        1632256930, 
        "1276758016"
      ], 
      [
        1632256945, 
        "2672253952"
      ], 
      [
        1632256960, 
        "3232873472"
      ], 
      [
        1632256975, 
        "1365806080"
      ], 
      [
        1632256990, 
        "3050089472"
      ], 
      [
        1632257005, 
        "1671374848"
      ], 
      [
        1632257020, 
        "3564019712"
      ], 
      [
        1632257035, 
        "3860859904"
      ], 
      [
        1632257050, 
        "1606458368"
      ], 
      [
        1632257065, 
        "1457564672"
      ], 
      [
        1632257080, 
        "2266329088"
      ], 
      [
        1632257095, 
        "1515996160"
      ], 
      [
        1632257110, 
        "2378505216"
      ]
    ]
  }, 
  "tcp_conn": {
    "metric": {}, 
    "values": [
      [
        1632256810, 
        "459"
      ], 
      [
        1632256825, 
        "306"
      ], 
      [
        1632256840, 
        "303"
      ], 
      [
        1632256855, 
        "16"
      ], 
      [
        1632256870, 
        "277"
      ], 
      [
        1632256885, 
        "230"
      ], 
      [
        1632256900, 
        "197"
      ], 
      [
        1632256915, 
        "214"
      ], 
      [
        1632256930, 
        "406"
      ], 
      [
        1632256945, 
        "123"
      ], 
      [
        1632256960, 
        "72"
      ], 
      [
        1632256975, 
        "455"
      ], 
      [
        1632256990, 
        "152"
      ], 
      [
        1632257005, 
        "257"
      ], 
      [
        1632257020, 
        "3"
      ], 
      [
        1632257035, 
        "32"
      ], 
      [
        1632257050, 
        "264"
      ], 
      [
        1632257065, 
        "334"
      ], 
      [
        1632257080, 
        "95"
      ], 
      [
        1632257095, 
        "243"
      ], 
      [
        1632257110, 
        "63"
      ]
    ]
  }, 
  "kvdb_bytes_read": {
    "metric": {
      "instance": "172.17.0.1:3033", 
      "job": "openethereum"
    }, 
    "values": [
      [
        1632256810, 
        "365769.6"
      ], 
      [
        1632256825, 
        "256060.4"
      ], 
      [
        1632256855, 
        "119640.5"
      ], 
      [
        1632256870, 
        "180994.29333333333"
      ], 
      [
        1632256885, 
        "41486.2"
      ], 
      [
        1632256900, 
        "414408.9"
      ], 
      [
        1632256915, 
        "458107.3"
      ], 
      [
        1632256930, 
        "386648.9"
      ], 
      [
        1632256945, 
        "750651.8"
      ], 
      [
        1632256960, 
        "391845.7"
      ], 
      [
        1632256975, 
        "446041.3"
      ], 
      [
        1632256990, 
        "341887"
      ], 
      [
        1632257005, 
        "595313.6"
      ], 
      [
        1632257020, 
        "795141.2"
      ], 
      [
        1632257035, 
        "199219.5"
      ], 
      [
        1632257050, 
        "170762.63232"
      ], 
      [
        1632257065, 
        "121049.58264000001"
      ], 
      [
        1632257080, 
        "165996.1"
      ], 
      [
        1632257095, 
        "534513.2"
      ], 
      [
        1632257110, 
        "632921.1"
      ]
    ]
  }, 
  "tcp_sends": {
    "metric": {},