{
  "dir_read_c": {
    "metric": {
      "instance": "172.17.0.1:8000", 
      "hostname": "longz-experiment", 
      "pid": "14659", 
      "directory": "/data/blockchain/eth-data", 
      "job": "syscall_monitoring", 
      "application_name": "openethereum", 
      "__name__": "dir_reads_total"
    }, 
    "values": [
      [
        1632257716, 
        "87641"
      ], 
      [
        1632257731, 
        "205106"
      ], 
      [
        1632257746, 
        "236654"
      ], 
      [
        1632257761, 
        "209479"
      ], 
      [
        1632257776, 
        "49204"
      ], 
      [
        1632257791, 
        "33929"
      ], 
      [
        1632257806, 
        "74827"
      ], 
      [
        1632257821, 
        "31233"
      ], 
      [
        1632257836, 
        "72198"
      ], 
      [
        1632257851, 
        "73816"
      ], 
      [
        1632257866, 
        "113625"
      ], 
      [
        1632257881, 
        "54322"
      ], 
      [
        1632257896, 
        "54322"
      ], 
      [
        1632257911, 
        "89702"
      ], 
      [
        1632257926, 
        "82801"
      ], 
      [
        1632257941, 
        "104784"
      ], 
      [
        1632257956, 
        "71110"
      ], 
      [
        1632257971, 
        "89377"
      ], 
      [
        1632257986, 
        "113258"
      ], 
      [
        1632258001, 
        "176335"
      ], 
      [
        1632258016, 
        "115908"
      ]
    ]
  }, 
  "stat": {
    "dir_read_c": {
      "max": 209479.0, 
      "mean": 101887.19047619047, 
      "variance": 3216125166.6303854, 
      "min": 33929.0
    }, 
    "dir_reads": {
      "max": 4116073472.0, 
      "mean": 2023995148.1904762, 
      "variance": 1.2723538345858322e+18, 
      "min": 585579520.0
    }, 
    "tcp_conn": {
      "max": 378.0, 
      "mean": 177.57142857142858, 
      "variance": 16646.054421768706, 
      "min": 9.0
    }, 
    "kvdb_bytes_read": {
      "max": 998326.6, 
      "mean": 429518.9038755555, 
      "variance": 80433084203.84996, 
      "min": 63428.8
    }, 
    "tcp_sends": {
      "max": 336896.0, 
      "mean": 145798.09523809524, 
      "variance": 9961319825.705215, 
      "min": 24576.0
    }, 
    "dir_writes": {
      "max": 277520384.0, 
      "mean": 227689179.42857143, 
      "variance": 841573169529055.0, 
      "min": 187990016.0
    }, 
    "kvdb_bytes_write": {
      "max": 1777189.1819466664, 
      "mean": 438716.36580698425, 
      "variance": 549013211255.8413, 
      "min": 0.0
    }, 
    "dir_write_c": {
      "max": 6434.0, 
      "mean": 2718.809523809524, 
      "variance": 87818500.53514735, 
      "min": 220.0
    }, 
    "peer_stats": {
      "max": 15.099999999999998, 
      "mean": 11.526315789473685, 
      "variance": 5.091412742382271, 
      "min": 8.899999999999999
    }, 
    "tcp_recvs": {
      "max": 19141632.0, 
      "mean": 6421308.952380952, 
      "variance": 65686384834453.2, 
      "min": 304128.0
    }
  }, 
  "dir_reads": {
    "metric": {
      "instance": "172.17.0.1:8000", 
      "hostname": "longz-experiment", 
      "pid": "14659", 
      "directory": "/data/blockchain/eth-data", 
      "job": "syscall_monitoring", 
      "application_name": "openethereum"
    }, 
    "values": [
      [
        1632257716, 
        "1705192448"
      ], 
      [
        1632257731, 
        "4084899840"
      ], 
      [
        1632257746, 
        "4688763904"
      ], 
      [
        1632257761, 
        "4116073472"
      ], 
      [
        1632257776, 
        "845640704"
      ], 
      [
        1632257791, 
        "467403776"
      ], 
      [
        1632257806, 
        "1427616768"
      ], 
      [
        1632257821, 
        "585579520"
      ], 
      [
        1632257836, 
        "1438730240"
      ], 
      [
        1632257851, 
        "1474139136"
      ], 
      [
        1632257866, 
        "2340545536"
      ], 
      [
        1632257881, 
        "1124034560"
      ], 
      [
        1632257896, 
        "1124034560"
      ], 
      [
        1632257911, 
        "1938625536"
      ], 
      [
        1632257926, 
        "1698565120"
      ], 
      [
        1632257941, 
        "2224362496"
      ], 
      [
        1632257956, 
        "1525830656"
      ], 
      [
        1632257971, 
        "1888411648"
      ], 
      [
        1632257986, 
        "2419070976"
      ], 
      [
        1632258001, 
        "3333472256"
      ], 
      [
        1632258016, 
        "2052904960"
      ]
    ]
  }, 
  "tcp_conn": {
    "metric": {}, 
    "values": [
      [
        1632257716, 
        "250"
      ], 
      [
        1632257731, 
        "19"
      ], 
      [
        1632257746, 
        "9"
      ], 
      [
        1632257761, 
        "12"
      ], 
      [
        1632257776, 
        "49"
      ], 
      [
        1632257791, 
        "319"
      ], 
      [
        1632257806, 
        "293"
      ], 
      [
        1632257821, 
        "360"
      ], 
      [
        1632257836, 
        "186"
      ], 
      [
        1632257851, 
        "218"
      ], 
      [
        1632257866, 
        "111"
      ], 
      [
        1632257881, 
        "111"
      ], 
      [
        1632257896, 
        "378"
      ], 
      [
        1632257911, 
        "391"
      ], 
      [
        1632257926, 
        "288"
      ], 
      [
        1632257941, 
        "1"
      ], 
      [
        1632257956, 
        "221"
      ], 
      [
        1632257971, 
        "48"
      ], 
      [
        1632257986, 
        "136"
      ], 
      [
        1632258001, 
        "65"
      ], 
      [
        1632258016, 
        "264"
      ]
    ]
  }, 
  "kvdb_bytes_read": {
    "metric": {
      "instance": "172.17.0.1:3033", 
      "job": "openethereum"
    }, 
    "values": [
      [
        1632257716, 
        "616172.2"
      ], 
      [
        1632257731, 
        "584940.2813866666"
      ], 
      [
        1632257746, 
        "1047393.7"
      ], 
      [
        1632257761, 
        "998326.6"
      ], 
      [
        1632257776, 
        "63427.9"
      ], 
      [
        1632257791, 
        "72178"
      ], 
      [
        1632257806, 
        "349341.8"
      ], 
      [
        1632257821, 
        "87770.6"
      ], 
      [
        1632257836, 
        "383948.7"
      ], 
      [
        1632257851, 
        "184701.6"
      ], 
      [
        1632257866, 
        "416928.1"
      ], 
      [
        1632257881, 
        "257015.9"
      ], 
      [
        1632257896, 
        "235268.2"
      ], 
      [
        1632257911, 
        "393458.1"
      ], 
      [
        1632257926, 
        "450211.8"
      ], 
      [
        1632257941, 
        "63428.8"
      ], 
      [
        1632257956, 
        "326827.9"
      ], 
      [
        1632257971, 
        "556256.5"
      ], 
      [
        1632257986, 
        "908679.9"
      ], 
      [
        1632258001, 
        "560255.8"
      ], 
      [
        1632258016, 
        "463364.6"
      ]
    ]
  }, 
  "tcp_sends": {
    "metric": {},