{
  "dir_read_c": {
    "metric": {
      "instance": "172.17.0.1:8000", 
      "hostname": "longz-experiment", 
      "pid": "17783", 
      "directory": "/data/blockchain/eth-data", 
      "job": "syscall_monitoring", 
      "application_name": "openethereum", 
      "__name__": "dir_reads_total"
    }, 
    "values": [
      [
        1632263834, 
        "101650"
      ], 
      [
        1632263849, 
        "103297"
      ], 
      [
        1632263864, 
        "186073"
      ], 
      [
        1632263879, 
        "166191"
      ], 
      [
        1632263894, 
        "184072"
      ], 
      [
        1632263909, 
        "139354"
      ], 
      [
        1632263924, 
        "103829"
      ], 
      [
        1632263939, 
        "176495"
      ], 
      [
        1632263954, 
        "157952"
      ], 
      [
        1632263969, 
        "144087"
      ], 
      [
        1632263984, 
        "103871"
      ], 
      [
        1632263999, 
        "179635"
      ], 
      [
        1632264014, 
        "58320"
      ], 
      [
        1632264029, 
        "27921"
      ], 
      [
        1632264044, 
        "67721"
      ], 
      [
        1632264059, 
        "110107"
      ], 
      [
        1632264074, 
        "139389"
      ], 
      [
        1632264089, 
        "287058"
      ], 
      [
        1632264104, 
        "288171"
      ], 
      [
        1632264119, 
        "289200"
      ], 
      [
        1632264134, 
        "289183"
      ]
    ]
  }, 
  "stat": {
    "dir_read_c": {
      "max": 289183.0, 
      "mean": 157313.14285714287, 
      "variance": 5741834816.312925, 
      "min": 58320.0
    }, 
    "dir_reads": {
      "max": 5730755584.0, 
      "mean": 3138817316.571429, 
      "variance": 2.2391487454548198e+18, 
      "min": 1290049536.0
    }, 
    "tcp_conn": {
      "max": 465.0, 
      "mean": 202.23809523809524, 
      "variance": 25248.46712018141, 
      "min": 5.0
    }, 
    "kvdb_bytes_read": {
      "max": 1475431.4, 
      "mean": 698871.8457930158, 
      "variance": 169869291106.16068, 
      "min": 135392.9
    }, 
    "tcp_sends": {
      "max": 617472.0, 
      "mean": 251562.66666666666, 
      "variance": 61520186936.88889, 
      "min": 22528.0
    }, 
    "dir_writes": {
      "max": 796219392.0, 
      "mean": 346263308.1904762, 
      "variance": 7.576951909716536e+16, 
      "min": 0.0
    }, 
    "kvdb_bytes_write": {
      "max": 6215604.4, 
      "mean": 1333856.1952380952, 
      "variance": 6777042620491.265, 
      "min": 0.0
    }, 
    "dir_write_c": {
      "max": 8559.0, 
      "mean": 3567.285714285714, 
      "variance": 86588227.53741495, 
      "min": 0.0
    }, 
    "peer_stats": {
      "max": 7.099999999999998, 
      "mean": 3.0, 
      "variance": 3.8947368421052633, 
      "min": 0.0
    }, 
    "tcp_recvs": {
      "max": 16421888.0, 
      "mean": 5758976.0, 
      "variance": 59371029129118.48, 
      "min": 0.0
    }
  }, 
  "dir_reads": {
    "metric": {
      "instance": "172.17.0.1:8000", 
      "hostname": "longz-experiment", 
      "pid": "17783", 
      "directory": "/data/blockchain/eth-data", 
      "job": "syscall_monitoring", 
      "application_name": "openethereum"
    }, 
    "values": [
      [
        1632263834, 
        "2057125888"
      ], 
      [
        1632263849, 
        "2103682048"
      ], 
      [
        1632263864, 
        "3768875008"
      ], 
      [
        1632263879, 
        "3314658304"
      ], 
      [
        1632263894, 
        "3693416448"
      ], 
      [
        1632263909, 
        "2719924224"
      ], 
      [
        1632263924, 
        "1949657088"
      ], 
      [
        1632263939, 
        "3578675200"
      ], 
      [
        1632263954, 
        "3076456448"
      ], 
      [
        1632263969, 
        "2804617216"
      ], 
      [
        1632263984, 
        "2118877184"
      ], 
      [
        1632263999, 
        "3734759424"
      ], 
      [
        1632264014, 
        "1290049536"
      ], 
      [
        1632264029, 
        "563881984"
      ], 
      [
        1632264044, 
        "1353872384"
      ], 
      [
        1632264059, 
        "2153156608"
      ], 
      [
        1632264074, 
        "2797063168"
      ], 
      [
        1632264089, 
        "5665931264"
      ], 
      [
        1632264104, 
        "5705798656"
      ], 
      [
        1632264119, 
        "5730755584"
      ], 
      [
        1632264134, 
        "5733929984"
      ]
    ]
  }, 
  "tcp_conn": {
    "metric": {}, 
    "values": [
      [
        1632263834, 
        "163"
      ], 
      [
        1632263849, 
        "284"
      ], 
      [
        1632263864, 
        "71"
      ], 
      [
        1632263879, 
        "73"
      ], 
      [
        1632263894, 
        "81"
      ], 
      [
        1632263909, 
        "302"
      ], 
      [
        1632263924, 
        "465"
      ], 
      [
        1632263939, 
        "99"
      ], 
      [
        1632263954, 
        "6"
      ], 
      [
        1632263969, 
        "301"
      ], 
      [
        1632263984, 
        "404"
      ], 
      [
        1632263999, 
        "185"
      ], 
      [
        1632264014, 
        "341"
      ], 
      [
        1632264029, 
        "496"
      ], 
      [
        1632264044, 
        "393"
      ], 
      [
        1632264059, 
        "275"
      ], 
      [
        1632264074, 
        "257"
      ], 
      [
        1632264089, 
        "2"
      ], 
      [
        1632264104, 
        "33"
      ], 
      [
        1632264119, 
        "11"
      ], 
      [
        1632264134, 
        "5"
      ]
    ]
  }, 
  "kvdb_bytes_read": {
    "metric": {
      "instance": "172.17.0.1:3033", 
      "job": "openethereum"
    }, 
    "values": [
      [
        1632263834, 
        "221068.6"
      ], 
      [
        1632263849, 
        "946448.4"
      ], 
      [
        1632263864, 
        "722585.6"
      ], 
      [
        1632263879, 
        "845304"
      ], 
      [
        1632263894, 
        "780279.6"
      ], 
      [
        1632263909, 
        "402855.5"
      ], 
      [
        1632263924, 
        "508212.2"
      ], 
      [
        1632263939, 
        "837512.3"
      ], 
      [
        1632263954, 
        "821556.7"
      ], 
      [
        1632263969, 
        "322994.1"
      ], 
      [
        1632263984, 
        "875304.6"
      ], 
      [
        1632263999, 
        "97462.6"
      ], 
      [
        1632264014, 
        "220833.4"
      ], 
      [
        1632264029, 
        "135392.9"
      ], 
      [
        1632264044, 
        "1060771.5"
      ], 
      [
        1632264059, 
        "157001.2"
      ], 
      [
        1632264074, 
        "1636317.7"
      ], 
      [
        1632264089, 
        "1475431.4"
      ], 
      [
        1632264104, 
        "968161.3365066667"
      ], 
      [
        1632264119, 
        "853158.7533600001"
      ], 
      [
        1632264134, 
        "787656.3717866668"
      ]
    ]
  }, 
  "tcp_sends": {
    "metric": {},