{
  "dir_read_c": {
    "metric": {
      "instance": "172.17.0.1:8000", 
      "hostname": "longz-experiment", 
      "pid": "17783", 
      "directory": "/data/blockchain/eth-data", 
      "job": "syscall_monitoring", 
      "application_name": "openethereum", 
      "__name__": "dir_reads_total"
    }, 
    "values": [
      [
        1632263533, 
        "279092"
      ], 
      [
        1632263548, 
        "288221"
      ], 
      [
        1632263563, 
        "287323"
      ], 
      [
        1632263578, 
        "284310"
      ], 
      [
        1632263593, 
        "246277"
      ], 
      [
        1632263608, 
        "226548"
      ], 
      [
        1632263623, 
        "156965"
      ], 
      [
        1632263638, 
        "218121"
      ], 
      [
        1632263653, 
        "215836"
      ], 
      [
        1632263668, 
        "273064"
      ], 
      [
        1632263683, 
        "254534"
      ], 
      [
        1632263698, 
        "308402"
      ], 
      [
        1632263713, 
        "290883"
      ], 
      [
        1632263728, 
        "262465"
      ], 
      [
        1632263743, 
        "178815"
      ], 
      [
        1632263758, 
        "21982"
      ], 
      [
        1632263773, 
        "31554"
      ], 
      [
        1632263788, 
        "31554"
      ], 
      [
        1632263803, 
        "39"
      ], 
      [
        1632263818, 
        "1570"
      ], 
      [
        1632263833, 
        "101650"
      ]
    ]
  }, 
  "stat": {
    "dir_read_c": {
      "max": 290883.0, 
      "mean": 188533.57142857142, 
      "variance": 11496773187.292517, 
      "min": 1570.0
    }, 
    "dir_reads": {
      "max": 5739356160.0, 
      "mean": 3720721749.3333335, 
      "variance": 4.5192588315714816e+18, 
      "min": 30619648.0
    }, 
    "tcp_conn": {
      "max": 351.0, 
      "mean": 93.38095238095238, 
      "variance": 24170.331065759634, 
      "min": 4.0
    }, 
    "kvdb_bytes_read": {
      "max": 1451465.4949999999, 
      "mean": 728710.4922853333, 
      "variance": 294458068747.87146, 
      "min": 0.0
    }, 
    "tcp_sends": {
      "max": 186368.0, 
      "mean": 73289.14285714286, 
      "variance": 8286004481.741496, 
      "min": 18432.0
    }, 
    "dir_writes": {
      "max": 597206016.0, 
      "mean": 101131995.42857143, 
      "variance": 5.1460511285593064e+16, 
      "min": 0.0
    }, 
    "kvdb_bytes_write": {
      "max": 774795.3500000001, 
      "mean": 204223.00209599998, 
      "variance": 86866135885.24158, 
      "min": 0.0
    }, 
    "dir_write_c": {
      "max": 725.0, 
      "mean": 2312.095238095238, 
      "variance": 91491017.03854878, 
      "min": 0.0
    }, 
    "peer_stats": {
      "max": 5.0, 
      "mean": 1.8235294117647058, 
      "variance": 3.0865051903114193, 
      "min": 0.0
    }, 
    "tcp_recvs": {
      "max": 3733504.0, 
      "mean": 1161849.9047619049, 
      "variance": 7417998965966.658, 
      "min": 55296.0
    }
  }, 
  "dir_reads": {
    "metric": {
      "instance": "172.17.0.1:8000", 
      "hostname": "longz-experiment", 
      "pid": "17783", 
      "directory": "/data/blockchain/eth-data", 
      "job": "syscall_monitoring", 
      "application_name": "openethereum"
    }, 
    "values": [
      [
        1632263533, 
        "5570207744"
      ], 
      [
        1632263548, 
        "5739356160"
      ], 
      [
        1632263563, 
        "5723281408"
      ], 
      [
        1632263578, 
        "5656899584"
      ], 
      [
        1632263593, 
        "4897508352"
      ], 
      [
        1632263608, 
        "4481921024"
      ], 
      [
        1632263623, 
        "3096083456"
      ], 
      [
        1632263638, 
        "4293380096"
      ], 
      [
        1632263653, 
        "4272424960"
      ], 
      [
        1632263668, 
        "5344803840"
      ], 
      [
        1632263683, 
        "4983106560"
      ], 
      [
        1632263698, 
        "6026465280"
      ], 
      [
        1632263713, 
        "5700332544"
      ], 
      [
        1632263728, 
        "5288502272"
      ], 
      [
        1632263743, 
        "3348114432"
      ], 
      [
        1632263758, 
        "353263616"
      ], 
      [
        1632263773, 
        "635641856"
      ], 
      [
        1632263788, 
        "635641856"
      ], 
      [
        1632263803, 
        "476160"
      ], 
      [
        1632263818, 
        "30619648"
      ], 
      [
        1632263833, 
        "2057125888"
      ]
    ]
  }, 
  "tcp_conn": {
    "metric": {}, 
    "values": [
      [
        1632263533, 
        "43"
      ], 
      [
        1632263548, 
        "15"
      ], 
      [
        1632263563, 
        "13"
      ], 
      [
        1632263578, 
        "10"
      ], 
      [
        1632263593, 
        "4"
      ], 
      [
        1632263608, 
        "8"
      ], 
      [
        1632263623, 
        "9"
      ], 
      [
        1632263638, 
        "16"
      ], 
      [
        1632263653, 
        "3"
      ], 
      [
        1632263668, 
        "6"
      ], 
      [
        1632263683, 
        "18"
      ], 
      [
        1632263698, 
        "10"
      ], 
      [
        1632263713, 
        "23"
      ], 
      [
        1632263728, 
        "9"
      ], 
      [
        1632263743, 
        "102"
      ], 
      [
        1632263758, 
        "100"
      ], 
      [
        1632263773, 
        "202"
      ], 
      [
        1632263788, 
        "194"
      ], 
      [
        1632263803, 
        "351"
      ], 
      [
        1632263818, 
        "662"
      ], 
      [
        1632263833, 
        "163"
      ]
    ]
  }, 
  "kvdb_bytes_read": {
    "metric": {
      "instance": "172.17.0.1:3033", 
      "job": "openethereum"
    }, 
    "values": [
      [
        1632263533, 
        "1447329.6"
      ], 
      [
        1632263548, 
        "1451249.2"
      ], 
      [
        1632263563, 
        "1455575.1"
      ], 
      [
        1632263578, 
        "988512.8297600001"
      ], 
      [
        1632263608, 
        "789164.3"
      ], 
      [
        1632263623, 
        "888004.6"
      ], 
      [
        1632263638, 
        "1147609.7"
      ], 
      [
        1632263653, 
        "1208663.3"
      ], 
      [
        1632263668, 
        "674161.05496"
      ], 
      [
        1632263683, 
        "1343353.8"
      ], 
      [
        1632263698, 
        "940347.71544"
      ], 
      [
        1632263713, 
        "1234613.4"
      ], 
      [
        1632263728, 
        "521466.22903999995"
      ], 
      [
        1632263743, 
        "0"
      ], 
      [
        1632263758, 
        "114714"
      ], 
      [
        1632263773, 
        "0"
      ], 
      [
        1632263788, 
        "0"
      ], 
      [
        1632263803, 
        "0"
      ], 
      [
        1632263818, 
        "148376.41650666666"
      ], 
      [
        1632263833, 
        "221068.6"
      ]
    ]
  }, 
  "tcp_sends": {
    "metric": {},