{
  "dir_read_c": {
    "metric": {
      "instance": "172.17.0.1:8000", 
      "hostname": "longz-experiment", 
      "pid": "17783", 
      "directory": "/data/blockchain/eth-data", 
      "job": "syscall_monitoring", 
      "application_name": "openethereum", 
      "__name__": "dir_reads_total"
    }, 
    "values": [
      [
        1632264437, 
        "189368"
      ], 
      [
        1632264452, 
        "141932"
      ], 
      [
        1632264467, 
        "250832"
      ], 
      [
        1632264482, 
        "228629"
      ], 
      [
        1632264497, 
        "154561"
      ], 
      [
        1632264512, 
        "106563"
      ], 
      [
        1632264527, 
        "271997"
      ], 
      [
        1632264542, 
        "283342"
      ], 
      [
        1632264557, 
        "283925"
      ], 
      [
        1632264572, 
        "238720"
      ], 
      [
        1632264587, 
        "288056"
      ], 
      [
        1632264602, 
        "116403"
      ], 
      [
        1632264617, 
        "184244"
      ], 
      [
        1632264632, 
        "273089"
      ], 
      [
        1632264647, 
        "292455"
      ], 
      [
        1632264662, 
        "92017"
      ], 
      [
        1632264677, 
        "572"
      ], 
      [
        1632264692, 
        "88210"
      ], 
      [
        1632264707, 
        "193900"
      ], 
      [
        1632264722, 
        "218937"
      ], 
      [
        1632264737, 
        "202790"
      ]
    ]
  }, 
  "stat": {
    "dir_read_c": {
      "max": 288056.0, 
      "mean": 195263.90476190476, 
      "variance": 6242744748.086167, 
      "min": 88210.0
    }, 
    "dir_reads": {
      "max": 5828015104.0, 
      "mean": 3990777270.857143, 
      "variance": 2.592305920156975e+18, 
      "min": 1870066688.0
    }, 
    "tcp_conn": {
      "max": 386.0, 
      "mean": 123.52380952380952, 
      "variance": 21098.630385487526, 
      "min": 14.0
    }, 
    "kvdb_bytes_read": {
      "max": 1419555.5899999999, 
      "mean": 866949.9989600001, 
      "variance": 168800944730.91263, 
      "min": 195554.935
    }, 
    "tcp_sends": {
      "max": 484352.0, 
      "mean": 142531.04761904763, 
      "variance": 31687529218.902496, 
      "min": 17408.0
    }, 
    "dir_writes": {
      "max": 83715072.0, 
      "mean": 39132988.952380955, 
      "variance": 7540725183451127.0, 
      "min": 0.0
    }, 
    "kvdb_bytes_write": {
      "max": 1025025.2150000001, 
      "mean": 226287.17883199998, 
      "variance": 121163628545.56589, 
      "min": 0.0
    }, 
    "dir_write_c": {
      "max": 1144.0, 
      "mean": 2333.9523809523807, 
      "variance": 89092006.80725622, 
      "min": 0.0
    }, 
    "peer_stats": {
      "max": 5.199999999999996, 
      "mean": 1.7894736842105263, 
      "variance": 2.797783933518005, 
      "min": 0.0
    }, 
    "tcp_recvs": {
      "max": 2964480.0, 
      "mean": 1353630.4761904762, 
      "variance": 9136646729774.441, 
      "min": 0.0
    }
  }, 
  "dir_reads": {
    "metric": {
      "instance": "172.17.0.1:8000", 
      "hostname": "longz-experiment", 
      "pid": "17783", 
      "directory": "/data/blockchain/eth-data", 
      "job": "syscall_monitoring", 
      "application_name": "openethereum"
    }, 
    "values": [
      [
        1632264437, 
        "3891586048"
      ], 
      [
        1632264452, 
        "2951573504"
      ], 
      [
        1632264467, 
        "5265110016"
      ], 
      [
        1632264482, 
        "4664932352"
      ], 
      [
        1632264497, 
        "3126538240"
      ], 
      [
        1632264512, 
        "2176737280"
      ], 
      [
        1632264527, 
        "5572867072"
      ], 
      [
        1632264542, 
        "5773360128"
      ], 
      [
        1632264557, 
        "5778486272"
      ], 
      [
        1632264572, 
        "4865813504"
      ], 
      [
        1632264587, 
        "5828015104"
      ], 
      [
        1632264602, 
        "2361871360"
      ], 
      [
        1632264617, 
        "3796257792"
      ], 
      [
        1632264632, 
        "5617177600"
      ], 
      [
        1632264647, 
        "5944464384"
      ], 
      [
        1632264662, 
        "1870611456"
      ], 
      [
        1632264677, 
        "10165248"
      ], 
      [
        1632264692, 
        "1870066688"
      ], 
      [
        1632264707, 
        "3906656256"
      ], 
      [
        1632264722, 
        "4446198784"
      ], 
      [
        1632264737, 
        "4087833600"
      ]
    ]
  }, 
  "tcp_conn": {
    "metric": {}, 
    "values": [
      [
        1632264437, 
        "45"
      ], 
      [
        1632264452, 
        "224"
      ], 
      [
        1632264467, 
        "23"
      ], 
      [
        1632264482, 
        "14"
      ], 
      [
        1632264497, 
        "104"
      ], 
      [
        1632264512, 
        "386"
      ], 
      [
        1632264527, 
        "61"
      ], 
      [
        1632264542, 
        "29"
      ], 
      [
        1632264557, 
        "38"
      ], 
      [
        1632264572, 
        "32"
      ], 
      [
        1632264587, 
        "24"
      ], 
      [
        1632264602, 
        "120"
      ], 
      [
        1632264617, 
        "102"
      ], 
      [
        1632264632, 
        "31"
      ], 
      [
        1632264647, 
        "107"
      ], 
      [
        1632264662, 
        "204"
      ], 
      [
        1632264677, 
        "576"
      ], 
      [
        1632264692, 
        "354"
      ], 
      [
        1632264707, 
        "1"
      ], 
      [
        1632264722, 
        "51"
      ], 
      [
        1632264737, 
        "68"
      ]
    ]
  }, 
  "kvdb_bytes_read": {
    "metric": {
      "instance": "172.17.0.1:3033", 
      "job": "openethereum"
    }, 
    "values": [
      [
        1632264437, 
        "675377.7"
      ], 
      [
        1632264452, 
        "1272141.2"
      ], 
      [
        1632264467, 
        "1124901.1660800003"
      ], 
      [
        1632264482, 
        "949696.7"
      ], 
      [
        1632264497, 
        "482637.6"
      ], 
      [
        1632264512, 
        "360868.6030666667"
      ], 
      [
        1632264527, 
        "1458332.5"
      ], 
      [
        1632264542, 
        "1417514.7"
      ], 
      [
        1632264557, 
        "1215909.9"
      ], 
      [
        1632264572, 
        "825949.0100533332"
      ], 
      [
        1632264587, 
        "783378.9"
      ], 
      [
        1632264602, 
        "1012465.2"
      ], 
      [
        1632264632, 
        "1273578.3"
      ], 
      [
        1632264647, 
        "519355.6"
      ], 
      [
        1632264662, 
        "0"
      ], 
      [
        1632264677, 
        "205847.3"
      ], 
      [
        1632264692, 
        "1056264.3"
      ], 
      [
        1632264707, 
        "1009181.8"
      ], 
      [
        1632264722, 
        "1273146.9"
      ], 
      [
        1632264737, 
        "422452.6"
      ]
    ]
  }, 
  "tcp_sends": {
    "metric": {},