{
  "dir_read_c": {
    "metric": {
      "instance": "172.17.0.1:8000", 
      "hostname": "longz-experiment", 
      "pid": "1456", 
      "directory": "/data/blockchain/eth-data", 
      "job": "syscall_monitoring", 
      "application_name": "openethereum", 
      "__name__": "dir_reads_total"
    }, 
    "values": [
      [
        1633140874, 
        "83695"
      ], 
      [
        1633140889, 
        "113568"
      ], 
      [
        1633140904, 
        "101231"
      ], 
      [
        1633140919, 
        "70958"
      ], 
      [
        1633140934, 
        "92512"
      ], 
      [
        1633140949, 
        "32646"
      ], 
      [
        1633140964, 
        "27463"
      ], 
      [
        1633140979, 
        "26974"
      ], 
      [
        1633140994, 
        "27352"
      ], 
      [
        1633141009, 
        "22634"
      ], 
      [
        1633141024, 
        "27058"
      ], 
      [
        1633141039, 
        "15526"
      ], 
      [
        1633141054, 
        "27961"
      ], 
      [
        1633141069, 
        "15384"
      ], 
      [
        1633141084, 
        "28699"
      ], 
      [
        1633141099, 
        "35427"
      ], 
      [
        1633141114, 
        "29395"
      ], 
      [
        1633141129, 
        "22130"
      ], 
      [
        1633141144, 
        "34567"
      ], 
      [
        1633141159, 
        "22741"
      ], 
      [
        1633141174, 
        "27107"
      ]
    ]
  }, 
  "stat": {
    "dir_read_c": {
      "max": 101231.0, 
      "mean": 42144.19047619047, 
      "variance": 863047020.0589565, 
      "pvalue": 0.147612020409181, 
      "min": 15526.0
    }, 
    "dir_reads": {
      "max": 2086813696.0, 
      "mean": 849805702.0952381, 
      "variance": 3.3418172145937766e+17, 
      "pvalue": 0.3712174012548292, 
      "min": 408980480.0
    }, 
    "tcp_conn": {
      "max": 243.0, 
      "mean": 78.42857142857143, 
      "variance": 8816.816326530612, 
      "pvalue": 0.07437973851603075, 
      "min": 0.0
    }, 
    "kvdb_bytes_read": {
      "max": 343705.7799999999, 
      "mean": 152175.39411764705, 
      "variance": 12904828603.88761, 
      "pvalue": 0.7973613744456628, 
      "min": 45184.45999999999
    }, 
    "tcp_sends": {
      "max": 2000896.0, 
      "mean": 639366.0952380953, 
      "variance": 602333858827.61, 
      "pvalue": 0.18386961358299705, 
      "min": 0.0
    }, 
    "dir_writes": {
      "max": 944162816.0, 
      "mean": 346272182.85714287, 
      "variance": 7.363261779905984e+16, 
      "pvalue": 0.0007982931281174776, 
      "min": 156347392.0
    }, 
    "kvdb_bytes_write": {
      "max": 13764875.04, 
      "mean": 2299089.3588235294, 
      "variance": 23078389574612.79, 
      "pvalue": 0.696024972181652, 
      "min": 0.0
    }, 
    "dir_write_c": {
      "max": 8468.0, 
      "mean": 4154.380952380952, 
      "variance": 135769142.8072562, 
      "pvalue": 0.10167133565841328, 
      "min": 155.0
    }, 
    "peer_stats": {
      "max": 33.0, 
      "mean": 25.333333333333332, 
      "variance": 23.0, 
      "pvalue": 0.0010964776179024735, 
      "min": 19.4
    }, 
    "tcp_recvs": {
      "max": 29206528.0, 
      "mean": 10808807.61904762, 
      "variance": 243222880052556.06, 
      "pvalue": 0.0024399299831700506, 
      "min": 0.0
    }
  }, 
  "dir_reads": {
    "metric": {
      "instance": "172.17.0.1:8000", 
      "hostname": "longz-experiment", 
      "pid": "1456", 
      "directory": "/data/blockchain/eth-data", 
      "job": "syscall_monitoring", 
      "application_name": "openethereum"
    }, 
    "values": [
      [
        1633140874, 
        "1777243136"
      ], 
      [
        1633140889, 
        "2262716416"
      ], 
      [
        1633140904, 
        "2086813696"
      ], 
      [
        1633140919, 
        "1418967040"
      ], 
      [
        1633140934, 
        "1638519808"
      ], 
      [
        1633140949, 
        "644120576"
      ], 
      [
        1633140964, 
        "555684864"
      ], 
      [
        1633140979, 
        "469747712"
      ], 
      [
        1633140994, 
        "496726016"
      ], 
      [
        1633141009, 
        "474832896"
      ], 
      [
        1633141024, 
        "516440064"
      ], 
      [
        1633141039, 
        "408980480"
      ], 
      [
        1633141054, 
        "596624384"
      ], 
      [
        1633141069, 
        "341157888"
      ], 
      [
        1633141084, 
        "608175104"
      ], 
      [
        1633141099, 
        "727563264"
      ], 
      [
        1633141114, 
        "620410880"
      ], 
      [
        1633141129, 
        "479499264"
      ], 
      [
        1633141144, 
        "697219072"
      ], 
      [
        1633141159, 
        "467058688"
      ], 
      [
        1633141174, 
        "557418496"
      ]
    ]
  }, 
  "tcp_conn": {
    "metric": {}, 
    "values": [
      [
        1633140874, 
        "39"
      ], 
      [
        1633140889, 
        "46"
      ], 
      [
        1633140904, 
        "45"
      ], 
      [
        1633140919, 
        "42"
      ], 
      [
        1633140934, 
        "39"
      ], 
      [
        1633140949, 
        "35"
      ], 
      [
        1633140964, 
        "0"
      ], 
      [
        1633140979, 
        "0"
      ], 
      [
        1633140994, 
        "0"
      ], 
      [
        1633141009, 
        "56"
      ], 
      [
        1633141024, 
        "39"
      ], 
      [
        1633141039, 
        "417"
      ], 
      [
        1633141054, 
        "84"
      ], 
      [
        1633141069, 
        "151"
      ], 
      [
        1633141084, 
        "243"
      ], 
      [
        1633141099, 
        "55"
      ], 
      [
        1633141114, 
        "37"
      ], 
      [
        1633141129, 
        "113"
      ], 
      [
        1633141144, 
        "21"
      ], 
      [
        1633141159, 
        "124"
      ], 
      [
        1633141174, 
        "61"
      ]
    ]
  }, 
  "kvdb_bytes_read": {
    "metric": {
      "instance": "172.17.0.1:3033", 
      "job": "openethereum"
    }, 
    "values": [
      [
        1633140874, 
        "309946.9"
      ], 
      [
        1633140889, 
        "447176.1"
      ], 
      [
        1633140904, 
        "66209.1"
      ], 
      [
        1633140919, 
        "317838.2"
      ], 
      [
        1633140934, 
        "79191.1"
      ], 
      [
        1633141009, 
        "52059.4"
      ], 
      [
        1633141024, 
        "47715.2"
      ], 
      [
        1633141039, 
        "35061.5"
      ], 
      [
        1633141054, 
        "53584"
      ], 
      [
        1633141069, 
        "103143.4"
      ], 
      [
        1633141084, 
        "273396.7"
      ], 
      [
        1633141099, 
        "130322.4"
      ], 
      [
        1633141114, 
        "117337.7"
      ], 
      [
        1633141129, 
        "174073.3"
      ], 
      [
        1633141144, 
        "124749.2"
      ], 
      [
        1633141159, 
        "98416.9"
      ], 
      [
        1633141174, 
        "156760.6"
      ]
    ]
  }, 
  "tcp_sends": {
    "metric": {},