{
  "dir_read_c": {
    "metric": {
      "instance": "172.17.0.1:8000", 
      "hostname": "longz-experiment", 
      "pid": "23965", 
      "directory": "/data/blockchain/eth-data", 
      "job": "syscall_monitoring", 
      "application_name": "openethereum", 
      "__name__": "dir_reads_total"
    }, 
    "values": [
      [
        1632281083, 
        "29949"
      ], 
      [
        1632281098, 
        "90685"
      ], 
      [
        1632281113, 
        "42929"
      ], 
      [
        1632281128, 
        "77929"
      ], 
      [
        1632281143, 
        "101187"
      ], 
      [
        1632281158, 
        "48074"
      ], 
      [
        1632281173, 
        "84821"
      ], 
      [
        1632281188, 
        "97456"
      ], 
      [
        1632281203, 
        "145360"
      ], 
      [
        1632281218, 
        "84113"
      ], 
      [
        1632281233, 
        "138909"
      ], 
      [
        1632281248, 
        "148735"
      ], 
      [
        1632281263, 
        "174325"
      ], 
      [
        1632281278, 
        "131012"
      ], 
      [
        1632281293, 
        "160330"
      ], 
      [
        1632281308, 
        "96430"
      ], 
      [
        1632281323, 
        "144959"
      ], 
      [
        1632281338, 
        "146370"
      ], 
      [
        1632281353, 
        "114042"
      ], 
      [
        1632281368, 
        "31984"
      ], 
      [
        1632281383, 
        "89501"
      ]
    ]
  }, 
  "stat": {
    "dir_read_c": {
      "max": 160330.0, 
      "mean": 103766.66666666667, 
      "variance": 1753200049.6507936, 
      "min": 31984.0
    }, 
    "dir_reads": {
      "max": 3207883776.0, 
      "mean": 2097048380.952381, 
      "variance": 7.551142574017736e+17, 
      "min": 644798464.0
    }, 
    "tcp_conn": {
      "max": 417.0, 
      "mean": 167.33333333333334, 
      "variance": 21663.650793650795, 
      "min": 2.0
    }, 
    "kvdb_bytes_read": {
      "max": 606544.5499999999, 
      "mean": 320932.49200542434, 
      "variance": 28913822404.487915, 
      "min": 10872.04258844088
    }, 
    "tcp_sends": {
      "max": 1682432.0, 
      "mean": 505612.1904761905, 
      "variance": 433266500605.67804, 
      "min": 14336.0
    }, 
    "dir_writes": {
      "max": 231616512.0, 
      "mean": 205297615.23809522, 
      "variance": 759202952371796.6, 
      "min": 158216192.0
    }, 
    "kvdb_bytes_write": {
      "max": 485729.23499999987, 
      "mean": 157944.707360782, 
      "variance": 39293018910.1159, 
      "min": 0.0
    }, 
    "dir_write_c": {
      "max": 506.0, 
      "mean": 2403.095238095238, 
      "variance": 87484177.5147392, 
      "min": 179.0
    }, 
    "peer_stats": {
      "max": 16.299999999999997, 
      "mean": 13.866666666666667, 
      "variance": 2.115555555555555, 
      "min": 11.7
    }, 
    "tcp_recvs": {
      "max": 2976768.0, 
      "mean": 1455737.9047619049, 
      "variance": 1364310370169.3247, 
      "min": 152576.0
    }
  }, 
  "dir_reads": {
    "metric": {
      "instance": "172.17.0.1:8000", 
      "hostname": "longz-experiment", 
      "pid": "23965", 
      "directory": "/data/blockchain/eth-data", 
      "job": "syscall_monitoring", 
      "application_name": "openethereum"
    }, 
    "values": [
      [
        1632281083, 
        "539599872"
      ], 
      [
        1632281098, 
        "1745371136"
      ], 
      [
        1632281113, 
        "806049792"
      ], 
      [
        1632281128, 
        "1597777920"
      ], 
      [
        1632281143, 
        "2126398464"
      ], 
      [
        1632281158, 
        "967570432"
      ], 
      [
        1632281173, 
        "1816559616"
      ], 
      [
        1632281188, 
        "2090860544"
      ], 
      [
        1632281203, 
        "3116036096"
      ], 
      [
        1632281218, 
        "1642341376"
      ], 
      [
        1632281233, 
        "2737434624"
      ], 
      [
        1632281248, 
        "3003563008"
      ], 
      [
        1632281263, 
        "3532224512"
      ], 
      [
        1632281278, 
        "2591436800"
      ], 
      [
        1632281293, 
        "3207883776"
      ], 
      [
        1632281308, 
        "1893036032"
      ], 
      [
        1632281323, 
        "2871855104"
      ], 
      [
        1632281338, 
        "3140207616"
      ], 
      [
        1632281353, 
        "2263531520"
      ], 
      [
        1632281368, 
        "644798464"
      ], 
      [
        1632281383, 
        "1703479296"
      ]
    ]
  }, 
  "tcp_conn": {
    "metric": {}, 
    "values": [
      [
        1632281083, 
        "456"
      ], 
      [
        1632281098, 
        "187"
      ], 
      [
        1632281113, 
        "14"
      ], 
      [
        1632281128, 
        "347"
      ], 
      [
        1632281143, 
        "185"
      ], 
      [
        1632281158, 
        "417"
      ], 
      [
        1632281173, 
        "126"
      ], 
      [
        1632281188, 
        "152"
      ], 
      [
        1632281203, 
        "2"
      ], 
      [
        1632281218, 
        "272"
      ], 
      [
        1632281233, 
        "4"
      ], 
      [
        1632281248, 
        "93"
      ], 
      [
        1632281263, 
        "64"
      ], 
      [
        1632281278, 
        "275"
      ], 
      [
        1632281293, 
        "3"
      ], 
      [
        1632281308, 
        "220"
      ], 
      [
        1632281323, 
        "36"
      ], 
      [
        1632281338, 
        "5"
      ], 
      [
        1632281353, 
        "1"
      ], 
      [
        1632281368, 
        "274"
      ], 
      [
        1632281383, 
        "381"
      ]
    ]
  }, 
  "kvdb_bytes_read": {
    "metric": {
      "instance": "172.17.0.1:3033", 
      "job": "openethereum"
    }, 
    "values": [
      [
        1632281083, 
        "216010.28952000002"
      ], 
      [
        1632281098, 
        "6063.788136272545"
      ], 
      [
        1632281113, 
        "326430.5"
      ], 
      [
        1632281128, 
        "11720.558079999999"
      ], 
      [
        1632281143, 
        "145126.1"
      ], 
      [
        1632281173, 
        "407704.13824000006"
      ], 
      [
        1632281188, 
        "346973.1"
      ], 
      [
        1632281203, 
        "320103.5"
      ], 
      [
        1632281233, 
        "415188.2"
      ], 
      [
        1632281248, 
        "604685.6"
      ], 
      [
        1632281263, 
        "326623.7"
      ], 
      [
        1632281278, 
        "617078.6"
      ], 
      [
        1632281293, 
        "347762.8"
      ], 
      [
        1632281323, 
        "385730.0422280314"
      ], 
      [
        1632281338, 
        "397135.93989333336"
      ], 
      [
        1632281353, 
        "73274.3"
      ], 
      [
        1632281368, 
        "480928"
      ], 
      [
        1632281383, 
        "348245.7"
      ]
    ]
  }, 
  "tcp_sends": {
    "metric": {},