{
  "dir_read_c": {
    "metric": {
      "instance": "172.17.0.1:8000", 
      "hostname": "longz-experiment", 
      "pid": "23965", 
      "directory": "/data/blockchain/eth-data", 
      "job": "syscall_monitoring", 
      "application_name": "openethereum", 
      "__name__": "dir_reads_total"
    }, 
    "values": [
      [
        1632280780, 
        "138147"
      ], 
      [
        1632280795, 
        "162838"
      ], 
      [
        1632280810, 
        "161583"
      ], 
      [
        1632280825, 
        "145107"
      ], 
      [
        1632280840, 
        "126442"
      ], 
      [
        1632280855, 
        "137544"
      ], 
      [
        1632280870, 
        "90569"
      ], 
      [
        1632280885, 
        "80152"
      ], 
      [
        1632280900, 
        "63002"
      ], 
      [
        1632280915, 
        "110120"
      ], 
      [
        1632280930, 
        "150036"
      ], 
      [
        1632280945, 
        "79446"
      ], 
      [
        1632280960, 
        "39666"
      ], 
      [
        1632280975, 
        "38088"
      ], 
      [
        1632280990, 
        "37188"
      ], 
      [
        1632281005, 
        "22103"
      ], 
      [
        1632281020, 
        "24232"
      ], 
      [
        1632281035, 
        "28328"
      ], 
      [
        1632281050, 
        "65146"
      ], 
      [
        1632281065, 
        "32065"
      ], 
      [
        1632281080, 
        "29949"
      ]
    ]
  }, 
  "stat": {
    "dir_read_c": {
      "max": 161583.0, 
      "mean": 83892.90476190476, 
      "variance": 2470143329.419501, 
      "min": 24232.0
    }, 
    "dir_reads": {
      "max": 18961964032.0, 
      "mean": 5073882014.476191, 
      "variance": 3.986411580295715e+19, 
      "min": 484079616.0
    }, 
    "tcp_conn": {
      "max": 458.0, 
      "mean": 252.61904761904762, 
      "variance": 23014.807256235825, 
      "min": 5.0
    }, 
    "kvdb_bytes_read": {
      "max": 403167.40912, 
      "mean": 171366.23880507943, 
      "variance": 15669658170.600027, 
      "min": 46741.1
    }, 
    "tcp_sends": {
      "max": 3606528.0, 
      "mean": 1367673.9047619049, 
      "variance": 1251922696252.3723, 
      "min": 30720.0
    }, 
    "dir_writes": {
      "max": 963911680.0, 
      "mean": 510881206.85714287, 
      "variance": 9.325134597365456e+16, 
      "min": 170122240.0
    }, 
    "kvdb_bytes_write": {
      "max": 4936909.31408, 
      "mean": 1259337.1200685715, 
      "variance": 6441935250300.35, 
      "min": 0.0
    }, 
    "dir_write_c": {
      "max": 17857.0, 
      "mean": 6410.857142857143, 
      "variance": 109841800.50340137, 
      "min": 198.0
    }, 
    "peer_stats": {
      "max": 20.0, 
      "mean": 14.157894736842104, 
      "variance": 11.711911357340721, 
      "min": 9.8
    }, 
    "tcp_recvs": {
      "max": 40458240.0, 
      "mean": 20051139.04761905, 
      "variance": 256910268937353.0, 
      "min": 675840.0
    }
  }, 
  "dir_reads": {
    "metric": {
      "instance": "172.17.0.1:8000", 
      "hostname": "longz-experiment", 
      "pid": "23965", 
      "directory": "/data/blockchain/eth-data", 
      "job": "syscall_monitoring", 
      "application_name": "openethereum"
    }, 
    "values": [
      [
        1632280780, 
        "2748940288"
      ], 
      [
        1632280795, 
        "3108416512"
      ], 
      [
        1632280810, 
        "2988985344"
      ], 
      [
        1632280825, 
        "8264837120"
      ], 
      [
        1632280840, 
        "18961964032"
      ], 
      [
        1632280855, 
        "23379163136"
      ], 
      [
        1632280870, 
        "7572341760"
      ], 
      [
        1632280885, 
        "7007703040"
      ], 
      [
        1632280900, 
        "8968962048"
      ], 
      [
        1632280915, 
        "13231483904"
      ], 
      [
        1632280930, 
        "2946205696"
      ], 
      [
        1632280945, 
        "1484995584"
      ], 
      [
        1632280960, 
        "686682112"
      ], 
      [
        1632280975, 
        "569509888"
      ], 
      [
        1632280990, 
        "751744000"
      ], 
      [
        1632281005, 
        "449916928"
      ], 
      [
        1632281020, 
        "484079616"
      ], 
      [
        1632281035, 
        "555065344"
      ], 
      [
        1632281050, 
        "1254412288"
      ], 
      [
        1632281065, 
        "596513792"
      ], 
      [
        1632281080, 
        "539599872"
      ]
    ]
  }, 
  "tcp_conn": {
    "metric": {}, 
    "values": [
      [
        1632280780, 
        "189"
      ], 
      [
        1632280795, 
        "2"
      ], 
      [
        1632280810, 
        "201"
      ], 
      [
        1632280825, 
        "124"
      ], 
      [
        1632280840, 
        "179"
      ], 
      [
        1632280855, 
        "255"
      ], 
      [
        1632280870, 
        "278"
      ], 
      [
        1632280885, 
        "364"
      ], 
      [
        1632280900, 
        "5"
      ], 
      [
        1632280915, 
        "86"
      ], 
      [
        1632280930, 
        "15"
      ], 
      [
        1632280945, 
        "168"
      ], 
      [
        1632280960, 
        "515"
      ], 
      [
        1632280975, 
        "458"
      ], 
      [
        1632280990, 
        "356"
      ], 
      [
        1632281005, 
        "246"
      ], 
      [
        1632281020, 
        "391"
      ], 
      [
        1632281035, 
        "453"
      ], 
      [
        1632281050, 
        "251"
      ], 
      [
        1632281065, 
        "313"
      ], 
      [
        1632281080, 
        "456"
      ]
    ]
  }, 
  "kvdb_bytes_read": {
    "metric": {
      "instance": "172.17.0.1:3033", 
      "job": "openethereum"
    }, 
    "values": [
      [
        1632280780, 
        "403167.40912"
      ], 
      [
        1632280795, 
        "310803.8"
      ], 
      [
        1632280810, 
        "354692.93333333335"
      ], 
      [
        1632280825, 
        "74056.31426666667"
      ], 
      [
        1632280840, 
        "432558.2"
      ], 
      [
        1632280855, 
        "109299.75279999999"
      ], 
      [
        1632280870, 
        "46741.1"
      ], 
      [
        1632280885, 
        "173974.4"
      ], 
      [
        1632280900, 
        "336207.3"
      ], 
      [
        1632280915, 
        "109414.13224"
      ], 
      [
        1632280930, 
        "300472.1"
      ], 
      [
        1632280945, 
        "96137.9"
      ], 
      [
        1632280960, 
        "89798.2"
      ], 
      [
        1632280975, 
        "80870.4"
      ], 
      [
        1632280990, 
        "105468"
      ], 
      [
        1632281005, 
        "131536.1"
      ], 
      [
        1632281020, 
        "88322.6"
      ], 
      [
        1632281035, 
        "66475.2"
      ], 
      [
        1632281050, 
        "6237.473146666666"
      ], 
      [
        1632281065, 
        "95918.5"
      ], 
      [
        1632281080, 
        "186539.2"
      ]
    ]
  }, 
  "tcp_sends": {
    "metric": {},