{
  "dir_read_c": {
    "metric": {
      "instance": "172.17.0.1:8000", 
      "hostname": "longz-experiment", 
      "pid": "23965", 
      "directory": "/data/blockchain/eth-data", 
      "job": "syscall_monitoring", 
      "application_name": "openethereum", 
      "__name__": "dir_reads_total"
    }, 
    "values": [
      [
        1632281687, 
        "115628"
      ], 
      [
        1632281702, 
        "160919"
      ], 
      [
        1632281717, 
        "136157"
      ], 
      [
        1632281732, 
        "109296"
      ], 
      [
        1632281747, 
        "120193"
      ], 
      [
        1632281762, 
        "134746"
      ], 
      [
        1632281777, 
        "101721"
      ], 
      [
        1632281792, 
        "74768"
      ], 
      [
        1632281807, 
        "54584"
      ], 
      [
        1632281822, 
        "70757"
      ], 
      [
        1632281837, 
        "55111"
      ], 
      [
        1632281852, 
        "112268"
      ], 
      [
        1632281867, 
        "105332"
      ], 
      [
        1632281882, 
        "97020"
      ], 
      [
        1632281897, 
        "76929"
      ], 
      [
        1632281912, 
        "29512"
      ], 
      [
        1632281927, 
        "117311"
      ], 
      [
        1632281942, 
        "190441"
      ], 
      [
        1632281957, 
        "187215"
      ], 
      [
        1632281972, 
        "147873"
      ], 
      [
        1632281987, 
        "139788"
      ]
    ]
  }, 
  "stat": {
    "dir_read_c": {
      "max": 187215.0, 
      "mean": 111312.80952380953, 
      "variance": 1690391921.5827665, 
      "min": 54584.0
    }, 
    "dir_reads": {
      "max": 3737120768.0, 
      "mean": 2179050739.8095236, 
      "variance": 6.804032150309217e+17, 
      "min": 1042631680.0
    }, 
    "tcp_conn": {
      "max": 211.0, 
      "mean": 59.76190476190476, 
      "variance": 5971.133786848072, 
      "min": 1.0
    }, 
    "kvdb_bytes_read": {
      "max": 1012450.6249999998, 
      "mean": 462473.02964392514, 
      "variance": 117411365915.23552, 
      "min": 63129.37683600001
    }, 
    "tcp_sends": {
      "max": 310272.0, 
      "mean": 109811.80952380953, 
      "variance": 29111456180.53515, 
      "min": 14336.0
    }, 
    "dir_writes": {
      "max": 309552128.0, 
      "mean": 212108970.66666666, 
      "variance": 8913870648529222.0, 
      "min": 29234176.0
    }, 
    "kvdb_bytes_write": {
      "max": 1124194.9649999999, 
      "mean": 348208.85176, 
      "variance": 172481620444.58633, 
      "min": 0.0
    }, 
    "dir_write_c": {
      "max": 3259.0, 
      "mean": 2471.1428571428573, 
      "variance": 75579378.21768704, 
      "min": 227.0
    }, 
    "peer_stats": {
      "max": 25.349999999999998, 
      "mean": 23.214285714285715, 
      "variance": 4.31122448979592, 
      "min": 19.0
    }, 
    "tcp_recvs": {
      "max": 5359616.0, 
      "mean": 2219739.4285714286, 
      "variance": 3372636964599.2915, 
      "min": 614400.0
    }
  }, 
  "dir_reads": {
    "metric": {
      "instance": "172.17.0.1:8000", 
      "hostname": "longz-experiment", 
      "pid": "23965", 
      "directory": "/data/blockchain/eth-data", 
      "job": "syscall_monitoring", 
      "application_name": "openethereum"
    }, 
    "values": [
      [
        1632281687, 
        "2261669888"
      ], 
      [
        1632281702, 
        "3078413312"
      ], 
      [
        1632281717, 
        "2594532352"
      ], 
      [
        1632281732, 
        "2018957312"
      ], 
      [
        1632281747, 
        "2225378304"
      ], 
      [
        1632281762, 
        "2548620288"
      ], 
      [
        1632281777, 
        "1863750656"
      ], 
      [
        1632281792, 
        "1551349760"
      ], 
      [
        1632281807, 
        "1242059776"
      ], 
      [
        1632281822, 
        "1353171968"
      ], 
      [
        1632281837, 
        "1042631680"
      ], 
      [
        1632281852, 
        "2173715456"
      ], 
      [
        1632281867, 
        "2052983808"
      ], 
      [
        1632281882, 
        "1887752192"
      ], 
      [
        1632281897, 
        "1501997056"
      ], 
      [
        1632281912, 
        "525109248"
      ], 
      [
        1632281927, 
        "2344360960"
      ], 
      [
        1632281942, 
        "3860899840"
      ], 
      [
        1632281957, 
        "3737120768"
      ], 
      [
        1632281972, 
        "3071778816"
      ], 
      [
        1632281987, 
        "2823812096"
      ]
    ]
  }, 
  "tcp_conn": {
    "metric": {}, 
    "values": [
      [
        1632281687, 
        "3"
      ], 
      [
        1632281702, 
        "2"
      ], 
      [
        1632281717, 
        "68"
      ], 
      [
        1632281732, 
        "233"
      ], 
      [
        1632281747, 
        "211"
      ], 
      [
        1632281762, 
        "207"
      ], 
      [
        1632281777, 
        "140"
      ], 
      [
        1632281792, 
        "119"
      ], 
      [
        1632281807, 
        "0"
      ], 
      [
        1632281822, 
        "5"
      ], 
      [
        1632281837, 
        "2"
      ], 
      [
        1632281852, 
        "4"
      ], 
      [
        1632281867, 
        "13"
      ], 
      [
        1632281882, 
        "29"
      ], 
      [
        1632281897, 
        "120"
      ], 
      [
        1632281912, 
        "68"
      ], 
      [
        1632281927, 
        "7"
      ], 
      [
        1632281942, 
        "1"
      ], 
      [
        1632281957, 
        "3"
      ], 
      [
        1632281972, 
        "10"
      ], 
      [
        1632281987, 
        "10"
      ]
    ]
  }, 
  "kvdb_bytes_read": {
    "metric": {
      "instance": "172.17.0.1:3033", 
      "job": "openethereum"
    }, 
    "values": [
      [
        1632281687, 
        "314712.91584000003"
      ], 
      [
        1632281702, 
        "444760.6"
      ], 
      [
        1632281717, 
        "123082.4"
      ], 
      [
        1632281732, 
        "443450.1"
      ], 
      [
        1632281747, 
        "275043.1"
      ], 
      [
        1632281762, 
        "117689.02152000001"
      ], 
      [
        1632281777, 
        "32937.29136"
      ], 
      [
        1632281807, 
        "68457.39192000001"
      ], 
      [
        1632281837, 
        "395821.9"
      ], 
      [
        1632281867, 
        "353191.57663065224"
      ], 
      [
        1632281882, 
        "357529.8"
      ], 
      [
        1632281897, 
        "72388.2"
      ], 
      [
        1632281912, 
        "729514.7"
      ], 
      [
        1632281927, 
        "1229001.3"
      ], 
      [
        1632281942, 
        "937288.6"
      ], 
      [
        1632281957, 
        "639764.9"
      ], 
      [
        1632281972, 
        "974235.8"
      ], 
      [
        1632281987, 
        "815644.9363200001"
      ]
    ]
  }, 
  "tcp_sends": {
    "metric": {},