{
  "dir_read_c": {
    "metric": {
      "instance": "172.17.0.1:8000", 
      "hostname": "longz-experiment", 
      "pid": "14046", 
      "directory": "/data/blockchain/eth-data", 
      "job": "syscall_monitoring", 
      "application_name": "openethereum", 
      "__name__": "dir_reads_total"
    }, 
    "values": [
      [
        1632255284, 
        "216668"
      ], 
      [
        1632255299, 
        "209123"
      ], 
      [
        1632255314, 
        "118535"
      ], 
      [
        1632255329, 
        "115688"
      ], 
      [
        1632255344, 
        "97119"
      ], 
      [
        1632255359, 
        "46299"
      ], 
      [
        1632255374, 
        "98132"
      ], 
      [
        1632255389, 
        "172392"
      ], 
      [
        1632255404, 
        "23884"
      ], 
      [
        1632255419, 
        "38522"
      ], 
      [
        1632255434, 
        "131277"
      ], 
      [
        1632255449, 
        "38223"
      ], 
      [
        1632255464, 
        "84617"
      ], 
      [
        1632255479, 
        "148029"
      ], 
      [
        1632255494, 
        "181385"
      ], 
      [
        1632255509, 
        "142451"
      ], 
      [
        1632255524, 
        "197694"
      ], 
      [
        1632255539, 
        "201320"
      ], 
      [
        1632255554, 
        "190883"
      ], 
      [
        1632255569, 
        "176202"
      ], 
      [
        1632255584, 
        "143150"
      ]
    ]
  }, 
  "stat": {
    "dir_read_c": {
      "max": 209123.0, 
      "mean": 131980.61904761905, 
      "variance": 3516297726.9977317, 
      "min": 38223.0
    }, 
    "dir_reads": {
      "max": 4037884928.0, 
      "mean": 2589289618.285714, 
      "variance": 1.3878863533038351e+18, 
      "min": 691673088.0
    }, 
    "tcp_conn": {
      "max": 400.0, 
      "mean": 83.28571428571429, 
      "variance": 13260.680272108844, 
      "min": 3.0
    }, 
    "kvdb_bytes_read": {
      "max": 942499.7049999998, 
      "mean": 482210.8946943223, 
      "variance": 88685459201.6501, 
      "min": 45783.45095466668
    }, 
    "tcp_sends": {
      "max": 343040.0, 
      "mean": 102204.95238095238, 
      "variance": 13261652153.759638, 
      "min": 10240.0
    }, 
    "dir_writes": {
      "max": 336200704.0, 
      "mean": 243127539.80952382, 
      "variance": 1.079416923131538e+16, 
      "min": 141883392.0
    }, 
    "kvdb_bytes_write": {
      "max": 1193729.4632899591, 
      "mean": 412652.60352615867, 
      "variance": 427081775548.1552, 
      "min": 0.0
    }, 
    "dir_write_c": {
      "max": 3961.0, 
      "mean": 2887.0476190476193, 
      "variance": 86731387.66439909, 
      "min": 235.0
    }, 
    "peer_stats": {
      "max": 19.0, 
      "mean": 10.25, 
      "variance": 19.5625, 
      "min": 5.75
    }, 
    "tcp_recvs": {
      "max": 39700480.0, 
      "mean": 8059708.952380952, 
      "variance": 199602345843751.44, 
      "min": 324608.0
    }
  }, 
  "dir_reads": {
    "metric": {
      "instance": "172.17.0.1:8000", 
      "hostname": "longz-experiment", 
      "pid": "14046", 
      "directory": "/data/blockchain/eth-data", 
      "job": "syscall_monitoring", 
      "application_name": "openethereum"
    }, 
    "values": [
      [
        1632255284, 
        "4232006656"
      ], 
      [
        1632255299, 
        "4037884928"
      ], 
      [
        1632255314, 
        "2348780544"
      ], 
      [
        1632255329, 
        "2309011456"
      ], 
      [
        1632255344, 
        "1933629440"
      ], 
      [
        1632255359, 
        "937192448"
      ], 
      [
        1632255374, 
        "1920901120"
      ], 
      [
        1632255389, 
        "3440288768"
      ], 
      [
        1632255404, 
        "426559488"
      ], 
      [
        1632255419, 
        "716225536"
      ], 
      [
        1632255434, 
        "2412111872"
      ], 
      [
        1632255449, 
        "691673088"
      ], 
      [
        1632255464, 
        "1677799424"
      ], 
      [
        1632255479, 
        "2879847424"
      ], 
      [
        1632255494, 
        "3575820288"
      ], 
      [
        1632255509, 
        "2818291712"
      ], 
      [
        1632255524, 
        "3884984320"
      ], 
      [
        1632255539, 
        "3960920064"
      ], 
      [
        1632255554, 
        "3885890560"
      ], 
      [
        1632255569, 
        "3509530624"
      ], 
      [
        1632255584, 
        "2775732224"
      ]
    ]
  }, 
  "tcp_conn": {
    "metric": {}, 
    "values": [
      [
        1632255284, 
        "39"
      ], 
      [
        1632255299, 
        "3"
      ], 
      [
        1632255314, 
        "14"
      ], 
      [
        1632255329, 
        "17"
      ], 
      [
        1632255344, 
        "2"
      ], 
      [
        1632255359, 
        "95"
      ], 
      [
        1632255374, 
        "102"
      ], 
      [
        1632255389, 
        "132"
      ], 
      [
        1632255404, 
        "423"
      ], 
      [
        1632255419, 
        "400"
      ], 
      [
        1632255434, 
        "57"
      ], 
      [
        1632255449, 
        "152"
      ], 
      [
        1632255464, 
        "82"
      ], 
      [
        1632255479, 
        "44"
      ], 
      [
        1632255494, 
        "16"
      ], 
      [
        1632255509, 
        "7"
      ], 
      [
        1632255524, 
        "5"
      ], 
      [
        1632255539, 
        "96"
      ], 
      [
        1632255554, 
        "16"
      ], 
      [
        1632255569, 
        "38"
      ], 
      [
        1632255584, 
        "9"
      ]
    ]
  }, 
  "kvdb_bytes_read": {
    "metric": {
      "instance": "172.17.0.1:3033", 
      "job": "openethereum"
    }, 
    "values": [
      [
        1632255284, 
        "891847"
      ], 
      [
        1632255299, 
        "369648.4864"
      ], 
      [
        1632255329, 
        "303022.7705066667"
      ], 
      [
        1632255359, 
        "46123.95994666668"
      ], 
      [
        1632255374, 
        "544177.3929600001"
      ], 
      [
        1632255389, 
        "43853.9"
      ], 
      [
        1632255404, 
        "63852.5"
      ], 
      [
        1632255419, 
        "392153.3"
      ], 
      [
        1632255434, 
        "153716.9"
      ], 
      [
        1632255449, 
        "260268.5"
      ], 
      [
        1632255464, 
        "601956.7"
      ], 
      [
        1632255494, 
        "454369.91465780005"
      ], 
      [
        1632255509, 
        "785303.1"
      ], 
      [
        1632255524, 
        "931585"
      ], 
      [
        1632255539, 
        "1004349.7"
      ], 
      [
        1632255554, 
        "606357.1800266667"
      ], 
      [
        1632255569, 
        "727188.2"
      ], 
      [
        1632255584, 
        "500021.6"
      ]
    ]
  }, 
  "tcp_sends": {
    "metric": {},