{
  "dir_read_c": {
    "metric": {
      "instance": "172.17.0.1:8000", 
      "hostname": "longz-experiment", 
      "pid": "14046", 
      "directory": "/data/blockchain/eth-data", 
      "job": "syscall_monitoring", 
      "application_name": "openethereum", 
      "__name__": "dir_reads_total"
    }, 
    "values": [
      [
        1632254984, 
        "22840"
      ], 
      [
        1632254999, 
        "26394"
      ], 
      [
        1632255014, 
        "28561"
      ], 
      [
        1632255029, 
        "25646"
      ], 
      [
        1632255044, 
        "30091"
      ], 
      [
        1632255059, 
        "33543"
      ], 
      [
        1632255074, 
        "19892"
      ], 
      [
        1632255089, 
        "36404"
      ], 
      [
        1632255104, 
        "42853"
      ], 
      [
        1632255119, 
        "123391"
      ], 
      [
        1632255134, 
        "105717"
      ], 
      [
        1632255149, 
        "72119"
      ], 
      [
        1632255164, 
        "124311"
      ], 
      [
        1632255179, 
        "44039"
      ], 
      [
        1632255194, 
        "126311"
      ], 
      [
        1632255209, 
        "136210"
      ], 
      [
        1632255224, 
        "196891"
      ], 
      [
        1632255239, 
        "44166"
      ], 
      [
        1632255254, 
        "158631"
      ], 
      [
        1632255269, 
        "227218"
      ], 
      [
        1632255284, 
        "216668"
      ]
    ]
  }, 
  "stat": {
    "dir_read_c": {
      "max": 216668.0, 
      "mean": 87709.33333333333, 
      "variance": 4508791038.222222, 
      "min": 22840.0
    }, 
    "dir_reads": {
      "max": 4232006656.0, 
      "mean": 1735770355.8095238, 
      "variance": 1.8330628322786422e+18, 
      "min": 372180992.0
    }, 
    "tcp_conn": {
      "max": 380.0, 
      "mean": 163.95238095238096, 
      "variance": 16188.235827664395, 
      "min": 2.0
    }, 
    "kvdb_bytes_read": {
      "max": 891847.0, 
      "mean": 301777.4378273016, 
      "variance": 94680339640.10876, 
      "min": 23083.6
    }, 
    "tcp_sends": {
      "max": 686080.0, 
      "mean": 234398.47619047618, 
      "variance": 72557654842.6304, 
      "min": 22528.0
    }, 
    "dir_writes": {
      "max": 416948224.0, 
      "mean": 282324016.7619048, 
      "variance": 6920731317586955.0, 
      "min": 183714816.0
    }, 
    "kvdb_bytes_write": {
      "max": 4439279.5, 
      "mean": 947973.1797549207, 
      "variance": 2959650072736.2617, 
      "min": 0.0
    }, 
    "dir_write_c": {
      "max": 12874.0, 
      "mean": 4174.9047619047615, 
      "variance": 106799721.51473925, 
      "min": 189.0
    }, 
    "peer_stats": {
      "max": 12.799999999999997, 
      "mean": 10.647058823529411, 
      "variance": 2.934256055363322, 
      "min": 9.0
    }, 
    "tcp_recvs": {
      "max": 26025984.0, 
      "mean": 8089063.619047619, 
      "variance": 93150634498331.28, 
      "min": 436224.0
    }
  }, 
  "dir_reads": {
    "metric": {
      "instance": "172.17.0.1:8000", 
      "hostname": "longz-experiment", 
      "pid": "14046", 
      "directory": "/data/blockchain/eth-data", 
      "job": "syscall_monitoring", 
      "application_name": "openethereum"
    }, 
    "values": [
      [
        1632254984, 
        "372180992"
      ], 
      [
        1632254999, 
        "475759616"
      ], 
      [
        1632255014, 
        "339830784"
      ], 
      [
        1632255029, 
        "505946112"
      ], 
      [
        1632255044, 
        "619767808"
      ], 
      [
        1632255059, 
        "563278848"
      ], 
      [
        1632255074, 
        "393381888"
      ], 
      [
        1632255089, 
        "709800960"
      ], 
      [
        1632255104, 
        "814888960"
      ], 
      [
        1632255119, 
        "2370870272"
      ], 
      [
        1632255134, 
        "2032405504"
      ], 
      [
        1632255149, 
        "1429800960"
      ], 
      [
        1632255164, 
        "2535383040"
      ], 
      [
        1632255179, 
        "912239616"
      ], 
      [
        1632255194, 
        "2649269248"
      ], 
      [
        1632255209, 
        "2774187008"
      ], 
      [
        1632255224, 
        "4093280256"
      ], 
      [
        1632255239, 
        "1045381120"
      ], 
      [
        1632255254, 
        "3183970304"
      ], 
      [
        1632255269, 
        "4397547520"
      ], 
      [
        1632255284, 
        "4232006656"
      ]
    ]
  }, 
  "tcp_conn": {
    "metric": {}, 
    "values": [
      [
        1632254984, 
        "210"
      ], 
      [
        1632254999, 
        "309"
      ], 
      [
        1632255014, 
        "129"
      ], 
      [
        1632255029, 
        "113"
      ], 
      [
        1632255044, 
        "201"
      ], 
      [
        1632255059, 
        "140"
      ], 
      [
        1632255074, 
        "456"
      ], 
      [
        1632255089, 
        "380"
      ], 
      [
        1632255104, 
        "219"
      ], 
      [
        1632255119, 
        "118"
      ], 
      [
        1632255134, 
        "210"
      ], 
      [
        1632255149, 
        "237"
      ], 
      [
        1632255164, 
        "2"
      ], 
      [
        1632255179, 
        "242"
      ], 
      [
        1632255194, 
        "3"
      ], 
      [
        1632255209, 
        "4"
      ], 
      [
        1632255224, 
        "1"
      ], 
      [
        1632255239, 
        "282"
      ], 
      [
        1632255254, 
        "146"
      ], 
      [
        1632255269, 
        "2"
      ], 
      [
        1632255284, 
        "39"
      ]
    ]
  }, 
  "kvdb_bytes_read": {
    "metric": {
      "instance": "172.17.0.1:3033", 
      "job": "openethereum"
    }, 
    "values": [
      [
        1632254984, 
        "23083.6"
      ], 
      [
        1632254999, 
        "11536.1"
      ], 
      [
        1632255014, 
        "25019.2"
      ], 
      [
        1632255029, 
        "46202.5"
      ], 
      [
        1632255044, 
        "96407.9"
      ], 
      [
        1632255059, 
        "69643.2"
      ], 
      [
        1632255074, 
        "173846.7"
      ], 
      [
        1632255089, 
        "64438.06504000001"
      ], 
      [
        1632255104, 
        "275381.4"
      ], 
      [
        1632255119, 
        "253827.88928000003"
      ], 
      [
        1632255134, 
        "30284.1"
      ], 
      [
        1632255149, 
        "539396.6"
      ], 
      [
        1632255164, 
        "131126.3"
      ], 
      [
        1632255179, 
        "399027.6154666667"
      ], 
      [
        1632255194, 
        "428578.3"
      ], 
      [
        1632255209, 
        "849674.9"
      ], 
      [
        1632255224, 
        "189333.1"
      ], 
      [
        1632255239, 
        "151888.82458666668"
      ], 
      [
        1632255254, 
        "673533.9"
      ], 
      [
        1632255269, 
        "1013249"
      ], 
      [
        1632255284, 
        "891847"
      ]
    ]
  }, 
  "tcp_sends": {
    "metric": {},