{
  "dir_read_c": {
    "metric": {
      "instance": "172.17.0.1:8000", 
      "hostname": "longz-experiment", 
      "pid": "14046", 
      "directory": "/data/blockchain/eth-data", 
      "job": "syscall_monitoring", 
      "application_name": "openethereum", 
      "__name__": "dir_reads_total"
    }, 
    "values": [
      [
        1632255887, 
        "137079"
      ], 
      [
        1632255902, 
        "105937"
      ], 
      [
        1632255917, 
        "86367"
      ], 
      [
        1632255932, 
        "151200"
      ], 
      [
        1632255947, 
        "190056"
      ], 
      [
        1632255962, 
        "84027"
      ], 
      [
        1632255977, 
        "88608"
      ], 
      [
        1632255992, 
        "116607"
      ], 
      [
        1632256007, 
        "199198"
      ], 
      [
        1632256022, 
        "119466"
      ], 
      [
        1632256037, 
        "59438"
      ], 
      [
        1632256052, 
        "50728"
      ], 
      [
        1632256067, 
        "242714"
      ], 
      [
        1632256082, 
        "274692"
      ], 
      [
        1632256097, 
        "278572"
      ], 
      [
        1632256112, 
        "284687"
      ], 
      [
        1632256127, 
        "276932"
      ], 
      [
        1632256142, 
        "280167"
      ], 
      [
        1632256157, 
        "281004"
      ], 
      [
        1632256172, 
        "279886"
      ], 
      [
        1632256187, 
        "277161"
      ]
    ]
  }, 
  "stat": {
    "dir_read_c": {
      "max": 281004.0, 
      "mean": 184025.04761904763, 
      "variance": 7436682435.664398, 
      "min": 59438.0
    }, 
    "dir_reads": {
      "max": 5522562048.0, 
      "mean": 3590858361.904762, 
      "variance": 2.94886143278376e+18, 
      "min": 1286892544.0
    }, 
    "tcp_conn": {
      "max": 401.0, 
      "mean": 100.52380952380952, 
      "variance": 17592.249433106575, 
      "min": 1.0
    }, 
    "kvdb_bytes_read": {
      "max": 1364022.7399999988, 
      "mean": 750613.5226189473, 
      "variance": 270589113428.33994, 
      "min": 135228.84
    }, 
    "tcp_sends": {
      "max": 576512.0, 
      "mean": 140288.0, 
      "variance": 52224277747.809525, 
      "min": 20480.0
    }, 
    "dir_writes": {
      "max": 241100800.0, 
      "mean": 94988531.8095238, 
      "variance": 1.141523568236003e+16, 
      "min": 0.0
    }, 
    "kvdb_bytes_write": {
      "max": 835192.9799999995, 
      "mean": 175938.9604280702, 
      "variance": 103500843468.18648, 
      "min": 0.0
    }, 
    "dir_write_c": {
      "max": 962.0, 
      "mean": 2339.5714285714284, 
      "variance": 87869159.76870748, 
      "min": 0.0
    }, 
    "peer_stats": {
      "max": 6.0, 
      "mean": 1.736842105263158, 
      "variance": 2.614958448753462, 
      "min": 1.0
    }, 
    "tcp_recvs": {
      "max": 19758080.0, 
      "mean": 2515236.5714285714, 
      "variance": 39685944322953.586, 
      "min": 61440.0
    }
  }, 
  "dir_reads": {
    "metric": {
      "instance": "172.17.0.1:8000", 
      "hostname": "longz-experiment", 
      "pid": "14046", 
      "directory": "/data/blockchain/eth-data", 
      "job": "syscall_monitoring", 
      "application_name": "openethereum"
    }, 
    "values": [
      [
        1632255887, 
        "2472635392"
      ], 
      [
        1632255902, 
        "1866444800"
      ], 
      [
        1632255917, 
        "1503178752"
      ], 
      [
        1632255932, 
        "2811724800"
      ], 
      [
        1632255947, 
        "3619688448"
      ], 
      [
        1632255962, 
        "1489025024"
      ], 
      [
        1632255977, 
        "1763190784"
      ], 
      [
        1632255992, 
        "2480140288"
      ], 
      [
        1632256007, 
        "3947226112"
      ], 
      [
        1632256022, 
        "2423477248"
      ], 
      [
        1632256037, 
        "1286892544"
      ], 
      [
        1632256052, 
        "1027359744"
      ], 
      [
        1632256067, 
        "4770372608"
      ], 
      [
        1632256082, 
        "5396687872"
      ], 
      [
        1632256097, 
        "5479778304"
      ], 
      [
        1632256112, 
        "5606334464"
      ], 
      [
        1632256127, 
        "5449155584"
      ], 
      [
        1632256142, 
        "5519935488"
      ], 
      [
        1632256157, 
        "5522562048"
      ], 
      [
        1632256172, 
        "5517645824"
      ], 
      [
        1632256187, 
        "5454569472"
      ]
    ]
  }, 
  "tcp_conn": {
    "metric": {}, 
    "values": [
      [
        1632255887, 
        "57"
      ], 
      [
        1632255902, 
        "179"
      ], 
      [
        1632255917, 
        "212"
      ], 
      [
        1632255932, 
        "6"
      ], 
      [
        1632255947, 
        "103"
      ], 
      [
        1632255962, 
        "260"
      ], 
      [
        1632255977, 
        "431"
      ], 
      [
        1632255992, 
        "68"
      ], 
      [
        1632256007, 
        "57"
      ], 
      [
        1632256022, 
        "259"
      ], 
      [
        1632256037, 
        "401"
      ], 
      [
        1632256052, 
        "1"
      ], 
      [
        1632256067, 
        "2"
      ], 
      [
        1632256082, 
        "1"
      ], 
      [
        1632256097, 
        "17"
      ], 
      [
        1632256112, 
        "35"
      ], 
      [
        1632256127, 
        "9"
      ], 
      [
        1632256142, 
        "5"
      ], 
      [
        1632256157, 
        "2"
      ], 
      [
        1632256172, 
        "3"
      ], 
      [
        1632256187, 
        "3"
      ]
    ]
  }, 
  "kvdb_bytes_read": {
    "metric": {
      "instance": "172.17.0.1:3033", 
      "job": "openethereum"
    }, 
    "values": [
      [
        1632255887, 
        "400235.3"
      ], 
      [
        1632255902, 
        "137944.1"
      ], 
      [
        1632255932, 
        "404413.3"
      ], 
      [
        1632255947, 
        "144112.7"
      ], 
      [
        1632255962, 
        "191175.6"
      ], 
      [
        1632255977, 
        "344169.72408"
      ], 
      [
        1632255992, 
        "1074233.5"
      ], 
      [
        1632256007, 
        "459255.6"
      ], 
      [
        1632256022, 
        "110791.5"
      ], 
      [
        1632256037, 
        "320398"
      ], 
      [
        1632256052, 
        "1113437.2"
      ], 
      [
        1632256067, 
        "1294426.5"
      ], 
      [
        1632256082, 
        "1313547.7"
      ], 
      [
        1632256097, 
        "1291788.6"
      ], 
      [
        1632256112, 
        "1302959.5"
      ], 
      [
        1632256127, 
        "350349.09975999995"
      ], 
      [
        1632256142, 
        "1013060.6059200001"
      ], 
      [
        1632256157, 
        "1177060.3"
      ], 
      [
        1632256172, 
        "1818298.1"
      ]
    ]
  }, 
  "tcp_sends": {
    "metric": {},