{
  "dir_read_c": {
    "metric": {
      "instance": "172.17.0.1:8000", 
      "hostname": "longz-chaosevm", 
      "pid": "26690", 
      "directory": "/data/eth-data", 
      "job": "syscall_monitoring", 
      "application_name": "geth", 
      "__name__": "dir_reads_total"
    }, 
    "values": [
      [
        1633132392, 
        "21970"
      ], 
      [
        1633132407, 
        "45844"
      ], 
      [
        1633132422, 
        "65796"
      ], 
      [
        1633132437, 
        "40331"
      ], 
      [
        1633132452, 
        "59412"
      ], 
      [
        1633132467, 
        "68734"
      ], 
      [
        1633132482, 
        "40703"
      ], 
      [
        1633132497, 
        "36114"
      ], 
      [
        1633132512, 
        "39207"
      ], 
      [
        1633132527, 
        "37841"
      ], 
      [
        1633132542, 
        "35633"
      ], 
      [
        1633132557, 
        "37004"
      ], 
      [
        1633132572, 
        "40673"
      ], 
      [
        1633132587, 
        "46895"
      ], 
      [
        1633132602, 
        "37168"
      ], 
      [
        1633132617, 
        "32224"
      ], 
      [
        1633132632, 
        "35183"
      ], 
      [
        1633132647, 
        "28969"
      ], 
      [
        1633132662, 
        "33532"
      ], 
      [
        1633132677, 
        "32115"
      ], 
      [
        1633132692, 
        "30073"
      ]
    ]
  }, 
  "stat": {
    "dir_read_c": {
      "max": 65796.0, 
      "mean": 40258.142857142855, 
      "variance": 130414187.74149661, 
      "pvalue": 1.8758173638083164e-14, 
      "min": 28969.0
    }, 
    "dir_reads": {
      "max": 866212864.0, 
      "mean": 475367131.4285714, 
      "variance": 2.7156483116382136e+16, 
      "pvalue": 1.2855850152325752e-14, 
      "min": 345904128.0
    }, 
    "tcp_conn": {
      "max": 74.0, 
      "mean": 68.57142857142857, 
      "variance": 16.72108843537415, 
      "pvalue": 2.214072573326418e-19, 
      "min": 62.0
    }, 
    "tcp_sends": {
      "max": 30021632.0, 
      "mean": 13545374.476190476, 
      "variance": 40741139210481.484, 
      "pvalue": 9.824873698221718e-18, 
      "min": 9128960.0
    }, 
    "dir_writes": {
      "max": 166912.0, 
      "mean": 478841.90476190473, 
      "variance": 3949739274397.898, 
      "pvalue": 1.4705948222880659e-08, 
      "min": 1024.0
    }, 
    "dir_write_c": {
      "max": 246.0, 
      "mean": 135.47619047619048, 
      "variance": 17473.297052154197, 
      "pvalue": 0.00014526320465811125, 
      "min": 13.0
    }, 
    "disk_write": {
      "max": 95327.05671320291, 
      "mean": 27664.63500932192, 
      "variance": 1096706182.3148694, 
      "pvalue": 0.5792830236287361, 
      "min": 2859.6213501634056
    }, 
    "disk_read": {
      "max": 37498464.74407414, 
      "mean": 30849308.67889787, 
      "variance": 14237691962660.23, 
      "pvalue": 2.623292677742091e-13, 
      "min": 25523048.074449252
    }, 
    "peer_stats": {
      "max": 36.05, 
      "mean": 33.0, 
      "variance": 3.05, 
      "pvalue": 1.2026467019345983e-18, 
      "min": 30.975
    }, 
    "tcp_recvs": {
      "max": 3291136.0, 
      "mean": 1517421.7142857143, 
      "variance": 960776662900.68, 
      "pvalue": 6.619224225499817e-07, 
      "min": 569344.0
    }
  }, 
  "dir_reads": {
    "metric": {
      "instance": "172.17.0.1:8000", 
      "hostname": "longz-chaosevm", 
      "pid": "26690", 
      "directory": "/data/eth-data", 
      "job": "syscall_monitoring", 
      "application_name": "geth"
    }, 
    "values": [
      [
        1633132392, 
        "253287424"
      ], 
      [
        1633132407, 
        "605603840"
      ], 
      [
        1633132422, 
        "866212864"
      ], 
      [
        1633132437, 
        "345904128"
      ], 
      [
        1633132452, 
        "763293696"
      ], 
      [
        1633132467, 
        "881213440"
      ], 
      [
        1633132482, 
        "437544960"
      ], 
      [
        1633132497, 
        "380713984"
      ], 
      [
        1633132512, 
        "427763712"
      ], 
      [
        1633132527, 
        "445899776"
      ], 
      [
        1633132542, 
        "406546432"
      ], 
      [
        1633132557, 
        "417533952"
      ], 
      [
        1633132572, 
        "464373760"
      ], 
      [
        1633132587, 
        "567207936"
      ], 
      [
        1633132602, 
        "416986112"
      ], 
      [
        1633132617, 
        "391419904"
      ], 
      [
        1633132632, 
        "410233856"
      ], 
      [
        1633132647, 
        "346686464"
      ], 
      [
        1633132662, 
        "403192832"
      ], 
      [
        1633132677, 
        "388115456"
      ], 
      [
        1633132692, 
        "362975232"
      ]
    ]
  }, 
  "tcp_conn": {
    "metric": {}, 
    "values": [
      [
        1633132392, 
        "67"
      ], 
      [
        1633132407, 
        "70"
      ], 
      [
        1633132422, 
        "74"
      ], 
      [
        1633132437, 
        "68"
      ], 
      [
        1633132452, 
        "68"
      ], 
      [
        1633132467, 
        "66"
      ], 
      [
        1633132482, 
        "75"
      ], 
      [
        1633132497, 
        "74"
      ], 
      [
        1633132512, 
        "67"
      ], 
      [
        1633132527, 
        "67"
      ], 
      [
        1633132542, 
        "58"
      ], 
      [
        1633132557, 
        "66"
      ], 
      [
        1633132572, 
        "65"
      ], 
      [
        1633132587, 
        "69"
      ], 
      [
        1633132602, 
        "62"
      ], 
      [
        1633132617, 
        "71"
      ], 
      [
        1633132632, 
        "69"
      ], 
      [
        1633132647, 
        "67"
      ], 
      [
        1633132662, 
        "70"
      ], 
      [
        1633132677, 
        "74"
      ], 
      [
        1633132692, 
        "73"
      ]
    ]
  }, 
  "tcp_sends": {
    "metric": {}, 
    "values": [
      [
        1633132392, 
        "9971712"
      ], 
      [
        1633132407, 
        "9128960"
      ], 
      [
        1633132422, 
        "30143488"
      ], 
      [
        1633132437, 
        "30021632"
      ], 
      [
        1633132452, 
        "11592704"
      ], 
      [
        1633132467, 
        "13449216"
      ], 
      [
        1633132482, 
        "14487552"
      ], 
      [
        1633132497, 
        "11525120"
      ], 
      [
        1633132512, 
        "12678144"
      ], 
      [
        1633132527, 
        "12096512"
      ], 
      [
        1633132542, 
        "14192640"
      ], 
      [
        1633132557, 
        "15525888"
      ], 
      [
        1633132572, 
        "13847552"
      ], 
      [
        1633132587, 
        "10868736"
      ], 
      [
        1633132602, 
        "12954624"
      ], 
      [
        1633132617, 
        "19511296"
      ], 
      [
        1633132632, 
        "11358208"
      ], 
      [
        1633132647, 
        "10375168"
      ], 
      [
        1633132662, 
        "11167744"
      ], 
      [
        1633132677, 
        "9410560"
      ], 
      [
        1633132692, 
        "145408"
      ]
    ]
  }, 
  "dir_writes": {
    "metric": {
      "instance": "172.17.0.1:8000", 
      "hostname": "longz-chaosevm", 
      "pid": "26690", 
      "directory": "/data/eth-data", 
      "job": "syscall_monitoring", 
      "application_name": "geth"
    },