{
  "dir_read_c": {
    "metric": {
      "instance": "172.17.0.1:8000", 
      "hostname": "longz-chaosevm", 
      "pid": "26690", 
      "directory": "/data/eth-data", 
      "job": "syscall_monitoring", 
      "application_name": "geth", 
      "__name__": "dir_reads_total"
    }, 
    "values": [
      [
        1633132092, 
        "23314"
      ], 
      [
        1633132107, 
        "23141"
      ], 
      [
        1633132122, 
        "23839"
      ], 
      [
        1633132137, 
        "24183"
      ], 
      [
        1633132152, 
        "21061"
      ], 
      [
        1633132167, 
        "27825"
      ], 
      [
        1633132182, 
        "26812"
      ], 
      [
        1633132197, 
        "26325"
      ], 
      [
        1633132212, 
        "24257"
      ], 
      [
        1633132227, 
        "22547"
      ], 
      [
        1633132242, 
        "24740"
      ], 
      [
        1633132257, 
        "23116"
      ], 
      [
        1633132272, 
        "20483"
      ], 
      [
        1633132287, 
        "20812"
      ], 
      [
        1633132302, 
        "21534"
      ], 
      [
        1633132317, 
        "23224"
      ], 
      [
        1633132332, 
        "25440"
      ], 
      [
        1633132347, 
        "24388"
      ], 
      [
        1633132362, 
        "22772"
      ], 
      [
        1633132377, 
        "21767"
      ], 
      [
        1633132392, 
        "21970"
      ]
    ]
  }, 
  "stat": {
    "dir_read_c": {
      "max": 26812.0, 
      "mean": 23502.380952380954, 
      "variance": 3724318.045351473, 
      "pvalue": 0.046030720618212034, 
      "min": 20812.0
    }, 
    "dir_reads": {
      "max": 318479360.0, 
      "mean": 269471305.14285713, 
      "variance": 586337504929806.0, 
      "pvalue": 0.5907671587744644, 
      "min": 238989312.0
    }, 
    "tcp_conn": {
      "max": 73.0, 
      "mean": 66.9047619047619, 
      "variance": 24.562358276643987, 
      "pvalue": 3.4269450207188173e-19, 
      "min": 60.0
    }, 
    "tcp_sends": {
      "max": 71926784.0, 
      "mean": 32620739.04761905, 
      "variance": 570257818367113.0, 
      "pvalue": 1.6526653304976648e-19, 
      "min": 11560960.0
    }, 
    "dir_writes": {
      "max": 53248.0, 
      "mean": 29159.619047619046, 
      "variance": 659865785.7596371, 
      "pvalue": 1.0507418151924978e-08, 
      "min": 9216.0
    }, 
    "dir_write_c": {
      "max": 188.0, 
      "mean": 100.9047619047619, 
      "variance": 5485.038548752833, 
      "pvalue": 1.6725908459200705e-05, 
      "min": 19.0
    }, 
    "disk_write": {
      "max": 7032.103223527578, 
      "mean": 6353.237012092546, 
      "variance": 461027617.975376, 
      "pvalue": 1.6304571423695265e-15, 
      "min": 914.3176944169261
    }, 
    "disk_read": {
      "max": 19278261.996036932, 
      "mean": 18223697.63793423, 
      "variance": 416236999868.98035, 
      "pvalue": 0.004553870162413518, 
      "min": 17353214.70629349
    }, 
    "peer_stats": {
      "max": 37.525, 
      "mean": 33.6, 
      "variance": 4.8149999999999995, 
      "pvalue": 1.2026467019345983e-18, 
      "min": 30.85
    }, 
    "tcp_recvs": {
      "max": 3813376.0, 
      "mean": 2303561.1428571427, 
      "variance": 12816548970607.459, 
      "pvalue": 0.0002905947998719688, 
      "min": 569344.0
    }
  }, 
  "dir_reads": {
    "metric": {
      "instance": "172.17.0.1:8000", 
      "hostname": "longz-chaosevm", 
      "pid": "26690", 
      "directory": "/data/eth-data", 
      "job": "syscall_monitoring", 
      "application_name": "geth"
    }, 
    "values": [
      [
        1633132092, 
        "257087488"
      ], 
      [
        1633132107, 
        "259860480"
      ], 
      [
        1633132122, 
        "301929472"
      ], 
      [
        1633132137, 
        "263639040"
      ], 
      [
        1633132152, 
        "231751680"
      ], 
      [
        1633132167, 
        "322263040"
      ], 
      [
        1633132182, 
        "291366912"
      ], 
      [
        1633132197, 
        "318479360"
      ], 
      [
        1633132212, 
        "285940736"
      ], 
      [
        1633132227, 
        "264406016"
      ], 
      [
        1633132242, 
        "290958336"
      ], 
      [
        1633132257, 
        "262006784"
      ], 
      [
        1633132272, 
        "239843328"
      ], 
      [
        1633132287, 
        "238989312"
      ], 
      [
        1633132302, 
        "251020288"
      ], 
      [
        1633132317, 
        "257855488"
      ], 
      [
        1633132332, 
        "282025984"
      ], 
      [
        1633132347, 
        "272611328"
      ], 
      [
        1633132362, 
        "261318656"
      ], 
      [
        1633132377, 
        "252256256"
      ], 
      [
        1633132392, 
        "253287424"
      ]
    ]
  }, 
  "tcp_conn": {
    "metric": {}, 
    "values": [
      [
        1633132092, 
        "67"
      ], 
      [
        1633132107, 
        "67"
      ], 
      [
        1633132122, 
        "72"
      ], 
      [
        1633132137, 
        "67"
      ], 
      [
        1633132152, 
        "62"
      ], 
      [
        1633132167, 
        "73"
      ], 
      [
        1633132182, 
        "73"
      ], 
      [
        1633132197, 
        "69"
      ], 
      [
        1633132212, 
        "60"
      ], 
      [
        1633132227, 
        "66"
      ], 
      [
        1633132242, 
        "68"
      ], 
      [
        1633132257, 
        "65"
      ], 
      [
        1633132272, 
        "67"
      ], 
      [
        1633132287, 
        "68"
      ], 
      [
        1633132302, 
        "64"
      ], 
      [
        1633132317, 
        "56"
      ], 
      [
        1633132332, 
        "78"
      ], 
      [
        1633132347, 
        "72"
      ], 
      [
        1633132362, 
        "64"
      ], 
      [
        1633132377, 
        "60"
      ], 
      [
        1633132392, 
        "67"
      ]
    ]
  }, 
  "tcp_sends": {
    "metric": {}, 
    "values": [
      [
        1633132092, 
        "19508224"
      ], 
      [
        1633132107, 
        "18046976"
      ], 
      [
        1633132122, 
        "102910976"
      ], 
      [
        1633132137, 
        "39616512"
      ], 
      [
        1633132152, 
        "68569088"
      ], 
      [
        1633132167, 
        "71926784"
      ], 
      [
        1633132182, 
        "27446272"
      ], 
      [
        1633132197, 
        "12450816"
      ], 
      [
        1633132212, 
        "20602880"
      ], 
      [
        1633132227, 
        "17862656"
      ], 
      [
        1633132242, 
        "12104704"
      ], 
      [
        1633132257, 
        "17124352"
      ], 
      [
        1633132272, 
        "21625856"
      ], 
      [
        1633132287, 
        "54610944"
      ], 
      [
        1633132302, 
        "44435456"
      ], 
      [
        1633132317, 
        "28872704"
      ], 
      [
        1633132332, 
        "46577664"
      ], 
      [
        1633132347, 
        "25040896"
      ], 
      [
        1633132362, 
        "14169088"
      ], 
      [
        1633132377, 
        "11560960"
      ], 
      [
        1633132392, 
        "9971712"
      ]
    ]
  }, 
  "dir_writes": {
    "metric": {
      "instance": "172.17.0.1:8000", 
      "hostname": "longz-chaosevm", 
      "pid": "26690", 
      "directory": "/data/eth-data", 
      "job": "syscall_monitoring", 
      "application_name": "geth"
    },