{
  "dir_read_c": {
    "metric": {
      "instance": "172.17.0.1:8000", 
      "hostname": "longz-chaosevm", 
      "pid": "26690", 
      "directory": "/data/eth-data", 
      "job": "syscall_monitoring", 
      "application_name": "geth", 
      "__name__": "dir_reads_total"
    }, 
    "values": [
      [
        1633133295, 
        "25577"
      ], 
      [
        1633133310, 
        "71792"
      ], 
      [
        1633133325, 
        "104810"
      ], 
      [
        1633133340, 
        "44040"
      ], 
      [
        1633133355, 
        "46024"
      ], 
      [
        1633133370, 
        "60677"
      ], 
      [
        1633133385, 
        "45542"
      ], 
      [
        1633133400, 
        "40848"
      ], 
      [
        1633133415, 
        "42225"
      ], 
      [
        1633133430, 
        "40337"
      ], 
      [
        1633133445, 
        "40378"
      ], 
      [
        1633133460, 
        "40049"
      ], 
      [
        1633133475, 
        "40178"
      ], 
      [
        1633133490, 
        "44098"
      ], 
      [
        1633133505, 
        "42238"
      ], 
      [
        1633133520, 
        "48285"
      ], 
      [
        1633133535, 
        "47081"
      ], 
      [
        1633133550, 
        "38871"
      ], 
      [
        1633133565, 
        "40892"
      ], 
      [
        1633133580, 
        "37794"
      ], 
      [
        1633133595, 
        "37065"
      ]
    ]
  }, 
  "stat": {
    "dir_read_c": {
      "max": 71792.0, 
      "mean": 46609.57142857143, 
      "variance": 246411081.19727883, 
      "pvalue": 3.18170808595306e-16, 
      "min": 37065.0
    }, 
    "dir_reads": {
      "max": 1008666624.0, 
      "mean": 551206131.8095238, 
      "variance": 6.497315170541317e+16, 
      "pvalue": 1.1915989628042434e-15, 
      "min": 386821120.0
    }, 
    "tcp_conn": {
      "max": 86.0, 
      "mean": 78.28571428571429, 
      "variance": 22.965986394557824, 
      "pvalue": 1.859065713198149e-14, 
      "min": 70.0
    }, 
    "tcp_sends": {
      "max": 241664.0, 
      "mean": 164278.85714285713, 
      "variance": 1953504221.170068, 
      "pvalue": 0.18583758703827824, 
      "min": 108544.0
    }, 
    "dir_writes": {
      "max": 251904.0, 
      "mean": 521216.0, 
      "variance": 4647258473228.19, 
      "pvalue": 1.2475010881002862e-05, 
      "min": 1024.0
    }, 
    "dir_write_c": {
      "max": 306.0, 
      "mean": 163.85714285714286, 
      "variance": 24815.07482993197, 
      "pvalue": 0.023684978584475668, 
      "min": 18.0
    }, 
    "disk_write": {
      "max": 127037.52975323677, 
      "mean": 36454.24140665232, 
      "variance": 1973403801.2956395, 
      "pvalue": 0.23498677890423786, 
      "min": 3321.061639095693
    }, 
    "disk_read": {
      "max": 42347438.325053774, 
      "mean": 35184880.183298185, 
      "variance": 14120932199385.479, 
      "pvalue": 1.4876171208912252e-16, 
      "min": 31685463.132050775
    }, 
    "peer_stats": {
      "max": 39.525, 
      "mean": 37.925, 
      "variance": 1.0068750000000002, 
      "pvalue": 1.2026467019345983e-18, 
      "min": 36.475
    }, 
    "tcp_recvs": {
      "max": 3388416.0, 
      "mean": 2161078.8571428573, 
      "variance": 1416364588387.2651, 
      "pvalue": 0.00197171762540573, 
      "min": 1186816.0
    }
  }, 
  "dir_reads": {
    "metric": {
      "instance": "172.17.0.1:8000", 
      "hostname": "longz-chaosevm", 
      "pid": "26690", 
      "directory": "/data/eth-data", 
      "job": "syscall_monitoring", 
      "application_name": "geth"
    }, 
    "values": [
      [
        1633133295, 
        "306100224"
      ], 
      [
        1633133310, 
        "1008666624"
      ], 
      [
        1633133325, 
        "1521872896"
      ], 
      [
        1633133340, 
        "386821120"
      ], 
      [
        1633133355, 
        "409751552"
      ], 
      [
        1633133370, 
        "665826304"
      ], 
      [
        1633133385, 
        "437334016"
      ], 
      [
        1633133400, 
        "426710016"
      ], 
      [
        1633133415, 
        "474253312"
      ], 
      [
        1633133430, 
        "455675904"
      ], 
      [
        1633133445, 
        "464249856"
      ], 
      [
        1633133460, 
        "472184832"
      ], 
      [
        1633133475, 
        "484163584"
      ], 
      [
        1633133490, 
        "534530048"
      ], 
      [
        1633133505, 
        "509743104"
      ], 
      [
        1633133520, 
        "582451200"
      ], 
      [
        1633133535, 
        "558476288"
      ], 
      [
        1633133550, 
        "473324544"
      ], 
      [
        1633133565, 
        "492404736"
      ], 
      [
        1633133580, 
        "456366080"
      ], 
      [
        1633133595, 
        "454422528"
      ]
    ]
  }, 
  "tcp_conn": {
    "metric": {}, 
    "values": [
      [
        1633133295, 
        "75"
      ], 
      [
        1633133310, 
        "74"
      ], 
      [
        1633133325, 
        "69"
      ], 
      [
        1633133340, 
        "86"
      ], 
      [
        1633133355, 
        "83"
      ], 
      [
        1633133370, 
        "80"
      ], 
      [
        1633133385, 
        "73"
      ], 
      [
        1633133400, 
        "78"
      ], 
      [
        1633133415, 
        "81"
      ], 
      [
        1633133430, 
        "77"
      ], 
      [
        1633133445, 
        "77"
      ], 
      [
        1633133460, 
        "78"
      ], 
      [
        1633133475, 
        "87"
      ], 
      [
        1633133490, 
        "75"
      ], 
      [
        1633133505, 
        "86"
      ], 
      [
        1633133520, 
        "70"
      ], 
      [
        1633133535, 
        "76"
      ], 
      [
        1633133550, 
        "79"
      ], 
      [
        1633133565, 
        "82"
      ], 
      [
        1633133580, 
        "81"
      ], 
      [
        1633133595, 
        "77"
      ]
    ]
  }, 
  "tcp_sends": {
    "metric": {}, 
    "values": [
      [
        1633133295, 
        "241664"
      ], 
      [
        1633133310, 
        "254976"
      ], 
      [
        1633133325, 
        "173056"
      ], 
      [
        1633133340, 
        "125952"
      ], 
      [
        1633133355, 
        "175104"
      ], 
      [
        1633133370, 
        "155648"
      ], 
      [
        1633133385, 
        "162816"
      ], 
      [
        1633133400, 
        "118784"
      ], 
      [
        1633133415, 
        "181248"
      ], 
      [
        1633133430, 
        "115712"
      ], 
      [
        1633133445, 
        "188416"
      ], 
      [
        1633133460, 
        "113664"
      ], 
      [
        1633133475, 
        "158720"
      ], 
      [
        1633133490, 
        "130048"
      ], 
      [
        1633133505, 
        "225280"
      ], 
      [
        1633133520, 
        "104448"
      ], 
      [
        1633133535, 
        "214016"
      ], 
      [
        1633133550, 
        "124928"
      ], 
      [
        1633133565, 
        "174080"
      ], 
      [
        1633133580, 
        "108544"
      ], 
      [
        1633133595, 
        "202752"
      ]
    ]
  }, 
  "dir_writes": {
    "metric": {
      "instance": "172.17.0.1:8000", 
      "hostname": "longz-chaosevm", 
      "pid": "26690", 
      "directory": "/data/eth-data", 
      "job": "syscall_monitoring", 
      "application_name": "geth"
    },