{
  "dir_read_c": {
    "metric": {
      "instance": "172.17.0.1:8000", 
      "hostname": "longz-chaosevm", 
      "pid": "26690", 
      "directory": "/data/eth-data", 
      "job": "syscall_monitoring", 
      "application_name": "geth", 
      "__name__": "dir_reads_total"
    }, 
    "values": [
      [
        1633132992, 
        "28387"
      ], 
      [
        1633133007, 
        "27059"
      ], 
      [
        1633133022, 
        "26009"
      ], 
      [
        1633133037, 
        "24567"
      ], 
      [
        1633133052, 
        "25483"
      ], 
      [
        1633133067, 
        "26642"
      ], 
      [
        1633133082, 
        "27382"
      ], 
      [
        1633133097, 
        "27829"
      ], 
      [
        1633133112, 
        "25595"
      ], 
      [
        1633133127, 
        "26841"
      ], 
      [
        1633133142, 
        "28507"
      ], 
      [
        1633133157, 
        "26761"
      ], 
      [
        1633133172, 
        "27817"
      ], 
      [
        1633133187, 
        "25678"
      ], 
      [
        1633133202, 
        "26439"
      ], 
      [
        1633133217, 
        "25785"
      ], 
      [
        1633133232, 
        "25599"
      ], 
      [
        1633133247, 
        "25895"
      ], 
      [
        1633133262, 
        "23949"
      ], 
      [
        1633133277, 
        "25426"
      ], 
      [
        1633133292, 
        "25577"
      ]
    ]
  }, 
  "stat": {
    "dir_read_c": {
      "max": 28387.0, 
      "mean": 26344.14285714286, 
      "variance": 1361273.5510204083, 
      "pvalue": 8.475383053217543e-10, 
      "min": 24567.0
    }, 
    "dir_reads": {
      "max": 335827968.0, 
      "mean": 313820696.38095236, 
      "variance": 213273257305420.06, 
      "pvalue": 7.31755418728454e-10, 
      "min": 295819264.0
    }, 
    "tcp_conn": {
      "max": 78.0, 
      "mean": 70.47619047619048, 
      "variance": 27.011337868480712, 
      "pvalue": 6.571901529200345e-19, 
      "min": 62.0
    }, 
    "tcp_sends": {
      "max": 249856.0, 
      "mean": 189976.38095238095, 
      "variance": 1561940738.9024944, 
      "pvalue": 0.019824394996608114, 
      "min": 134144.0
    }, 
    "dir_writes": {
      "max": 404480.0, 
      "mean": 218940.95238095237, 
      "variance": 7754231408.61678, 
      "pvalue": 0.0017766092791363453, 
      "min": 107520.0
    }, 
    "dir_write_c": {
      "max": 284.0, 
      "mean": 150.42857142857142, 
      "variance": 14501.482993197278, 
      "pvalue": 0.05135899545533947, 
      "min": 30.0
    }, 
    "disk_write": {
      "max": 14511.140025026456, 
      "mean": 12844.303147872548, 
      "variance": 2085489.69849751, 
      "pvalue": 0.00046319045477630216, 
      "min": 10567.517680384237
    }, 
    "disk_read": {
      "max": 22001314.368657965, 
      "mean": 21188062.201345865, 
      "variance": 419398882964.88635, 
      "pvalue": 1.5226416850770808e-08, 
      "min": 20100627.07898916
    }, 
    "peer_stats": {
      "max": 39.099999999999994, 
      "mean": 37.075, 
      "variance": 2.7818750000000008, 
      "pvalue": 1.2026467019345983e-18, 
      "min": 34.974999999999994
    }, 
    "tcp_recvs": {
      "max": 2023424.0, 
      "mean": 1399417.9047619049, 
      "variance": 142498330294.27664, 
      "pvalue": 8.023541980524253e-09, 
      "min": 912384.0
    }
  }, 
  "dir_reads": {
    "metric": {
      "instance": "172.17.0.1:8000", 
      "hostname": "longz-chaosevm", 
      "pid": "26690", 
      "directory": "/data/eth-data", 
      "job": "syscall_monitoring", 
      "application_name": "geth"
    }, 
    "values": [
      [
        1633132992, 
        "337092608"
      ], 
      [
        1633133007, 
        "324652032"
      ], 
      [
        1633133022, 
        "312829952"
      ], 
      [
        1633133037, 
        "305290240"
      ], 
      [
        1633133052, 
        "295819264"
      ], 
      [
        1633133067, 
        "313776128"
      ], 
      [
        1633133082, 
        "331646976"
      ], 
      [
        1633133097, 
        "331373568"
      ], 
      [
        1633133112, 
        "297660416"
      ], 
      [
        1633133127, 
        "322800640"
      ], 
      [
        1633133142, 
        "335827968"
      ], 
      [
        1633133157, 
        "323247104"
      ], 
      [
        1633133172, 
        "328966144"
      ], 
      [
        1633133187, 
        "307374080"
      ], 
      [
        1633133202, 
        "319332352"
      ], 
      [
        1633133217, 
        "300366848"
      ], 
      [
        1633133232, 
        "303744000"
      ], 
      [
        1633133247, 
        "307834880"
      ], 
      [
        1633133262, 
        "280603648"
      ], 
      [
        1633133277, 
        "303895552"
      ], 
      [
        1633133292, 
        "306100224"
      ]
    ]
  }, 
  "tcp_conn": {
    "metric": {}, 
    "values": [
      [
        1633132992, 
        "80"
      ], 
      [
        1633133007, 
        "78"
      ], 
      [
        1633133022, 
        "71"
      ], 
      [
        1633133037, 
        "70"
      ], 
      [
        1633133052, 
        "74"
      ], 
      [
        1633133067, 
        "70"
      ], 
      [
        1633133082, 
        "70"
      ], 
      [
        1633133097, 
        "73"
      ], 
      [
        1633133112, 
        "62"
      ], 
      [
        1633133127, 
        "64"
      ], 
      [
        1633133142, 
        "65"
      ], 
      [
        1633133157, 
        "77"
      ], 
      [
        1633133172, 
        "69"
      ], 
      [
        1633133187, 
        "74"
      ], 
      [
        1633133202, 
        "61"
      ], 
      [
        1633133217, 
        "62"
      ], 
      [
        1633133232, 
        "70"
      ], 
      [
        1633133247, 
        "69"
      ], 
      [
        1633133262, 
        "72"
      ], 
      [
        1633133277, 
        "74"
      ], 
      [
        1633133292, 
        "75"
      ]
    ]
  }, 
  "tcp_sends": {
    "metric": {}, 
    "values": [
      [
        1633132992, 
        "138240"
      ], 
      [
        1633133007, 
        "195584"
      ], 
      [
        1633133022, 
        "148480"
      ], 
      [
        1633133037, 
        "164864"
      ], 
      [
        1633133052, 
        "140288"
      ], 
      [
        1633133067, 
        "203776"
      ], 
      [
        1633133082, 
        "134144"
      ], 
      [
        1633133097, 
        "249856"
      ], 
      [
        1633133112, 
        "120832"
      ], 
      [
        1633133127, 
        "201728"
      ], 
      [
        1633133142, 
        "190464"
      ], 
      [
        1633133157, 
        "265216"
      ], 
      [
        1633133172, 
        "196608"
      ], 
      [
        1633133187, 
        "225280"
      ], 
      [
        1633133202, 
        "174080"
      ], 
      [
        1633133217, 
        "231424"
      ], 
      [
        1633133232, 
        "185344"
      ], 
      [
        1633133247, 
        "198656"
      ], 
      [
        1633133262, 
        "221184"
      ], 
      [
        1633133277, 
        "161792"
      ], 
      [
        1633133292, 
        "241664"
      ]
    ]
  }, 
  "dir_writes": {
    "metric": {
      "instance": "172.17.0.1:8000", 
      "hostname": "longz-chaosevm", 
      "pid": "26690", 
      "directory": "/data/eth-data", 
      "job": "syscall_monitoring", 
      "application_name": "geth"
    },