{
  "dir_read_c": {
    "metric": {
      "instance": "172.17.0.1:8000", 
      "hostname": "longz-experiment", 
      "pid": "22723", 
      "directory": "/data/blockchain/eth-data", 
      "job": "syscall_monitoring", 
      "application_name": "openethereum", 
      "__name__": "dir_reads_total"
    }, 
    "values": [
      [
        1632277644, 
        "300832"
      ], 
      [
        1632277659, 
        "301093"
      ], 
      [
        1632277674, 
        "299976"
      ], 
      [
        1632277689, 
        "301707"
      ], 
      [
        1632277704, 
        "302045"
      ], 
      [
        1632277719, 
        "304025"
      ], 
      [
        1632277734, 
        "301606"
      ], 
      [
        1632277749, 
        "303229"
      ], 
      [
        1632277764, 
        "300249"
      ], 
      [
        1632277779, 
        "304452"
      ], 
      [
        1632277794, 
        "301909"
      ], 
      [
        1632277809, 
        "300842"
      ], 
      [
        1632277824, 
        "127017"
      ], 
      [
        1632277839, 
        "127017"
      ], 
      [
        1632277854, 
        "127017"
      ], 
      [
        1632277869, 
        "127017"
      ], 
      [
        1632277884, 
        "0"
      ], 
      [
        1632277899, 
        "0"
      ], 
      [
        1632277914, 
        "0"
      ], 
      [
        1632277929, 
        "0"
      ], 
      [
        1632277944, 
        "58607"
      ]
    ]
  }, 
  "stat": {
    "dir_read_c": {
      "max": 304025.0, 
      "mean": 199459.04761904763, 
      "variance": 15511777788.616781, 
      "min": 0.0
    }, 
    "dir_reads": {
      "max": 6188747776.0, 
      "mean": 4055842620.952381, 
      "variance": 6.389881784346994e+18, 
      "min": 0.0
    }, 
    "tcp_conn": {
      "max": 495.0, 
      "mean": 90.14285714285714, 
      "variance": 22368.503401360547, 
      "min": 3.0
    }, 
    "kvdb_bytes_read": {
      "max": 1209773.1849999996, 
      "mean": 439519.7358266667, 
      "variance": 244567332460.36057, 
      "min": 0.0
    }, 
    "tcp_sends": {
      "max": 107520.0, 
      "mean": 36766.47619047619, 
      "variance": 1751112409.1065762, 
      "min": 15360.0
    }, 
    "dir_writes": {
      "max": 253952.0, 
      "mean": 48371.80952380953, 
      "variance": 9944285815.582766, 
      "min": 0.0
    }, 
    "kvdb_bytes_write": {
      "max": 0.029999999999999718, 
      "mean": 0.011111111111111112, 
      "variance": 0.002098765432098766, 
      "min": 0.0
    }, 
    "dir_write_c": {
      "max": 44045.0, 
      "mean": 8389.52380952381, 
      "variance": 299132466.4399093, 
      "min": 0.0
    }, 
    "peer_stats": {
      "max": 1.2999999999999972, 
      "mean": 0.6111111111111112, 
      "variance": 0.5709876543209876, 
      "min": 0.0
    }, 
    "tcp_recvs": {
      "max": 22528.0, 
      "mean": 6631.619047619048, 
      "variance": 308243300.4263038, 
      "min": 0.0
    }
  }, 
  "dir_reads": {
    "metric": {
      "instance": "172.17.0.1:8000", 
      "hostname": "longz-experiment", 
      "pid": "22723", 
      "directory": "/data/blockchain/eth-data", 
      "job": "syscall_monitoring", 
      "application_name": "openethereum"
    }, 
    "values": [
      [
        1632277644, 
        "6095831040"
      ], 
      [
        1632277659, 
        "6106756096"
      ], 
      [
        1632277674, 
        "6094672896"
      ], 
      [
        1632277689, 
        "6102296576"
      ], 
      [
        1632277704, 
        "6142553088"
      ], 
      [
        1632277719, 
        "6188747776"
      ], 
      [
        1632277734, 
        "6150435840"
      ], 
      [
        1632277749, 
        "6154756096"
      ], 
      [
        1632277764, 
        "6106861568"
      ], 
      [
        1632277779, 
        "6192586752"
      ], 
      [
        1632277794, 
        "6132177920"
      ], 
      [
        1632277809, 
        "6110527488"
      ], 
      [
        1632277824, 
        "2600762368"
      ], 
      [
        1632277839, 
        "2600762368"
      ], 
      [
        1632277854, 
        "2600762368"
      ], 
      [
        1632277869, 
        "2600762368"
      ], 
      [
        1632277884, 
        "0"
      ], 
      [
        1632277899, 
        "0"
      ], 
      [
        1632277914, 
        "0"
      ], 
      [
        1632277929, 
        "0"
      ], 
      [
        1632277944, 
        "1191442432"
      ]
    ]
  }, 
  "tcp_conn": {
    "metric": {}, 
    "values": [
      [
        1632277644, 
        "4"
      ], 
      [
        1632277659, 
        "4"
      ], 
      [
        1632277674, 
        "6"
      ], 
      [
        1632277689, 
        "12"
      ], 
      [
        1632277704, 
        "6"
      ], 
      [
        1632277719, 
        "3"
      ], 
      [
        1632277734, 
        "3"
      ], 
      [
        1632277749, 
        "6"
      ], 
      [
        1632277764, 
        "2"
      ], 
      [
        1632277779, 
        "3"
      ], 
      [
        1632277794, 
        "3"
      ], 
      [
        1632277809, 
        "3"
      ], 
      [
        1632277824, 
        "42"
      ], 
      [
        1632277839, 
        "47"
      ], 
      [
        1632277854, 
        "71"
      ], 
      [
        1632277869, 
        "116"
      ], 
      [
        1632277884, 
        "159"
      ], 
      [
        1632277899, 
        "181"
      ], 
      [
        1632277914, 
        "205"
      ], 
      [
        1632277929, 
        "522"
      ], 
      [
        1632277944, 
        "495"
      ]
    ]
  }, 
  "kvdb_bytes_read": {
    "metric": {
      "instance": "172.17.0.1:3033", 
      "job": "openethereum"
    }, 
    "values": [
      [
        1632277644, 
        "1157908.3"
      ], 
      [
        1632277704, 
        "657040.4023466668"
      ], 
      [
        1632277719, 
        "929012.5"
      ], 
      [
        1632277734, 
        "665241.0687466668"
      ], 
      [
        1632277749, 
        "816698.8641066666"
      ], 
      [
        1632277764, 
        "1139567.1"
      ], 
      [
        1632277779, 
        "723827.5490400001"
      ], 
      [
        1632277794, 
        "1503674.2"
      ], 
      [
        1632277809, 
        "152562.86064"
      ], 
      [
        1632277824, 
        "0"
      ], 
      [
        1632277839, 
        "0"
      ], 
      [
        1632277854, 
        "0"
      ], 
      [
        1632277869, 
        "0"
      ], 
      [
        1632277884, 
        "0"
      ], 
      [
        1632277899, 
        "0"
      ], 
      [
        1632277914, 
        "0"
      ], 
      [
        1632277929, 
        "0"
      ], 
      [
        1632277944, 
        "165822.4"
      ]
    ]
  }, 
  "tcp_sends": {
    "metric": {},