{
  "dir_read_c": {
    "metric": {
      "instance": "172.17.0.1:8000", 
      "hostname": "longz-experiment", 
      "pid": "5479", 
      "directory": "/data/blockchain/eth-data", 
      "job": "syscall_monitoring", 
      "application_name": "openethereum", 
      "__name__": "dir_reads_total"
    }, 
    "values": [
      [
        1633152243, 
        "41408"
      ], 
      [
        1633152258, 
        "128098"
      ], 
      [
        1633152273, 
        "207856"
      ], 
      [
        1633152288, 
        "201540"
      ], 
      [
        1633152303, 
        "186674"
      ], 
      [
        1633152318, 
        "171351"
      ], 
      [
        1633152333, 
        "43108"
      ], 
      [
        1633152348, 
        "37603"
      ], 
      [
        1633152363, 
        "66884"
      ], 
      [
        1633152378, 
        "21657"
      ], 
      [
        1633152393, 
        "14550"
      ], 
      [
        1633152408, 
        "20615"
      ], 
      [
        1633152423, 
        "28886"
      ], 
      [
        1633152438, 
        "32850"
      ], 
      [
        1633152453, 
        "72128"
      ], 
      [
        1633152468, 
        "35639"
      ], 
      [
        1633152483, 
        "30924"
      ], 
      [
        1633152498, 
        "73487"
      ], 
      [
        1633152513, 
        "41512"
      ], 
      [
        1633152528, 
        "66173"
      ], 
      [
        1633152543, 
        "84083"
      ]
    ]
  }, 
  "stat": {
    "dir_read_c": {
      "max": 201540.0, 
      "mean": 76525.04761904762, 
      "variance": 3806813424.61678, 
      "pvalue": 0.016081700107179214, 
      "min": 20615.0
    }, 
    "dir_reads": {
      "max": 3997627392.0, 
      "mean": 1502385590.857143, 
      "variance": 1.5260681600726474e+18, 
      "pvalue": 0.036193043661640514, 
      "min": 380426240.0
    }, 
    "tcp_conn": {
      "max": 280.0, 
      "mean": 95.80952380952381, 
      "variance": 15681.487528344675, 
      "pvalue": 2.2091911311020975e-05, 
      "min": 0.0
    }, 
    "kvdb_bytes_read": {
      "max": 758978.5599999996, 
      "mean": 255123.94539368566, 
      "variance": 81596553171.05975, 
      "pvalue": 0.610755747473257, 
      "min": 5705.90727636582
    }, 
    "tcp_sends": {
      "max": 410624.0, 
      "mean": 185392.7619047619, 
      "variance": 81230533936.18141, 
      "pvalue": 9.445731356584338e-05, 
      "min": 0.0
    }, 
    "dir_writes": {
      "max": 356965376.0, 
      "mean": 201474243.04761904, 
      "variance": 1.8049038611169464e+16, 
      "pvalue": 0.2648119515350148, 
      "min": 62889984.0
    }, 
    "kvdb_bytes_write": {
      "max": 594501.2099999996, 
      "mean": 131098.50854779535, 
      "variance": 53568935474.48991, 
      "pvalue": 0.04331563972609482, 
      "min": 0.0
    }, 
    "dir_write_c": {
      "max": 7505.0, 
      "mean": 3118.6190476190477, 
      "variance": 88597405.85487528, 
      "pvalue": 0.6577415900070059, 
      "min": 167.0
    }, 
    "peer_stats": {
      "max": 12.35, 
      "mean": 6.785714285714286, 
      "variance": 11.025510204081632, 
      "pvalue": 1.9807382435772293e-13, 
      "min": 3.65
    }, 
    "tcp_recvs": {
      "max": 17278976.0, 
      "mean": 4282660.571428572, 
      "variance": 64136400215896.836, 
      "pvalue": 0.006094557348660305, 
      "min": 0.0
    }
  }, 
  "dir_reads": {
    "metric": {
      "instance": "172.17.0.1:8000", 
      "hostname": "longz-experiment", 
      "pid": "5479", 
      "directory": "/data/blockchain/eth-data", 
      "job": "syscall_monitoring", 
      "application_name": "openethereum"
    }, 
    "values": [
      [
        1633152243, 
        "1122207744"
      ], 
      [
        1633152258, 
        "2570047488"
      ], 
      [
        1633152273, 
        "4098458624"
      ], 
      [
        1633152288, 
        "3997627392"
      ], 
      [
        1633152303, 
        "3705229312"
      ], 
      [
        1633152318, 
        "3436253184"
      ], 
      [
        1633152333, 
        "771182592"
      ], 
      [
        1633152348, 
        "695383040"
      ], 
      [
        1633152363, 
        "1275939840"
      ], 
      [
        1633152378, 
        "380426240"
      ], 
      [
        1633152393, 
        "300326912"
      ], 
      [
        1633152408, 
        "397201408"
      ], 
      [
        1633152423, 
        "523393024"
      ], 
      [
        1633152438, 
        "592294912"
      ], 
      [
        1633152453, 
        "1398136832"
      ], 
      [
        1633152468, 
        "643110912"
      ], 
      [
        1633152483, 
        "558589952"
      ], 
      [
        1633152498, 
        "1415942144"
      ], 
      [
        1633152513, 
        "769325056"
      ], 
      [
        1633152528, 
        "1268761600"
      ], 
      [
        1633152543, 
        "1630259200"
      ]
    ]
  }, 
  "tcp_conn": {
    "metric": {}, 
    "values": [
      [
        1633152243, 
        "0"
      ], 
      [
        1633152258, 
        "12"
      ], 
      [
        1633152273, 
        "1"
      ], 
      [
        1633152288, 
        "1"
      ], 
      [
        1633152303, 
        "6"
      ], 
      [
        1633152318, 
        "4"
      ], 
      [
        1633152333, 
        "0"
      ], 
      [
        1633152348, 
        "0"
      ], 
      [
        1633152363, 
        "38"
      ], 
      [
        1633152378, 
        "18"
      ], 
      [
        1633152393, 
        "31"
      ], 
      [
        1633152408, 
        "418"
      ], 
      [
        1633152423, 
        "249"
      ], 
      [
        1633152438, 
        "192"
      ], 
      [
        1633152453, 
        "228"
      ], 
      [
        1633152468, 
        "280"
      ], 
      [
        1633152483, 
        "225"
      ], 
      [
        1633152498, 
        "55"
      ], 
      [
        1633152513, 
        "248"
      ], 
      [
        1633152528, 
        "5"
      ], 
      [
        1633152543, 
        "1"
      ]
    ]
  }, 
  "kvdb_bytes_read": {
    "metric": {
      "instance": "172.17.0.1:3033", 
      "job": "openethereum"
    }, 
    "values": [
      [
        1633152243, 
        "60463.310719999994"
      ], 
      [
        1633152258, 
        "1011773.9"
      ], 
      [
        1633152273, 
        "594562.5963466667"
      ], 
      [
        1633152288, 
        "650637.7"
      ], 
      [
        1633152348, 
        "6658.753251951171"
      ], 
      [
        1633152363, 
        "140385.2"
      ], 
      [
        1633152378, 
        "3482.6"
      ], 
      [
        1633152393, 
        "121879.3"
      ], 
      [
        1633152408, 
        "442396.4"
      ], 
      [
        1633152423, 
        "125192"
      ], 
      [
        1633152438, 
        "106993.72058666666"
      ], 
      [
        1633152453, 
        "120053.1"
      ], 
      [
        1633152468, 
        "44686.3"
      ], 
      [
        1633152498, 
        "51961"
      ], 
      [
        1633152543, 
        "345733.3"
      ]
    ]
  }, 
  "tcp_sends": {
    "metric": {},