{
  "dir_read_c": {
    "metric": {
      "instance": "172.17.0.1:8000", 
      "hostname": "longz-experiment", 
      "pid": "5479", 
      "directory": "/data/blockchain/eth-data", 
      "job": "syscall_monitoring", 
      "application_name": "openethereum", 
      "__name__": "dir_reads_total"
    }, 
    "values": [
      [
        1633151943, 
        "49298"
      ], 
      [
        1633151958, 
        "76339"
      ], 
      [
        1633151973, 
        "69065"
      ], 
      [
        1633151988, 
        "23791"
      ], 
      [
        1633152003, 
        "30495"
      ], 
      [
        1633152018, 
        "36873"
      ], 
      [
        1633152033, 
        "17714"
      ], 
      [
        1633152048, 
        "16440"
      ], 
      [
        1633152063, 
        "16618"
      ], 
      [
        1633152078, 
        "16953"
      ], 
      [
        1633152093, 
        "31973"
      ], 
      [
        1633152108, 
        "39100"
      ], 
      [
        1633152123, 
        "44739"
      ], 
      [
        1633152138, 
        "17948"
      ], 
      [
        1633152153, 
        "25241"
      ], 
      [
        1633152168, 
        "32108"
      ], 
      [
        1633152183, 
        "22901"
      ], 
      [
        1633152198, 
        "24143"
      ], 
      [
        1633152213, 
        "32701"
      ], 
      [
        1633152228, 
        "42529"
      ], 
      [
        1633152243, 
        "41408"
      ]
    ]
  }, 
  "stat": {
    "dir_read_c": {
      "max": 69065.0, 
      "mean": 33732.23809523809, 
      "variance": 256134378.27664393, 
      "pvalue": 0.37494563707396683, 
      "min": 16618.0
    }, 
    "dir_reads": {
      "max": 1472441344.0, 
      "mean": 743562873.9047619, 
      "variance": 1.0856734802148205e+17, 
      "pvalue": 0.8544069439100979, 
      "min": 378853376.0
    }, 
    "tcp_conn": {
      "max": 364.0, 
      "mean": 177.8095238095238, 
      "variance": 18195.963718820858, 
      "pvalue": 3.0482204446240885e-08, 
      "min": 0.0
    }, 
    "kvdb_bytes_read": {
      "max": 570595.4949999998, 
      "mean": 197052.1527296292, 
      "variance": 38971602825.649506, 
      "pvalue": 0.6611708506236604, 
      "min": 21414.869997998805
    }, 
    "tcp_sends": {
      "max": 2726912.0, 
      "mean": 539355.4285714285, 
      "variance": 612304884520.0543, 
      "pvalue": 0.026198254719758972, 
      "min": 0.0
    }, 
    "dir_writes": {
      "max": 447179776.0, 
      "mean": 215245677.7142857, 
      "variance": 1.0831373042578832e+16, 
      "pvalue": 0.5230157049797648, 
      "min": 92457984.0
    }, 
    "kvdb_bytes_write": {
      "max": 1311773.6799999946, 
      "mean": 387891.0722222222, 
      "variance": 1124604602232.471, 
      "pvalue": 0.22121750215867597, 
      "min": 0.0
    }, 
    "dir_write_c": {
      "max": 4420.0, 
      "mean": 2885.2380952380954, 
      "variance": 71618937.13378686, 
      "pvalue": 0.4344408090549969, 
      "min": 146.0
    }, 
    "peer_stats": {
      "max": 23.4, 
      "mean": 16.823529411764707, 
      "variance": 13.20415224913495, 
      "pvalue": 6.590164294875217e-13, 
      "min": 13.0
    }, 
    "tcp_recvs": {
      "max": 6505472.0, 
      "mean": 3470140.9523809524, 
      "variance": 75750473278015.84, 
      "pvalue": 0.9388458838756559, 
      "min": 0.0
    }
  }, 
  "dir_reads": {
    "metric": {
      "instance": "172.17.0.1:8000", 
      "hostname": "longz-experiment", 
      "pid": "5479", 
      "directory": "/data/blockchain/eth-data", 
      "job": "syscall_monitoring", 
      "application_name": "openethereum"
    }, 
    "values": [
      [
        1633151943, 
        "1009863680"
      ], 
      [
        1633151958, 
        "1472441344"
      ], 
      [
        1633151973, 
        "1554844672"
      ], 
      [
        1633151988, 
        "527533056"
      ], 
      [
        1633152003, 
        "574035968"
      ], 
      [
        1633152018, 
        "747623424"
      ], 
      [
        1633152033, 
        "397635584"
      ], 
      [
        1633152048, 
        "380243968"
      ], 
      [
        1633152063, 
        "378853376"
      ], 
      [
        1633152078, 
        "371778560"
      ], 
      [
        1633152093, 
        "663373824"
      ], 
      [
        1633152108, 
        "820519936"
      ], 
      [
        1633152123, 
        "967602176"
      ], 
      [
        1633152138, 
        "532276224"
      ], 
      [
        1633152153, 
        "588233728"
      ], 
      [
        1633152168, 
        "729399296"
      ], 
      [
        1633152183, 
        "520461312"
      ], 
      [
        1633152198, 
        "529687552"
      ], 
      [
        1633152213, 
        "757641216"
      ], 
      [
        1633152228, 
        "968563712"
      ], 
      [
        1633152243, 
        "1122207744"
      ]
    ]
  }, 
  "tcp_conn": {
    "metric": {}, 
    "values": [
      [
        1633151943, 
        "42"
      ], 
      [
        1633151958, 
        "62"
      ], 
      [
        1633151973, 
        "32"
      ], 
      [
        1633151988, 
        "0"
      ], 
      [
        1633152003, 
        "0"
      ], 
      [
        1633152018, 
        "13"
      ], 
      [
        1633152033, 
        "286"
      ], 
      [
        1633152048, 
        "302"
      ], 
      [
        1633152063, 
        "340"
      ], 
      [
        1633152078, 
        "364"
      ], 
      [
        1633152093, 
        "283"
      ], 
      [
        1633152108, 
        "139"
      ], 
      [
        1633152123, 
        "281"
      ], 
      [
        1633152138, 
        "179"
      ], 
      [
        1633152153, 
        "146"
      ], 
      [
        1633152168, 
        "148"
      ], 
      [
        1633152183, 
        "303"
      ], 
      [
        1633152198, 
        "331"
      ], 
      [
        1633152213, 
        "394"
      ], 
      [
        1633152228, 
        "89"
      ], 
      [
        1633152243, 
        "0"
      ]
    ]
  }, 
  "kvdb_bytes_read": {
    "metric": {
      "instance": "172.17.0.1:3033", 
      "job": "openethereum"
    }, 
    "values": [
      [
        1633151943, 
        "489579.8"
      ], 
      [
        1633151958, 
        "466747.5"
      ], 
      [
        1633152003, 
        "2998.0333199919946"
      ], 
      [
        1633152018, 
        "48545.1"
      ], 
      [
        1633152033, 
        "60461"
      ], 
      [
        1633152048, 
        "50321"
      ], 
      [
        1633152063, 
        "24664.9"
      ], 
      [
        1633152078, 
        "209972.8"
      ], 
      [
        1633152093, 
        "125091.4"
      ], 
      [
        1633152108, 
        "553134.7"
      ], 
      [
        1633152123, 
        "90627.2"
      ], 
      [
        1633152138, 
        "123937.2"
      ], 
      [
        1633152153, 
        "210498.4"
      ], 
      [
        1633152168, 
        "669540"
      ], 
      [
        1633152183, 
        "99838.6"
      ], 
      [
        1633152198, 
        "176614"
      ], 
      [
        1633152213, 
        "83903.80509333334"
      ], 
      [
        1633152243, 
        "60463.310719999994"
      ]
    ]
  }, 
  "tcp_sends": {
    "metric": {},