{
  "dir_read_c": {
    "metric": {
      "instance": "172.17.0.1:8000", 
      "hostname": "longz-experiment", 
      "pid": "5479", 
      "directory": "/data/blockchain/eth-data", 
      "job": "syscall_monitoring", 
      "application_name": "openethereum", 
      "__name__": "dir_reads_total"
    }, 
    "values": [
      [
        1633153148, 
        "21728"
      ], 
      [
        1633153163, 
        "22821"
      ], 
      [
        1633153178, 
        "30675"
      ], 
      [
        1633153193, 
        "40565"
      ], 
      [
        1633153208, 
        "95810"
      ], 
      [
        1633153223, 
        "109170"
      ], 
      [
        1633153238, 
        "148701"
      ], 
      [
        1633153253, 
        "93747"
      ], 
      [
        1633153268, 
        "110177"
      ], 
      [
        1633153283, 
        "106598"
      ], 
      [
        1633153298, 
        "153009"
      ], 
      [
        1633153313, 
        "106318"
      ], 
      [
        1633153328, 
        "21376"
      ], 
      [
        1633153343, 
        "79022"
      ], 
      [
        1633153358, 
        "61315"
      ], 
      [
        1633153373, 
        "109592"
      ], 
      [
        1633153388, 
        "96728"
      ], 
      [
        1633153403, 
        "16535"
      ], 
      [
        1633153418, 
        "104108"
      ], 
      [
        1633153433, 
        "138860"
      ], 
      [
        1633153448, 
        "142008"
      ]
    ]
  }, 
  "stat": {
    "dir_read_c": {
      "max": 148701.0, 
      "mean": 86136.33333333333, 
      "variance": 1922569818.4126987, 
      "pvalue": 2.811224101004073e-07, 
      "min": 21376.0
    }, 
    "dir_reads": {
      "max": 3060985856.0, 
      "mean": 1778536643.047619, 
      "variance": 8.482508875568494e+17, 
      "pvalue": 2.713135110601802e-07, 
      "min": 384187392.0
    }, 
    "tcp_conn": {
      "max": 360.0, 
      "mean": 112.66666666666667, 
      "variance": 12584.603174603173, 
      "pvalue": 2.3578365401702013e-07, 
      "min": 4.0
    }, 
    "kvdb_bytes_read": {
      "max": 516045.055, 
      "mean": 285333.8929053333, 
      "variance": 28167517691.236717, 
      "pvalue": 0.012568455141056617, 
      "min": 38111.785
    }, 
    "tcp_sends": {
      "max": 348160.0, 
      "mean": 173689.90476190476, 
      "variance": 22176031853.133793, 
      "pvalue": 2.5906122243649518e-05, 
      "min": 28672.0
    }, 
    "dir_writes": {
      "max": 284859392.0, 
      "mean": 193774543.23809522, 
      "variance": 2057841766112072.5, 
      "pvalue": 0.8013048091262338, 
      "min": 134802432.0
    }, 
    "kvdb_bytes_write": {
      "max": 1003525.1330720012, 
      "mean": 291302.6587918095, 
      "variance": 302450724943.2554, 
      "pvalue": 0.2658985776152993, 
      "min": 0.0
    }, 
    "dir_write_c": {
      "max": 4060.0, 
      "mean": 2855.095238095238, 
      "variance": 86451637.41950114, 
      "pvalue": 0.31304491124847666, 
      "min": 136.0
    }, 
    "peer_stats": {
      "max": 23.299999999999997, 
      "mean": 17.2, 
      "variance": 18.426666666666666, 
      "pvalue": 1.0660188540246546e-11, 
      "min": 12.0
    }, 
    "tcp_recvs": {
      "max": 16188416.0, 
      "mean": 4740193.523809524, 
      "variance": 37446177574568.34, 
      "pvalue": 0.06461779322660814, 
      "min": 121856.0
    }
  }, 
  "dir_reads": {
    "metric": {
      "instance": "172.17.0.1:8000", 
      "hostname": "longz-experiment", 
      "pid": "5479", 
      "directory": "/data/blockchain/eth-data", 
      "job": "syscall_monitoring", 
      "application_name": "openethereum"
    }, 
    "values": [
      [
        1633153148, 
        "437737472"
      ], 
      [
        1633153163, 
        "455869440"
      ], 
      [
        1633153178, 
        "602395648"
      ], 
      [
        1633153193, 
        "958874624"
      ], 
      [
        1633153208, 
        "2096952320"
      ], 
      [
        1633153223, 
        "2166890496"
      ], 
      [
        1633153238, 
        "3288392704"
      ], 
      [
        1633153253, 
        "2070034432"
      ], 
      [
        1633153268, 
        "2164109312"
      ], 
      [
        1633153283, 
        "2103958528"
      ], 
      [
        1633153298, 
        "3060985856"
      ], 
      [
        1633153313, 
        "2088681472"
      ], 
      [
        1633153328, 
        "384187392"
      ], 
      [
        1633153343, 
        "1528709120"
      ], 
      [
        1633153358, 
        "1217357824"
      ], 
      [
        1633153373, 
        "2159539200"
      ], 
      [
        1633153388, 
        "2062978048"
      ], 
      [
        1633153403, 
        "368622592"
      ], 
      [
        1633153418, 
        "2160816128"
      ], 
      [
        1633153433, 
        "3004474368"
      ], 
      [
        1633153448, 
        "2967702528"
      ]
    ]
  }, 
  "tcp_conn": {
    "metric": {}, 
    "values": [
      [
        1633153148, 
        "360"
      ], 
      [
        1633153163, 
        "133"
      ], 
      [
        1633153178, 
        "100"
      ], 
      [
        1633153193, 
        "0"
      ], 
      [
        1633153208, 
        "6"
      ], 
      [
        1633153223, 
        "4"
      ], 
      [
        1633153238, 
        "11"
      ], 
      [
        1633153253, 
        "69"
      ], 
      [
        1633153268, 
        "48"
      ], 
      [
        1633153283, 
        "67"
      ], 
      [
        1633153298, 
        "6"
      ], 
      [
        1633153313, 
        "100"
      ], 
      [
        1633153328, 
        "412"
      ], 
      [
        1633153343, 
        "157"
      ], 
      [
        1633153358, 
        "151"
      ], 
      [
        1633153373, 
        "257"
      ], 
      [
        1633153388, 
        "196"
      ], 
      [
        1633153403, 
        "70"
      ], 
      [
        1633153418, 
        "141"
      ], 
      [
        1633153433, 
        "73"
      ], 
      [
        1633153448, 
        "5"
      ]
    ]
  }, 
  "kvdb_bytes_read": {
    "metric": {
      "instance": "172.17.0.1:3033", 
      "job": "openethereum"
    }, 
    "values": [
      [
        1633153148, 
        "84180.9"
      ], 
      [
        1633153163, 
        "68715.38632"
      ], 
      [
        1633153193, 
        "160973.99999999997"
      ], 
      [
        1633153208, 
        "181024.8325066667"
      ], 
      [
        1633153223, 
        "347137.3"
      ], 
      [
        1633153238, 
        "174007.9"
      ], 
      [
        1633153253, 
        "515936.9"
      ], 
      [
        1633153268, 
        "452195.0628000001"
      ], 
      [
        1633153283, 
        "146193.80384"
      ], 
      [
        1633153298, 
        "358480.2"
      ], 
      [
        1633153313, 
        "518100"
      ], 
      [
        1633153328, 
        "122534.17325333334"
      ], 
      [
        1633153343, 
        "38399.4"
      ], 
      [
        1633153358, 
        "484054"
      ], 
      [
        1633153373, 
        "451426.9"
      ], 
      [
        1633153388, 
        "32647.1"
      ], 
      [
        1633153403, 
        "442245.1"
      ], 
      [
        1633153418, 
        "315796.49938666663"
      ], 
      [
        1633153433, 
        "394794.6"
      ], 
      [
        1633153448, 
        "417833.8"
      ]
    ]
  }, 
  "tcp_sends": {
    "metric": {},