{
  "dir_read_c": {
    "metric": {
      "instance": "172.17.0.1:8000", 
      "hostname": "longz-experiment", 
      "pid": "5479", 
      "directory": "/data/blockchain/eth-data", 
      "job": "syscall_monitoring", 
      "application_name": "openethereum", 
      "__name__": "dir_reads_total"
    }, 
    "values": [
      [
        1633152844, 
        "168827"
      ], 
      [
        1633152859, 
        "192590"
      ], 
      [
        1633152874, 
        "201566"
      ], 
      [
        1633152889, 
        "196131"
      ], 
      [
        1633152904, 
        "178842"
      ], 
      [
        1633152919, 
        "126025"
      ], 
      [
        1633152934, 
        "205170"
      ], 
      [
        1633152949, 
        "186869"
      ], 
      [
        1633152964, 
        "212493"
      ], 
      [
        1633152979, 
        "41250"
      ], 
      [
        1633152994, 
        "25383"
      ], 
      [
        1633153009, 
        "22526"
      ], 
      [
        1633153024, 
        "21504"
      ], 
      [
        1633153039, 
        "23714"
      ], 
      [
        1633153054, 
        "22836"
      ], 
      [
        1633153069, 
        "17135"
      ], 
      [
        1633153084, 
        "39059"
      ], 
      [
        1633153099, 
        "34591"
      ], 
      [
        1633153114, 
        "35908"
      ], 
      [
        1633153129, 
        "27775"
      ], 
      [
        1633153144, 
        "21728"
      ]
    ]
  }, 
  "stat": {
    "dir_read_c": {
      "max": 205170.0, 
      "mean": 95329.61904761905, 
      "variance": 6372868726.426305, 
      "pvalue": 0.0006655109529477524, 
      "min": 21504.0
    }, 
    "dir_reads": {
      "max": 4376050688.0, 
      "mean": 1970782305.5238094, 
      "variance": 2.9112838246451523e+18, 
      "pvalue": 0.0006251284196767074, 
      "min": 394233856.0
    }, 
    "tcp_conn": {
      "max": 406.0, 
      "mean": 129.61904761904762, 
      "variance": 21816.2358276644, 
      "pvalue": 1.9607632207548902e-05, 
      "min": 2.0
    }, 
    "kvdb_bytes_read": {
      "max": 974126.08, 
      "mean": 331008.12310315785, 
      "variance": 113468566924.60666, 
      "pvalue": 0.21825598036107005, 
      "min": 44325.28
    }, 
    "tcp_sends": {
      "max": 508928.0, 
      "mean": 233862.09523809524, 
      "variance": 126011220320.94331, 
      "pvalue": 0.00031825581785991893, 
      "min": 19456.0
    }, 
    "dir_writes": {
      "max": 763741184.0, 
      "mean": 239382528.0, 
      "variance": 4.133284853806967e+16, 
      "pvalue": 0.8147787089927501, 
      "min": 29873152.0
    }, 
    "kvdb_bytes_write": {
      "max": 2655027.099999991, 
      "mean": 792441.6424084211, 
      "variance": 2131918616092.5872, 
      "pvalue": 0.5937391994610504, 
      "min": 0.0
    }, 
    "dir_write_c": {
      "max": 9453.0, 
      "mean": 3516.6190476190477, 
      "variance": 94612396.23582765, 
      "pvalue": 0.6411280072987258, 
      "min": 153.0
    }, 
    "peer_stats": {
      "max": 21.05, 
      "mean": 10.3, 
      "variance": 47.81, 
      "pvalue": 1.5982160397091828e-17, 
      "min": 3.0
    }, 
    "tcp_recvs": {
      "max": 24704000.0, 
      "mean": 7461449.142857143, 
      "variance": 91861404010119.86, 
      "pvalue": 0.007964488062294066, 
      "min": 92160.0
    }
  }, 
  "dir_reads": {
    "metric": {
      "instance": "172.17.0.1:8000", 
      "hostname": "longz-experiment", 
      "pid": "5479", 
      "directory": "/data/blockchain/eth-data", 
      "job": "syscall_monitoring", 
      "application_name": "openethereum"
    }, 
    "values": [
      [
        1633152844, 
        "3372943360"
      ], 
      [
        1633152859, 
        "3932492800"
      ], 
      [
        1633152874, 
        "4079817728"
      ], 
      [
        1633152889, 
        "4075736064"
      ], 
      [
        1633152904, 
        "3683074048"
      ], 
      [
        1633152919, 
        "2738402304"
      ], 
      [
        1633152934, 
        "4376050688"
      ], 
      [
        1633152949, 
        "3970743296"
      ], 
      [
        1633152964, 
        "4788710400"
      ], 
      [
        1633152979, 
        "866719744"
      ], 
      [
        1633152994, 
        "468230144"
      ], 
      [
        1633153009, 
        "401318912"
      ], 
      [
        1633153024, 
        "394233856"
      ], 
      [
        1633153039, 
        "439584768"
      ], 
      [
        1633153054, 
        "411175936"
      ], 
      [
        1633153069, 
        "343130112"
      ], 
      [
        1633153084, 
        "784828416"
      ], 
      [
        1633153099, 
        "639287296"
      ], 
      [
        1633153114, 
        "656445440"
      ], 
      [
        1633153129, 
        "525765632"
      ], 
      [
        1633153144, 
        "437737472"
      ]
    ]
  }, 
  "tcp_conn": {
    "metric": {}, 
    "values": [
      [
        1633152844, 
        "3"
      ], 
      [
        1633152859, 
        "4"
      ], 
      [
        1633152874, 
        "10"
      ], 
      [
        1633152889, 
        "2"
      ], 
      [
        1633152904, 
        "3"
      ], 
      [
        1633152919, 
        "3"
      ], 
      [
        1633152934, 
        "24"
      ], 
      [
        1633152949, 
        "6"
      ], 
      [
        1633152964, 
        "2"
      ], 
      [
        1633152979, 
        "69"
      ], 
      [
        1633152994, 
        "115"
      ], 
      [
        1633153009, 
        "516"
      ], 
      [
        1633153024, 
        "151"
      ], 
      [
        1633153039, 
        "144"
      ], 
      [
        1633153054, 
        "250"
      ], 
      [
        1633153069, 
        "260"
      ], 
      [
        1633153084, 
        "195"
      ], 
      [
        1633153099, 
        "94"
      ], 
      [
        1633153114, 
        "105"
      ], 
      [
        1633153129, 
        "406"
      ], 
      [
        1633153144, 
        "360"
      ]
    ]
  }, 
  "kvdb_bytes_read": {
    "metric": {
      "instance": "172.17.0.1:3033", 
      "job": "openethereum"
    }, 
    "values": [
      [
        1633152859, 
        "972913.1"
      ], 
      [
        1633152874, 
        "985042.9"
      ], 
      [
        1633152889, 
        "938877.8"
      ], 
      [
        1633152919, 
        "310237.53896"
      ], 
      [
        1633152934, 
        "606355.3"
      ], 
      [
        1633152949, 
        "762955.9"
      ], 
      [
        1633152964, 
        "362679.8"
      ], 
      [
        1633152979, 
        "48970.1"
      ], 
      [
        1633152994, 
        "93349.1"
      ], 
      [
        1633153009, 
        "405616.1"
      ], 
      [
        1633153024, 
        "106661.5"
      ], 
      [
        1633153039, 
        "42773.5"
      ], 
      [
        1633153054, 
        "44497.7"
      ], 
      [
        1633153069, 
        "124682.8"
      ], 
      [
        1633153084, 
        "165188.3"
      ], 
      [
        1633153099, 
        "116226.4"
      ], 
      [
        1633153114, 
        "55064.7"
      ], 
      [
        1633153129, 
        "54289.2"
      ], 
      [
        1633153144, 
        "92772.6"
      ]
    ]
  }, 
  "tcp_sends": {
    "metric": {},