{
  "dir_read_c": {
    "metric": {
      "instance": "172.17.0.1:8000", 
      "hostname": "longz-experiment", 
      "pid": "29707", 
      "directory": "/data/blockchain/eth-data", 
      "job": "syscall_monitoring", 
      "application_name": "openethereum", 
      "__name__": "dir_reads_total"
    }, 
    "values": [
      [
        1633130444, 
        "91398"
      ], 
      [
        1633130459, 
        "146365"
      ], 
      [
        1633130474, 
        "77697"
      ], 
      [
        1633130489, 
        "170244"
      ], 
      [
        1633130504, 
        "201338"
      ], 
      [
        1633130519, 
        "206307"
      ], 
      [
        1633130534, 
        "219343"
      ], 
      [
        1633130549, 
        "70900"
      ], 
      [
        1633130564, 
        "62234"
      ], 
      [
        1633130579, 
        "182945"
      ], 
      [
        1633130594, 
        "182880"
      ], 
      [
        1633130609, 
        "144840"
      ], 
      [
        1633130624, 
        "190470"
      ], 
      [
        1633130639, 
        "195279"
      ], 
      [
        1633130654, 
        "143625"
      ], 
      [
        1633130669, 
        "201562"
      ], 
      [
        1633130684, 
        "189523"
      ], 
      [
        1633130699, 
        "237217"
      ], 
      [
        1633130714, 
        "149537"
      ], 
      [
        1633130729, 
        "52527"
      ], 
      [
        1633130744, 
        "120875"
      ]
    ]
  }, 
  "stat": {
    "dir_read_c": {
      "max": 219343.0, 
      "mean": 154147.90476190476, 
      "variance": 2923645955.0385485, 
      "pvalue": 2.0899328934789687e-12, 
      "min": 62234.0
    }, 
    "dir_reads": {
      "max": 4355119104.0, 
      "mean": 3114986934.857143, 
      "variance": 1.1675796994375406e+18, 
      "pvalue": 7.370410929203251e-13, 
      "min": 1198641152.0
    }, 
    "tcp_conn": {
      "max": 165.0, 
      "mean": 53.19047619047619, 
      "variance": 7083.5827664399085, 
      "pvalue": 6.909270412722857e-07, 
      "min": 1.0
    }, 
    "kvdb_bytes_read": {
      "max": 1041591.6, 
      "mean": 640082.0837790477, 
      "variance": 84240563435.69807, 
      "pvalue": 2.959593574723291e-10, 
      "min": 179748.46400000004
    }, 
    "tcp_sends": {
      "max": 370688.0, 
      "mean": 106739.80952380953, 
      "variance": 35560298444.9161, 
      "pvalue": 1.5621020806048946e-06, 
      "min": 14336.0
    }, 
    "dir_writes": {
      "max": 623267840.0, 
      "mean": 275840633.9047619, 
      "variance": 3.1989245557577004e+16, 
      "pvalue": 0.002583207124850407, 
      "min": 38099968.0
    }, 
    "kvdb_bytes_write": {
      "max": 4916766.5, 
      "mean": 1247613.027752381, 
      "variance": 3080002591480.7134, 
      "pvalue": 0.009322899853963906, 
      "min": 0.0
    }, 
    "dir_write_c": {
      "max": 10501.0, 
      "mean": 3905.3333333333335, 
      "variance": 81065976.12698409, 
      "pvalue": 0.001393828589790874, 
      "min": 196.0
    }, 
    "peer_stats": {
      "max": 20.599999999999994, 
      "mean": 13.055555555555555, 
      "variance": 53.71913580246913, 
      "pvalue": 1.3829500754894261e-14, 
      "min": 1.0
    }, 
    "tcp_recvs": {
      "max": 1960960.0, 
      "mean": 1103774.4761904762, 
      "variance": 402187606745.10657, 
      "pvalue": 0.15475270647273096, 
      "min": 151552.0
    }
  }, 
  "dir_reads": {
    "metric": {
      "instance": "172.17.0.1:8000", 
      "hostname": "longz-experiment", 
      "pid": "29707", 
      "directory": "/data/blockchain/eth-data", 
      "job": "syscall_monitoring", 
      "application_name": "openethereum"
    }, 
    "values": [
      [
        1633130444, 
        "2065810432"
      ], 
      [
        1633130459, 
        "3092248576"
      ], 
      [
        1633130474, 
        "1745249280"
      ], 
      [
        1633130489, 
        "3375295488"
      ], 
      [
        1633130504, 
        "4015362048"
      ], 
      [
        1633130519, 
        "4001966080"
      ], 
      [
        1633130534, 
        "4355119104"
      ], 
      [
        1633130549, 
        "1300873216"
      ], 
      [
        1633130564, 
        "1198641152"
      ], 
      [
        1633130579, 
        "3644508160"
      ], 
      [
        1633130594, 
        "3643146240"
      ], 
      [
        1633130609, 
        "2956559360"
      ], 
      [
        1633130624, 
        "3858528256"
      ], 
      [
        1633130639, 
        "3982861312"
      ], 
      [
        1633130654, 
        "2829797376"
      ], 
      [
        1633130669, 
        "4135645184"
      ], 
      [
        1633130684, 
        "3920177152"
      ], 
      [
        1633130699, 
        "4823988224"
      ], 
      [
        1633130714, 
        "3038977024"
      ], 
      [
        1633130729, 
        "1056640000"
      ], 
      [
        1633130744, 
        "2373331968"
      ]
    ]
  }, 
  "tcp_conn": {
    "metric": {}, 
    "values": [
      [
        1633130444, 
        "2"
      ], 
      [
        1633130459, 
        "2"
      ], 
      [
        1633130474, 
        "12"
      ], 
      [
        1633130489, 
        "146"
      ], 
      [
        1633130504, 
        "34"
      ], 
      [
        1633130519, 
        "29"
      ], 
      [
        1633130534, 
        "7"
      ], 
      [
        1633130549, 
        "112"
      ], 
      [
        1633130564, 
        "361"
      ], 
      [
        1633130579, 
        "1"
      ], 
      [
        1633130594, 
        "31"
      ], 
      [
        1633130609, 
        "1"
      ], 
      [
        1633130624, 
        "15"
      ], 
      [
        1633130639, 
        "10"
      ], 
      [
        1633130654, 
        "18"
      ], 
      [
        1633130669, 
        "7"
      ], 
      [
        1633130684, 
        "12"
      ], 
      [
        1633130699, 
        "30"
      ], 
      [
        1633130714, 
        "14"
      ], 
      [
        1633130729, 
        "165"
      ], 
      [
        1633130744, 
        "108"
      ]
    ]
  }, 
  "kvdb_bytes_read": {
    "metric": {
      "instance": "172.17.0.1:3033", 
      "job": "openethereum"
    }, 
    "values": [
      [
        1633130444, 
        "179748.46400000004"
      ], 
      [
        1633130459, 
        "342543"
      ], 
      [
        1633130474, 
        "610173.8"
      ], 
      [
        1633130489, 
        "998083.6"
      ], 
      [
        1633130504, 
        "996126"
      ], 
      [
        1633130519, 
        "1041591.6"
      ], 
      [
        1633130534, 
        "249190.9"
      ], 
      [
        1633130549, 
        "451687"
      ], 
      [
        1633130564, 
        "1015670.7"
      ], 
      [
        1633130579, 
        "1111587"
      ], 
      [
        1633130594, 
        "673617.0387733334"
      ], 
      [
        1633130609, 
        "418009.8139733334"
      ], 
      [
        1633130624, 
        "759187"
      ], 
      [
        1633130639, 
        "599305.2"
      ], 
      [
        1633130654, 
        "438866.74261333334"
      ], 
      [
        1633130669, 
        "768401.4"
      ], 
      [
        1633130684, 
        "885244.1"
      ], 
      [
        1633130699, 
        "758779"
      ], 
      [
        1633130714, 
        "480939.5"
      ], 
      [
        1633130729, 
        "123302.8"
      ], 
      [
        1633130744, 
        "539669.1"
      ]
    ]
  }, 
  "tcp_sends": {
    "metric": {},