{
  "dir_read_c": {
    "metric": {
      "instance": "172.17.0.1:8000", 
      "hostname": "longz-experiment", 
      "pid": "29707", 
      "directory": "/data/blockchain/eth-data", 
      "job": "syscall_monitoring", 
      "application_name": "openethereum", 
      "__name__": "dir_reads_total"
    }, 
    "values": [
      [
        1633130144, 
        "27013"
      ], 
      [
        1633130159, 
        "50443"
      ], 
      [
        1633130174, 
        "35139"
      ], 
      [
        1633130189, 
        "22792"
      ], 
      [
        1633130204, 
        "72008"
      ], 
      [
        1633130219, 
        "38136"
      ], 
      [
        1633130234, 
        "40972"
      ], 
      [
        1633130249, 
        "53601"
      ], 
      [
        1633130264, 
        "39818"
      ], 
      [
        1633130279, 
        "28886"
      ], 
      [
        1633130294, 
        "31058"
      ], 
      [
        1633130309, 
        "67070"
      ], 
      [
        1633130324, 
        "87340"
      ], 
      [
        1633130339, 
        "86767"
      ], 
      [
        1633130354, 
        "57407"
      ], 
      [
        1633130369, 
        "61965"
      ], 
      [
        1633130384, 
        "100778"
      ], 
      [
        1633130399, 
        "116728"
      ], 
      [
        1633130414, 
        "58022"
      ], 
      [
        1633130429, 
        "57410"
      ], 
      [
        1633130444, 
        "91398"
      ]
    ]
  }, 
  "stat": {
    "dir_read_c": {
      "max": 100778.0, 
      "mean": 58321.47619047619, 
      "variance": 655379650.7256235, 
      "pvalue": 0.005000936942553573, 
      "min": 27013.0
    }, 
    "dir_reads": {
      "max": 2098104320.0, 
      "mean": 1249995678.4761906, 
      "variance": 2.717030327571515e+17, 
      "pvalue": 8.735876886800397e-05, 
      "min": 604555264.0
    }, 
    "tcp_conn": {
      "max": 46.0, 
      "mean": 33.0, 
      "variance": 219.23809523809524, 
      "pvalue": 0.025267025157633058, 
      "min": 8.0
    }, 
    "kvdb_bytes_read": {
      "max": 441887.52999999997, 
      "mean": 239632.58231578945, 
      "variance": 15116883816.967398, 
      "pvalue": 0.0029839123724445817, 
      "min": 56359.97
    }, 
    "tcp_sends": {
      "max": 825344.0, 
      "mean": 209091.04761904763, 
      "variance": 91954584615.4739, 
      "pvalue": 0.00021828219972425112, 
      "min": 14336.0
    }, 
    "dir_writes": {
      "max": 263568384.0, 
      "mean": 204366750.47619048, 
      "variance": 1321689987793527.5, 
      "pvalue": 0.29251405570310013, 
      "min": 157360128.0
    }, 
    "kvdb_bytes_write": {
      "max": 759971.3099999994, 
      "mean": 298479.05789473676, 
      "variance": 87624251817.33507, 
      "pvalue": 0.9326663552667486, 
      "min": 0.0
    }, 
    "dir_write_c": {
      "max": 2308.0, 
      "mean": 2676.4761904761904, 
      "variance": 88307425.10657598, 
      "pvalue": 0.4531654529286388, 
      "min": 168.0
    }, 
    "peer_stats": {
      "max": 32.05, 
      "mean": 28.75, 
      "variance": 9.3875, 
      "pvalue": 0.0002803326960675892, 
      "min": 22.95
    }, 
    "tcp_recvs": {
      "max": 2794496.0, 
      "mean": 1520688.761904762, 
      "variance": 563634913242.848, 
      "pvalue": 0.2837473804116173, 
      "min": 538624.0
    }
  }, 
  "dir_reads": {
    "metric": {
      "instance": "172.17.0.1:8000", 
      "hostname": "longz-experiment", 
      "pid": "29707", 
      "directory": "/data/blockchain/eth-data", 
      "job": "syscall_monitoring", 
      "application_name": "openethereum"
    }, 
    "values": [
      [
        1633130144, 
        "604555264"
      ], 
      [
        1633130159, 
        "1109700608"
      ], 
      [
        1633130174, 
        "662126592"
      ], 
      [
        1633130189, 
        "591215616"
      ], 
      [
        1633130204, 
        "1532232704"
      ], 
      [
        1633130219, 
        "890521600"
      ], 
      [
        1633130234, 
        "896887808"
      ], 
      [
        1633130249, 
        "1202601984"
      ], 
      [
        1633130264, 
        "990765056"
      ], 
      [
        1633130279, 
        "659586048"
      ], 
      [
        1633130294, 
        "631912448"
      ], 
      [
        1633130309, 
        "1466578944"
      ], 
      [
        1633130324, 
        "1862899712"
      ], 
      [
        1633130339, 
        "1812114432"
      ], 
      [
        1633130354, 
        "1187422208"
      ], 
      [
        1633130369, 
        "1364305920"
      ], 
      [
        1633130384, 
        "2098104320"
      ], 
      [
        1633130399, 
        "2341450752"
      ], 
      [
        1633130414, 
        "1150881792"
      ], 
      [
        1633130429, 
        "1128235008"
      ], 
      [
        1633130444, 
        "2065810432"
      ]
    ]
  }, 
  "tcp_conn": {
    "metric": {}, 
    "values": [
      [
        1633130144, 
        "41"
      ], 
      [
        1633130159, 
        "38"
      ], 
      [
        1633130174, 
        "41"
      ], 
      [
        1633130189, 
        "27"
      ], 
      [
        1633130204, 
        "41"
      ], 
      [
        1633130219, 
        "37"
      ], 
      [
        1633130234, 
        "36"
      ], 
      [
        1633130249, 
        "46"
      ], 
      [
        1633130264, 
        "46"
      ], 
      [
        1633130279, 
        "29"
      ], 
      [
        1633130294, 
        "46"
      ], 
      [
        1633130309, 
        "36"
      ], 
      [
        1633130324, 
        "43"
      ], 
      [
        1633130339, 
        "27"
      ], 
      [
        1633130354, 
        "19"
      ], 
      [
        1633130369, 
        "32"
      ], 
      [
        1633130384, 
        "14"
      ], 
      [
        1633130399, 
        "8"
      ], 
      [
        1633130414, 
        "68"
      ], 
      [
        1633130429, 
        "16"
      ], 
      [
        1633130444, 
        "2"
      ]
    ]
  }, 
  "kvdb_bytes_read": {
    "metric": {
      "instance": "172.17.0.1:3033", 
      "job": "openethereum"
    }, 
    "values": [
      [
        1633130144, 
        "48212"
      ], 
      [
        1633130159, 
        "137952.8"
      ], 
      [
        1633130174, 
        "57265.3"
      ], 
      [
        1633130189, 
        "442609.6"
      ], 
      [
        1633130204, 
        "333352.9"
      ], 
      [
        1633130219, 
        "135961.8"
      ], 
      [
        1633130234, 
        "356714.1"
      ], 
      [
        1633130249, 
        "204921.5"
      ], 
      [
        1633130264, 
        "137491.8"
      ], 
      [
        1633130279, 
        "244779.8"
      ], 
      [
        1633130294, 
        "232031.3"
      ], 
      [
        1633130309, 
        "441807.3"
      ], 
      [
        1633130324, 
        "303847.7"
      ], 
      [
        1633130339, 
        "103303.3"
      ], 
      [
        1633130354, 
        "353261.6"
      ], 
      [
        1633130369, 
        "275848.4"
      ], 
      [
        1633130399, 
        "415831.8"
      ], 
      [
        1633130414, 
        "148077.6"
      ], 
      [
        1633130444, 
        "179748.46400000004"
      ]
    ]
  }, 
  "tcp_sends": {
    "metric": {},