{
  "dir_read_c": {
    "metric": {
      "instance": "172.17.0.1:8000", 
      "hostname": "longz-experiment", 
      "pid": "29707", 
      "directory": "/data/blockchain/eth-data", 
      "job": "syscall_monitoring", 
      "application_name": "openethereum", 
      "__name__": "dir_reads_total"
    }, 
    "values": [
      [
        1633131045, 
        "43645"
      ], 
      [
        1633131060, 
        "149818"
      ], 
      [
        1633131075, 
        "32310"
      ], 
      [
        1633131090, 
        "124478"
      ], 
      [
        1633131105, 
        "159616"
      ], 
      [
        1633131120, 
        "170543"
      ], 
      [
        1633131135, 
        "152184"
      ], 
      [
        1633131150, 
        "85900"
      ], 
      [
        1633131165, 
        "122864"
      ], 
      [
        1633131180, 
        "183863"
      ], 
      [
        1633131195, 
        "142409"
      ], 
      [
        1633131210, 
        "144862"
      ], 
      [
        1633131225, 
        "179626"
      ], 
      [
        1633131240, 
        "38130"
      ], 
      [
        1633131255, 
        "161365"
      ], 
      [
        1633131270, 
        "183547"
      ], 
      [
        1633131285, 
        "188366"
      ], 
      [
        1633131300, 
        "160499"
      ], 
      [
        1633131315, 
        "212176"
      ], 
      [
        1633131330, 
        "250303"
      ], 
      [
        1633131345, 
        "172198"
      ]
    ]
  }, 
  "stat": {
    "dir_read_c": {
      "max": 212176.0, 
      "mean": 145652.47619047618, 
      "variance": 2983837876.7256236, 
      "pvalue": 5.816676757750602e-13, 
      "min": 38130.0
    }, 
    "dir_reads": {
      "max": 4237791232.0, 
      "mean": 2848684227.047619, 
      "variance": 1.211571014105238e+18, 
      "pvalue": 1.125259095806366e-12, 
      "min": 729295872.0
    }, 
    "tcp_conn": {
      "max": 463.0, 
      "mean": 90.66666666666667, 
      "variance": 18005.174603174597, 
      "pvalue": 0.0027788564189116485, 
      "min": 2.0
    }, 
    "kvdb_bytes_read": {
      "max": 1032280.625, 
      "mean": 483541.0231653334, 
      "variance": 118372440236.81485, 
      "pvalue": 2.151258363698649e-05, 
      "min": 13474.505129333333
    }, 
    "tcp_sends": {
      "max": 245760.0, 
      "mean": 73581.71428571429, 
      "variance": 6949490938.77551, 
      "pvalue": 7.537738802707432e-07, 
      "min": 14336.0
    }, 
    "dir_writes": {
      "max": 359777280.0, 
      "mean": 170928323.04761904, 
      "variance": 9671893700225110.0, 
      "pvalue": 0.3378011167262332, 
      "min": 8350720.0
    }, 
    "kvdb_bytes_write": {
      "max": 998348.8123013334, 
      "mean": 312875.65123333334, 
      "variance": 133606252835.23569, 
      "pvalue": 0.9159668990841137, 
      "min": 0.0
    }, 
    "dir_write_c": {
      "max": 10743.0, 
      "mean": 2471.1428571428573, 
      "variance": 53774034.12244896, 
      "pvalue": 0.7335460281713035, 
      "min": 169.0
    }, 
    "peer_stats": {
      "max": 10.5, 
      "mean": 6.0625, 
      "variance": 9.18359375, 
      "pvalue": 3.5517678645213883e-15, 
      "min": 2.75
    }, 
    "tcp_recvs": {
      "max": 3645440.0, 
      "mean": 1224899.0476190476, 
      "variance": 8556658443986.137, 
      "pvalue": 9.168998527379248e-06, 
      "min": 52224.0
    }
  }, 
  "dir_reads": {
    "metric": {
      "instance": "172.17.0.1:8000", 
      "hostname": "longz-experiment", 
      "pid": "29707", 
      "directory": "/data/blockchain/eth-data", 
      "job": "syscall_monitoring", 
      "application_name": "openethereum"
    }, 
    "values": [
      [
        1633131045, 
        "729295872"
      ], 
      [
        1633131060, 
        "2933914624"
      ], 
      [
        1633131075, 
        "565994496"
      ], 
      [
        1633131090, 
        "2431981568"
      ], 
      [
        1633131105, 
        "3156552704"
      ], 
      [
        1633131120, 
        "3481501696"
      ], 
      [
        1633131135, 
        "2925937664"
      ], 
      [
        1633131150, 
        "1567420416"
      ], 
      [
        1633131165, 
        "2280369152"
      ], 
      [
        1633131180, 
        "3472958464"
      ], 
      [
        1633131195, 
        "2655055872"
      ], 
      [
        1633131210, 
        "2692720640"
      ], 
      [
        1633131225, 
        "3436733440"
      ], 
      [
        1633131240, 
        "937872384"
      ], 
      [
        1633131255, 
        "3157127168"
      ], 
      [
        1633131270, 
        "3675413504"
      ], 
      [
        1633131285, 
        "3768805376"
      ], 
      [
        1633131300, 
        "3186635776"
      ], 
      [
        1633131315, 
        "4237791232"
      ], 
      [
        1633131330, 
        "4960246784"
      ], 
      [
        1633131345, 
        "3568039936"
      ]
    ]
  }, 
  "tcp_conn": {
    "metric": {}, 
    "values": [
      [
        1633131045, 
        "463"
      ], 
      [
        1633131060, 
        "134"
      ], 
      [
        1633131075, 
        "487"
      ], 
      [
        1633131090, 
        "64"
      ], 
      [
        1633131105, 
        "2"
      ], 
      [
        1633131120, 
        "2"
      ], 
      [
        1633131135, 
        "33"
      ], 
      [
        1633131150, 
        "37"
      ], 
      [
        1633131165, 
        "6"
      ], 
      [
        1633131180, 
        "16"
      ], 
      [
        1633131195, 
        "116"
      ], 
      [
        1633131210, 
        "26"
      ], 
      [
        1633131225, 
        "6"
      ], 
      [
        1633131240, 
        "153"
      ], 
      [
        1633131255, 
        "126"
      ], 
      [
        1633131270, 
        "134"
      ], 
      [
        1633131285, 
        "40"
      ], 
      [
        1633131300, 
        "1"
      ], 
      [
        1633131315, 
        "32"
      ], 
      [
        1633131330, 
        "16"
      ], 
      [
        1633131345, 
        "10"
      ]
    ]
  }, 
  "kvdb_bytes_read": {
    "metric": {
      "instance": "172.17.0.1:3033", 
      "job": "openethereum"
    }, 
    "values": [
      [
        1633131045, 
        "512475"
      ], 
      [
        1633131060, 
        "204539.6"
      ], 
      [
        1633131075, 
        "245148.4"
      ], 
      [
        1633131090, 
        "1374.5321333333334"
      ], 
      [
        1633131105, 
        "717907"
      ], 
      [
        1633131120, 
        "224101.98047999997"
      ], 
      [
        1633131135, 
        "35999.54762666666"
      ], 
      [
        1633131150, 
        "138465.20296000002"
      ], 
      [
        1633131165, 
        "268204.09672000003"
      ], 
      [
        1633131180, 
        "14111.345813333332"
      ], 
      [
        1633131195, 
        "431428.25880000007"
      ], 
      [
        1633131210, 
        "563777.4"
      ], 
      [
        1633131225, 
        "286684"
      ], 
      [
        1633131240, 
        "675150.5"
      ], 
      [
        1633131255, 
        "960727.7"
      ], 
      [
        1633131270, 
        "598652.67112"
      ], 
      [
        1633131300, 
        "679271.4276533333"
      ], 
      [
        1633131315, 
        "1097491"
      ], 
      [
        1633131330, 
        "1028848.5"
      ], 
      [
        1633131345, 
        "986462.3"
      ]
    ]
  }, 
  "tcp_sends": {
    "metric": {},