{
  "dir_read_c": {
    "metric": {
      "instance": "172.17.0.1:8000", 
      "hostname": "longz-experiment", 
      "pid": "29707", 
      "directory": "/data/blockchain/eth-data", 
      "job": "syscall_monitoring", 
      "application_name": "openethereum", 
      "__name__": "dir_reads_total"
    }, 
    "values": [
      [
        1633131348, 
        "172198"
      ], 
      [
        1633131363, 
        "205270"
      ], 
      [
        1633131378, 
        "195488"
      ], 
      [
        1633131393, 
        "149217"
      ], 
      [
        1633131408, 
        "85601"
      ], 
      [
        1633131423, 
        "27264"
      ], 
      [
        1633131438, 
        "38582"
      ], 
      [
        1633131453, 
        "64062"
      ], 
      [
        1633131468, 
        "18329"
      ], 
      [
        1633131483, 
        "21051"
      ], 
      [
        1633131498, 
        "33345"
      ], 
      [
        1633131513, 
        "62801"
      ], 
      [
        1633131528, 
        "78679"
      ], 
      [
        1633131543, 
        "78712"
      ], 
      [
        1633131558, 
        "128236"
      ], 
      [
        1633131573, 
        "42765"
      ], 
      [
        1633131588, 
        "128808"
      ], 
      [
        1633131603, 
        "95444"
      ], 
      [
        1633131618, 
        "161554"
      ], 
      [
        1633131633, 
        "84602"
      ], 
      [
        1633131648, 
        "137453"
      ]
    ]
  }, 
  "stat": {
    "dir_read_c": {
      "max": 195488.0, 
      "mean": 95688.61904761905, 
      "variance": 3237896456.4263034, 
      "pvalue": 3.2522962064735602e-06, 
      "min": 21051.0
    }, 
    "dir_reads": {
      "max": 3962819584.0, 
      "mean": 1983058456.3809524, 
      "variance": 1.343500822597761e+18, 
      "pvalue": 1.1173107258931525e-06, 
      "min": 367690752.0
    }, 
    "tcp_conn": {
      "max": 358.0, 
      "mean": 127.23809523809524, 
      "variance": 13704.086167800451, 
      "pvalue": 2.6773427224294588e-06, 
      "min": 10.0
    }, 
    "kvdb_bytes_read": {
      "max": 730633.7999999996, 
      "mean": 270888.3595263492, 
      "variance": 80251105806.75009, 
      "pvalue": 0.17752456018741297, 
      "min": 8434.108312
    }, 
    "tcp_sends": {
      "max": 184320.0, 
      "mean": 73776.76190476191, 
      "variance": 3377860375.8004537, 
      "pvalue": 1.1069423108370595e-08, 
      "min": 7168.0
    }, 
    "dir_writes": {
      "max": 901489664.0, 
      "mean": 344492275.8095238, 
      "variance": 5.084341806265281e+16, 
      "pvalue": 1.4618692628151135e-07, 
      "min": 186824704.0
    }, 
    "kvdb_bytes_write": {
      "max": 3176057.1399999973, 
      "mean": 566526.0794184126, 
      "variance": 1437243908580.6323, 
      "pvalue": 0.5994637112743769, 
      "min": 0.0
    }, 
    "dir_write_c": {
      "max": 10074.0, 
      "mean": 3919.190476190476, 
      "variance": 100757206.24943312, 
      "pvalue": 0.09313417090948037, 
      "min": 223.0
    }, 
    "peer_stats": {
      "max": 4.099999999999998, 
      "mean": 2.3157894736842106, 
      "variance": 2.1108033240997233, 
      "pvalue": 8.858217782475821e-18, 
      "min": 0.0
    }, 
    "tcp_recvs": {
      "max": 18231296.0, 
      "mean": 4005790.476190476, 
      "variance": 34805668071567.965, 
      "pvalue": 0.0003981426767420305, 
      "min": 0.0
    }
  }, 
  "dir_reads": {
    "metric": {
      "instance": "172.17.0.1:8000", 
      "hostname": "longz-experiment", 
      "pid": "29707", 
      "directory": "/data/blockchain/eth-data", 
      "job": "syscall_monitoring", 
      "application_name": "openethereum"
    }, 
    "values": [
      [
        1633131348, 
        "3568039936"
      ], 
      [
        1633131363, 
        "4073699328"
      ], 
      [
        1633131378, 
        "3962819584"
      ], 
      [
        1633131393, 
        "2894541824"
      ], 
      [
        1633131408, 
        "1857264640"
      ], 
      [
        1633131423, 
        "572231680"
      ], 
      [
        1633131438, 
        "765258752"
      ], 
      [
        1633131453, 
        "1250931712"
      ], 
      [
        1633131468, 
        "306446336"
      ], 
      [
        1633131483, 
        "367690752"
      ], 
      [
        1633131498, 
        "649892864"
      ], 
      [
        1633131513, 
        "1451442176"
      ], 
      [
        1633131528, 
        "1801543680"
      ], 
      [
        1633131543, 
        "1837065216"
      ], 
      [
        1633131558, 
        "2913036288"
      ], 
      [
        1633131573, 
        "908288000"
      ], 
      [
        1633131588, 
        "2602829824"
      ], 
      [
        1633131603, 
        "1896822784"
      ], 
      [
        1633131618, 
        "3322389504"
      ], 
      [
        1633131633, 
        "1779420160"
      ], 
      [
        1633131648, 
        "2862572544"
      ]
    ]
  }, 
  "tcp_conn": {
    "metric": {}, 
    "values": [
      [
        1633131348, 
        "10"
      ], 
      [
        1633131363, 
        "13"
      ], 
      [
        1633131378, 
        "5"
      ], 
      [
        1633131393, 
        "23"
      ], 
      [
        1633131408, 
        "52"
      ], 
      [
        1633131423, 
        "180"
      ], 
      [
        1633131438, 
        "42"
      ], 
      [
        1633131453, 
        "100"
      ], 
      [
        1633131468, 
        "276"
      ], 
      [
        1633131483, 
        "223"
      ], 
      [
        1633131498, 
        "358"
      ], 
      [
        1633131513, 
        "170"
      ], 
      [
        1633131528, 
        "50"
      ], 
      [
        1633131543, 
        "14"
      ], 
      [
        1633131558, 
        "114"
      ], 
      [
        1633131573, 
        "341"
      ], 
      [
        1633131588, 
        "22"
      ], 
      [
        1633131603, 
        "103"
      ], 
      [
        1633131618, 
        "114"
      ], 
      [
        1633131633, 
        "362"
      ], 
      [
        1633131648, 
        "100"
      ]
    ]
  }, 
  "kvdb_bytes_read": {
    "metric": {
      "instance": "172.17.0.1:3033", 
      "job": "openethereum"
    }, 
    "values": [
      [
        1633131348, 
        "1032468.8"
      ], 
      [
        1633131378, 
        "22088.18571428571"
      ], 
      [
        1633131393, 
        "323616.1"
      ], 
      [
        1633131408, 
        "58982.6"
      ], 
      [
        1633131453, 
        "8803.6"
      ], 
      [
        1633131468, 
        "45888.6"
      ], 
      [
        1633131483, 
        "85317.9"
      ], 
      [
        1633131498, 
        "215321.8"
      ], 
      [
        1633131513, 
        "6340.32208"
      ], 
      [
        1633131528, 
        "28833.179679999997"
      ], 
      [
        1633131543, 
        "617216"
      ], 
      [
        1633131558, 
        "143375.4"
      ], 
      [
        1633131573, 
        "250928.93607999998"
      ], 
      [
        1633131588, 
        "31761.64792"
      ], 
      [
        1633131603, 
        "677368.8"
      ], 
      [
        1633131618, 
        "321197.3"
      ], 
      [
        1633131633, 
        "502625.8"
      ], 
      [
        1633131648, 
        "503855.5"
      ]
    ]
  }, 
  "tcp_sends": {
    "metric": {},