{
  "stat": {
    "max": 40.0, 
    "mean": 37.714285714285715, 
    "variance": 2.680272108843539, 
    "min": 35.0
  }, 
  "values": [
    [
      1623186930, 
      35
    ], 
    [
      1623186945, 
      35
    ], 
    [
      1623186960, 
      36
    ], 
    [
      1623186975, 
      34
    ], 
    [
      1623186990, 
      37
    ], 
    [
      1623187005, 
      37
    ], 
    [
      1623187020, 
      37.5
    ], 
    [
      1623187035, 
      39
    ], 
    [
      1623187050, 
      37
    ], 
    [
      1623187065, 
      38
    ], 
    [
      1623187080, 
      38
    ], 
    [
      1623187095, 
      38
    ], 
    [
      1623187110, 
      38.5
    ], 
    [
      1623187125, 
      38
    ], 
    [
      1623187140, 
      38
    ], 
    [
      1623187155, 
      40
    ], 
    [
      1623187170, 
      39
    ], 
    [
      1623187185, 
      39
    ], 
    [
      1623187200, 
      39
    ], 
    [
      1623187215, 
      40
    ], 
    [
      1623187230, 
      40
    ]
  ], 
  "name": "geth.p2p/peers.gauge", 
  "columns": [
    "time", 
    "median"
  ]
}