{
  "stat": {
    "max": 18.4, 
    "mean": 11.2, 
    "variance": 24.560000000000002, 
    "min": 6.200000000000001
  }, 
  "values": [
    [
      1622759280, 
      20
    ], 
    [
      1622759295, 
      11
    ], 
    [
      1622759310, 
      12
    ], 
    [
      1622759325, 
      7
    ], 
    [
      1622759340, 
      6
    ]
  ], 
  "name": "geth.p2p/peers.gauge", 
  "columns": [
    "time", 
    "median"
  ]
}