{
  "stat": {
    "max": 27.0, 
    "mean": 20.238095238095237, 
    "variance": 18.276643990929706, 
    "min": 15.0
  }, 
  "values": [
    [
      1622758980, 
      15
    ], 
    [
      1622758995, 
      15
    ], 
    [
      1622759010, 
      15
    ], 
    [
      1622759025, 
      16
    ], 
    [
      1622759040, 
      15.5
    ], 
    [
      1622759055, 
      16
    ], 
    [
      1622759070, 
      17
    ], 
    [
      1622759085, 
      17
    ], 
    [
      1622759100, 
      19
    ], 
    [
      1622759115, 
      21
    ], 
    [
      1622759130, 
      18.5
    ], 
    [
      1622759145, 
      21
    ], 
    [
      1622759160, 
      23
    ], 
    [
      1622759175, 
      22
    ], 
    [
      1622759190, 
      21.5
    ], 
    [
      1622759205, 
      22
    ], 
    [
      1622759220, 
      26
    ], 
    [
      1622759235, 
      27
    ], 
    [
      1622759250, 
      25
    ], 
    [
      1622759265, 
      28
    ], 
    [
      1622759280, 
      26
    ]
  ], 
  "name": "geth.p2p/peers.gauge", 
  "columns": [
    "time", 
    "median"
  ]
}