{
  "dir_read_c": {
    "metric": {
      "instance": "172.17.0.1:8000", 
      "hostname": "longz-experiment", 
      "pid": "18409", 
      "directory": "/data/blockchain/eth-data", 
      "job": "syscall_monitoring", 
      "application_name": "openethereum", 
      "__name__": "dir_reads_total"
    }, 
    "values": [
      [
        1632265663, 
        "85151"
      ], 
      [
        1632265678, 
        "56445"
      ], 
      [
        1632265693, 
        "158159"
      ], 
      [
        1632265708, 
        "107009"
      ], 
      [
        1632265723, 
        "90298"
      ], 
      [
        1632265738, 
        "105681"
      ], 
      [
        1632265753, 
        "106365"
      ], 
      [
        1632265768, 
        "100603"
      ], 
      [
        1632265783, 
        "191953"
      ], 
      [
        1632265798, 
        "66562"
      ], 
      [
        1632265813, 
        "158431"
      ], 
      [
        1632265828, 
        "255452"
      ], 
      [
        1632265843, 
        "158086"
      ], 
      [
        1632265858, 
        "216630"
      ], 
      [
        1632265873, 
        "186393"
      ], 
      [
        1632265888, 
        "55328"
      ], 
      [
        1632265903, 
        "79380"
      ], 
      [
        1632265918, 
        "181547"
      ], 
      [
        1632265933, 
        "173704"
      ], 
      [
        1632265948, 
        "146746"
      ], 
      [
        1632265963, 
        "141524"
      ]
    ]
  }, 
  "stat": {
    "dir_read_c": {
      "max": 216630.0, 
      "mean": 134354.61904761905, 
      "variance": 2901762642.997732, 
      "min": 56445.0
    }, 
    "dir_reads": {
      "max": 4442048512.0, 
      "mean": 2772184600.3809524, 
      "variance": 1.432272671718544e+18, 
      "min": 1312240640.0
    }, 
    "tcp_conn": {
      "max": 355.0, 
      "mean": 129.14285714285714, 
      "variance": 17526.027210884356, 
      "min": 0.0
    }, 
    "kvdb_bytes_read": {
      "max": 804352.7712586664, 
      "mean": 499363.5125053814, 
      "variance": 58118826388.80513, 
      "min": 163469.06999999998
    }, 
    "tcp_sends": {
      "max": 249856.0, 
      "mean": 59538.28571428572, 
      "variance": 7160304646.965989, 
      "min": 0.0
    }, 
    "dir_writes": {
      "max": 371717120.0, 
      "mean": 251990552.3809524, 
      "variance": 3513950452504859.5, 
      "min": 191495168.0
    }, 
    "kvdb_bytes_write": {
      "max": 4768370.062287167, 
      "mean": 1186521.6646355127, 
      "variance": 3036026558675.075, 
      "min": 0.0
    }, 
    "dir_write_c": {
      "max": 6003.0, 
      "mean": 3503.7619047619046, 
      "variance": 86360801.13378684, 
      "min": 199.0
    }, 
    "peer_stats": {
      "max": 16.4, 
      "mean": 4.142857142857143, 
      "variance": 33.122448979591844, 
      "min": 0.0
    }, 
    "tcp_recvs": {
      "max": 2275328.0, 
      "mean": 393362.28571428574, 
      "variance": 1284935045370.7754, 
      "min": 0.0
    }
  }, 
  "dir_reads": {
    "metric": {
      "instance": "172.17.0.1:8000", 
      "hostname": "longz-experiment", 
      "pid": "18409", 
      "directory": "/data/blockchain/eth-data", 
      "job": "syscall_monitoring", 
      "application_name": "openethereum"
    }, 
    "values": [
      [
        1632265663, 
        "1828831232"
      ], 
      [
        1632265678, 
        "1312240640"
      ], 
      [
        1632265693, 
        "3587477504"
      ], 
      [
        1632265708, 
        "2204204032"
      ], 
      [
        1632265723, 
        "1723945984"
      ], 
      [
        1632265738, 
        "2044407808"
      ], 
      [
        1632265753, 
        "2332810240"
      ], 
      [
        1632265768, 
        "2110380032"
      ], 
      [
        1632265783, 
        "4241166336"
      ], 
      [
        1632265798, 
        "1461285888"
      ], 
      [
        1632265813, 
        "3492784128"
      ], 
      [
        1632265828, 
        "5815163904"
      ], 
      [
        1632265843, 
        "3221632000"
      ], 
      [
        1632265858, 
        "4442048512"
      ], 
      [
        1632265873, 
        "3636648960"
      ], 
      [
        1632265888, 
        "875479040"
      ], 
      [
        1632265903, 
        "1396370432"
      ], 
      [
        1632265918, 
        "3549490176"
      ], 
      [
        1632265933, 
        "3336993792"
      ], 
      [
        1632265948, 
        "2776617984"
      ], 
      [
        1632265963, 
        "2825897984"
      ]
    ]
  }, 
  "tcp_conn": {
    "metric": {}, 
    "values": [
      [
        1632265663, 
        "315"
      ], 
      [
        1632265678, 
        "349"
      ], 
      [
        1632265693, 
        "0"
      ], 
      [
        1632265708, 
        "76"
      ], 
      [
        1632265723, 
        "355"
      ], 
      [
        1632265738, 
        "130"
      ], 
      [
        1632265753, 
        "190"
      ], 
      [
        1632265768, 
        "0"
      ], 
      [
        1632265783, 
        "8"
      ], 
      [
        1632265798, 
        "1"
      ], 
      [
        1632265813, 
        "49"
      ], 
      [
        1632265828, 
        "6"
      ], 
      [
        1632265843, 
        "4"
      ], 
      [
        1632265858, 
        "5"
      ], 
      [
        1632265873, 
        "10"
      ], 
      [
        1632265888, 
        "67"
      ], 
      [
        1632265903, 
        "407"
      ], 
      [
        1632265918, 
        "205"
      ], 
      [
        1632265933, 
        "216"
      ], 
      [
        1632265948, 
        "167"
      ], 
      [
        1632265963, 
        "152"
      ]
    ]
  }, 
  "kvdb_bytes_read": {
    "metric": {
      "instance": "172.17.0.1:3033", 
      "job": "openethereum"
    }, 
    "values": [
      [
        1632265663, 
        "165725.8"
      ], 
      [
        1632265693, 
        "480232.5"
      ], 
      [
        1632265708, 
        "414831.2"
      ], 
      [
        1632265738, 
        "581750.3176620076"
      ], 
      [
        1632265768, 
        "1147366.4"
      ], 
      [
        1632265798, 
        "584753.4"
      ], 
      [
        1632265858, 
        "458112.63239999994"
      ], 
      [
        1632265873, 
        "210911.5"
      ], 
      [
        1632265888, 
        "159278"
      ], 
      [
        1632265903, 
        "619653.1250133333"
      ], 
      [
        1632265918, 
        "375907"
      ], 
      [
        1632265933, 
        "564156"
      ], 
      [
        1632265948, 
        "614099.2"
      ], 
      [
        1632265963, 
        "614312.1"
      ]
    ]
  }, 
  "tcp_sends": {
    "metric": {}, 
    "values": [
      [
        1632265663, 
        "249856"
      ], 
      [
        1632265678, 
        "362496"
      ], 
      [
        1632265693, 
        "0"
      ], 
      [
        1632265708, 
        "57344"
      ], 
      [
        1632265723, 
        "69632"
      ], 
      [
        1632265738, 
        "11264"
      ], 
      [
        1632265753, 
        "70656"
      ], 
      [
        1632265768, 
        "0"
      ], 
      [
        1632265783, 
        "43008"
      ], 
      [
        1632265798, 
        "7168"
      ], 
      [
        1632265813, 
        "35840"
      ], 
      [
        1632265828, 
        "7168"
      ], 
      [
        1632265843, 
        "21504"
      ], 
      [
        1632265858, 
        "21504"
      ], 
      [
        1632265873, 
        "45056"
      ], 
      [
        1632265888, 
        "23552"
      ], 
      [
        1632265903, 
        "51200"
      ], 
      [
        1632265918, 
        "47104"
      ], 
      [
        1632265933, 
        "65536"
      ], 
      [
        1632265948, 
        "32768"
      ], 
      [
        1632265963, 
        "27648"
      ]
    ]
  }, 
  "dir_writes": {
    "metric": {
      "instance": "172.17.0.1:8000",