{
  "dir_read_c": {
    "metric": {
      "instance": "172.17.0.1:8000", 
      "hostname": "longz-experiment", 
      "pid": "18409", 
      "directory": "/data/blockchain/eth-data", 
      "job": "syscall_monitoring", 
      "application_name": "openethereum", 
      "__name__": "dir_reads_total"
    }, 
    "values": [
      [
        1632265362, 
        "47835"
      ], 
      [
        1632265377, 
        "71358"
      ], 
      [
        1632265392, 
        "114671"
      ], 
      [
        1632265407, 
        "145943"
      ], 
      [
        1632265422, 
        "232880"
      ], 
      [
        1632265437, 
        "155050"
      ], 
      [
        1632265452, 
        "93436"
      ], 
      [
        1632265467, 
        "36943"
      ], 
      [
        1632265482, 
        "112470"
      ], 
      [
        1632265497, 
        "100392"
      ], 
      [
        1632265512, 
        "91954"
      ], 
      [
        1632265527, 
        "136078"
      ], 
      [
        1632265542, 
        "116032"
      ], 
      [
        1632265557, 
        "94501"
      ], 
      [
        1632265572, 
        "130134"
      ], 
      [
        1632265587, 
        "67456"
      ], 
      [
        1632265602, 
        "113060"
      ], 
      [
        1632265617, 
        "139941"
      ], 
      [
        1632265632, 
        "89753"
      ], 
      [
        1632265647, 
        "118735"
      ], 
      [
        1632265662, 
        "85151"
      ]
    ]
  }, 
  "stat": {
    "dir_read_c": {
      "max": 155050.0, 
      "mean": 109227.28571428571, 
      "variance": 1666914670.77551, 
      "min": 47835.0
    }, 
    "dir_reads": {
      "max": 3517292544.0, 
      "mean": 2367779644.952381, 
      "variance": 9.27229916960996e+17, 
      "min": 1081842688.0
    }, 
    "tcp_conn": {
      "max": 413.0, 
      "mean": 143.0952380952381, 
      "variance": 23175.32426303855, 
      "min": 3.0
    }, 
    "kvdb_bytes_read": {
      "max": 637240.4899999995, 
      "mean": 378143.48222736845, 
      "variance": 41334370901.21154, 
      "min": 15723.542866666665
    }, 
    "tcp_sends": {
      "max": 461824.0, 
      "mean": 183832.38095238095, 
      "variance": 55718494393.75963, 
      "min": 21504.0
    }, 
    "dir_writes": {
      "max": 358535168.0, 
      "mean": 236805412.57142857, 
      "variance": 3541500851028190.5, 
      "min": 191495168.0
    }, 
    "kvdb_bytes_write": {
      "max": 2903821.3099999893, 
      "mean": 646737.1028799999, 
      "variance": 2811487970081.554, 
      "min": 0.0
    }, 
    "dir_write_c": {
      "max": 7910.0, 
      "mean": 3414.904761904762, 
      "variance": 88535819.70521542, 
      "min": 202.0
    }, 
    "peer_stats": {
      "max": 19.05, 
      "mean": 14.5, 
      "variance": 7.75, 
      "min": 11.0
    }, 
    "tcp_recvs": {
      "max": 10242048.0, 
      "mean": 5438317.714285715, 
      "variance": 137577077323929.22, 
      "min": 266240.0
    }
  }, 
  "dir_reads": {
    "metric": {
      "instance": "172.17.0.1:8000", 
      "hostname": "longz-experiment", 
      "pid": "18409", 
      "directory": "/data/blockchain/eth-data", 
      "job": "syscall_monitoring", 
      "application_name": "openethereum"
    }, 
    "values": [
      [
        1632265362, 
        "1081842688"
      ], 
      [
        1632265377, 
        "1606281216"
      ], 
      [
        1632265392, 
        "2053532672"
      ], 
      [
        1632265407, 
        "3140311040"
      ], 
      [
        1632265422, 
        "5397616640"
      ], 
      [
        1632265437, 
        "3517292544"
      ], 
      [
        1632265452, 
        "1972939776"
      ], 
      [
        1632265467, 
        "613739520"
      ], 
      [
        1632265482, 
        "2331545600"
      ], 
      [
        1632265497, 
        "2168154112"
      ], 
      [
        1632265512, 
        "1978130432"
      ], 
      [
        1632265527, 
        "2842690560"
      ], 
      [
        1632265542, 
        "2595275776"
      ], 
      [
        1632265557, 
        "2004304896"
      ], 
      [
        1632265572, 
        "2918554624"
      ], 
      [
        1632265587, 
        "1494000640"
      ], 
      [
        1632265602, 
        "2535012352"
      ], 
      [
        1632265617, 
        "3169440768"
      ], 
      [
        1632265632, 
        "1968294912"
      ], 
      [
        1632265647, 
        "2505580544"
      ], 
      [
        1632265662, 
        "1828831232"
      ]
    ]
  }, 
  "tcp_conn": {
    "metric": {}, 
    "values": [
      [
        1632265362, 
        "39"
      ], 
      [
        1632265377, 
        "35"
      ], 
      [
        1632265392, 
        "53"
      ], 
      [
        1632265407, 
        "3"
      ], 
      [
        1632265422, 
        "4"
      ], 
      [
        1632265437, 
        "122"
      ], 
      [
        1632265452, 
        "208"
      ], 
      [
        1632265467, 
        "518"
      ], 
      [
        1632265482, 
        "413"
      ], 
      [
        1632265497, 
        "230"
      ], 
      [
        1632265512, 
        "214"
      ], 
      [
        1632265527, 
        "30"
      ], 
      [
        1632265542, 
        "3"
      ], 
      [
        1632265557, 
        "53"
      ], 
      [
        1632265572, 
        "14"
      ], 
      [
        1632265587, 
        "348"
      ], 
      [
        1632265602, 
        "3"
      ], 
      [
        1632265617, 
        "51"
      ], 
      [
        1632265632, 
        "57"
      ], 
      [
        1632265647, 
        "292"
      ], 
      [
        1632265662, 
        "315"
      ]
    ]
  }, 
  "kvdb_bytes_read": {
    "metric": {
      "instance": "172.17.0.1:3033", 
      "job": "openethereum"
    }, 
    "values": [
      [
        1632265362, 
        "2091.1335466666665"
      ], 
      [
        1632265377, 
        "393800.1"
      ], 
      [
        1632265392, 
        "613446.9"
      ], 
      [
        1632265407, 
        "440008.46703999996"
      ], 
      [
        1632265422, 
        "851382.8"
      ], 
      [
        1632265437, 
        "460916.1"
      ], 
      [
        1632265452, 
        "125496.7"
      ], 
      [
        1632265467, 
        "378992.4"
      ], 
      [
        1632265482, 
        "538354.7"
      ], 
      [
        1632265497, 
        "17238.25501333333"
      ], 
      [
        1632265512, 
        "542136.9"
      ], 
      [
        1632265542, 
        "244891.80672000005"
      ], 
      [
        1632265557, 
        "468215.2"
      ], 
      [
        1632265572, 
        "260692.2"
      ], 
      [
        1632265602, 
        "479567.7"
      ], 
      [
        1632265617, 
        "484061.4"
      ], 
      [
        1632265632, 
        "356510.7"
      ], 
      [
        1632265647, 
        "361196.9"
      ], 
      [
        1632265662, 
        "165725.8"
      ]
    ]
  }, 
  "tcp_sends": {
    "metric": {},