{
  "dir_read_c": {
    "metric": {
      "instance": "172.17.0.1:8000", 
      "hostname": "longz-experiment", 
      "pid": "18409", 
      "directory": "/data/blockchain/eth-data", 
      "job": "syscall_monitoring", 
      "application_name": "openethereum", 
      "__name__": "dir_reads_total"
    }, 
    "values": [
      [
        1632266266, 
        "40364"
      ], 
      [
        1632266281, 
        "82951"
      ], 
      [
        1632266296, 
        "198435"
      ], 
      [
        1632266311, 
        "124370"
      ], 
      [
        1632266326, 
        "170980"
      ], 
      [
        1632266341, 
        "92094"
      ], 
      [
        1632266356, 
        "104329"
      ], 
      [
        1632266371, 
        "74547"
      ], 
      [
        1632266386, 
        "104329"
      ], 
      [
        1632266401, 
        "137149"
      ], 
      [
        1632266416, 
        "114500"
      ], 
      [
        1632266431, 
        "155069"
      ], 
      [
        1632266446, 
        "108295"
      ], 
      [
        1632266461, 
        "130213"
      ], 
      [
        1632266476, 
        "127591"
      ], 
      [
        1632266491, 
        "165807"
      ], 
      [
        1632266506, 
        "170150"
      ], 
      [
        1632266521, 
        "188254"
      ], 
      [
        1632266536, 
        "160815"
      ], 
      [
        1632266551, 
        "192263"
      ], 
      [
        1632266566, 
        "125166"
      ]
    ]
  }, 
  "stat": {
    "dir_read_c": {
      "max": 192263.0, 
      "mean": 131793.85714285713, 
      "variance": 1663763114.6938777, 
      "min": 74547.0
    }, 
    "dir_reads": {
      "max": 3786017792.0, 
      "mean": 2571524291.047619, 
      "variance": 6.706822990400805e+17, 
      "min": 1484156928.0
    }, 
    "tcp_conn": {
      "max": 400.0, 
      "mean": 119.85714285714286, 
      "variance": 15414.312925170065, 
      "min": 1.0
    }, 
    "kvdb_bytes_read": {
      "max": 817803.5700000001, 
      "mean": 421327.43767449615, 
      "variance": 64953518275.81386, 
      "min": 53620.98
    }, 
    "tcp_sends": {
      "max": 496640.0, 
      "mean": 384195.04761904763, 
      "variance": 1066395462500.4265, 
      "min": 14336.0
    }, 
    "dir_writes": {
      "max": 308579328.0, 
      "mean": 233172845.7142857, 
      "variance": 2098180519366126.5, 
      "min": 169806848.0
    }, 
    "kvdb_bytes_write": {
      "max": 588436.9702248874, 
      "mean": 175955.1895452274, 
      "variance": 51323644390.33608, 
      "min": 0.0
    }, 
    "dir_write_c": {
      "max": 6057.0, 
      "mean": 3082.0, 
      "variance": 88109257.42857143, 
      "min": 198.0
    }, 
    "peer_stats": {
      "max": 12.7, 
      "mean": 6.928571428571429, 
      "variance": 9.494897959183675, 
      "min": 3.0
    }, 
    "tcp_recvs": {
      "max": 33616896.0, 
      "mean": 6081633.523809524, 
      "variance": 112910718895491.81, 
      "min": 165888.0
    }
  }, 
  "dir_reads": {
    "metric": {
      "instance": "172.17.0.1:8000", 
      "hostname": "longz-experiment", 
      "pid": "18409", 
      "directory": "/data/blockchain/eth-data", 
      "job": "syscall_monitoring", 
      "application_name": "openethereum"
    }, 
    "values": [
      [
        1632266266, 
        "597233664"
      ], 
      [
        1632266281, 
        "1510900736"
      ], 
      [
        1632266296, 
        "3885871104"
      ], 
      [
        1632266311, 
        "2510449664"
      ], 
      [
        1632266326, 
        "3323815936"
      ], 
      [
        1632266341, 
        "1790849024"
      ], 
      [
        1632266356, 
        "2132428800"
      ], 
      [
        1632266371, 
        "1484156928"
      ], 
      [
        1632266386, 
        "2000595968"
      ], 
      [
        1632266401, 
        "2613661696"
      ], 
      [
        1632266416, 
        "2391873536"
      ], 
      [
        1632266431, 
        "3082264576"
      ], 
      [
        1632266446, 
        "2139804672"
      ], 
      [
        1632266461, 
        "2513005568"
      ], 
      [
        1632266476, 
        "2348655616"
      ], 
      [
        1632266491, 
        "3211782144"
      ], 
      [
        1632266506, 
        "3372349440"
      ], 
      [
        1632266521, 
        "3644851200"
      ], 
      [
        1632266536, 
        "3061796864"
      ], 
      [
        1632266551, 
        "3786017792"
      ], 
      [
        1632266566, 
        "2599645184"
      ]
    ]
  }, 
  "tcp_conn": {
    "metric": {}, 
    "values": [
      [
        1632266266, 
        "400"
      ], 
      [
        1632266281, 
        "190"
      ], 
      [
        1632266296, 
        "17"
      ], 
      [
        1632266311, 
        "61"
      ], 
      [
        1632266326, 
        "200"
      ], 
      [
        1632266341, 
        "137"
      ], 
      [
        1632266356, 
        "1"
      ], 
      [
        1632266371, 
        "66"
      ], 
      [
        1632266386, 
        "286"
      ], 
      [
        1632266401, 
        "180"
      ], 
      [
        1632266416, 
        "63"
      ], 
      [
        1632266431, 
        "109"
      ], 
      [
        1632266446, 
        "411"
      ], 
      [
        1632266461, 
        "234"
      ], 
      [
        1632266476, 
        "78"
      ], 
      [
        1632266491, 
        "20"
      ], 
      [
        1632266506, 
        "10"
      ], 
      [
        1632266521, 
        "1"
      ], 
      [
        1632266536, 
        "42"
      ], 
      [
        1632266551, 
        "8"
      ], 
      [
        1632266566, 
        "3"
      ]
    ]
  }, 
  "kvdb_bytes_read": {
    "metric": {
      "instance": "172.17.0.1:3033", 
      "job": "openethereum"
    }, 
    "values": [
      [
        1632266266, 
        "188946.4"
      ], 
      [
        1632266281, 
        "477673.1"
      ], 
      [
        1632266296, 
        "301972"
      ], 
      [
        1632266311, 
        "770554.2"
      ], 
      [
        1632266326, 
        "422596.5"
      ], 
      [
        1632266341, 
        "56035.8"
      ], 
      [
        1632266356, 
        "70726.1"
      ], 
      [
        1632266386, 
        "47986.4"
      ], 
      [
        1632266401, 
        "473808.4"
      ], 
      [
        1632266416, 
        "811142.1"
      ], 
      [
        1632266431, 
        "314322.1"
      ], 
      [
        1632266446, 
        "423338.8"
      ], 
      [
        1632266506, 
        "833347"
      ], 
      [
        1632266521, 
        "629669.7651174412"
      ], 
      [
        1632266551, 
        "497792.9"
      ]
    ]
  }, 
  "tcp_sends": {
    "metric": {}, 
    "values": [
      [
        1632266266, 
        "473088"
      ], 
      [
        1632266281, 
        "496640"
      ], 
      [
        1632266296, 
        "53248"
      ], 
      [
        1632266311, 
        "279552"
      ], 
      [
        1632266326, 
        "4956160"
      ], 
      [
        1632266341, 
        "129024"
      ], 
      [
        1632266356, 
        "14336"
      ], 
      [
        1632266371, 
        "243712"
      ], 
      [
        1632266386, 
        "115712"
      ], 
      [
        1632266401, 
        "190464"
      ], 
      [
        1632266416, 
        "30720"
      ], 
      [
        1632266431, 
        "124928"
      ], 
      [
        1632266446, 
        "417792"
      ], 
      [
        1632266461, 
        "196608"
      ], 
      [
        1632266476, 
        "97280"
      ], 
      [
        1632266491, 
        "56320"
      ], 
      [
        1632266506, 
        "35840"
      ], 
      [
        1632266521, 
        "7168"
      ], 
      [
        1632266536, 
        "61440"
      ], 
      [
        1632266551, 
        "73728"
      ], 
      [
        1632266566, 
        "14336"
      ]
    ]
  },