{
  "stat": {
    "max": 36.0, 
    "mean": 34.65, 
    "variance": 0.7275000000000001, 
    "min": 33.900000000000006
  }, 
  "values": [
    [
      1627479345, 
      35.5
    ], 
    [
      1627479360, 
      36
    ], 
    [
      1627479375, 
      34.5
    ], 
    [
      1627479390, 
      35
    ], 
    [
      1627479405, 
      36
    ], 
    [
      1627479420, 
      35
    ], 
    [
      1627479435, 
      35.5
    ], 
    [
      1627479450, 
      34
    ], 
    [
      1627479465, 
      35
    ], 
    [
      1627479480, 
      34
    ], 
    [
      1627479495, 
      34
    ], 
    [
      1627479510, 
      35
    ], 
    [
      1627479525, 
      34.5
    ], 
    [
      1627479540, 
      35
    ], 
    [
      1627479555, 
      35
    ], 
    [
      1627479570, 
      35
    ], 
    [
      1627479585, 
      32.5
    ], 
    [
      1627479600, 
      35
    ], 
    [
      1627479615, 
      34.5
    ], 
    [
      1627479630, 
      35
    ]
  ], 
  "name": "geth.p2p/peers.gauge", 
  "columns": [
    "time", 
    "median"
  ]
}