{
  "dir_read_c": {
    "metric": {
      "instance": "172.17.0.1:8000", 
      "hostname": "longz-experiment", 
      "pid": "642", 
      "directory": "/data/blockchain/eth-data", 
      "job": "syscall_monitoring", 
      "application_name": "openethereum", 
      "__name__": "dir_reads_total"
    }, 
    "values": [
      [
        1633139016, 
        "53152"
      ], 
      [
        1633139031, 
        "102159"
      ], 
      [
        1633139046, 
        "68538"
      ], 
      [
        1633139061, 
        "83992"
      ], 
      [
        1633139076, 
        "69564"
      ], 
      [
        1633139091, 
        "154180"
      ], 
      [
        1633139106, 
        "101643"
      ], 
      [
        1633139121, 
        "20740"
      ], 
      [
        1633139136, 
        "16984"
      ], 
      [
        1633139151, 
        "168597"
      ], 
      [
        1633139166, 
        "158746"
      ], 
      [
        1633139181, 
        "23590"
      ], 
      [
        1633139196, 
        "105353"
      ], 
      [
        1633139211, 
        "105161"
      ], 
      [
        1633139226, 
        "23575"
      ], 
      [
        1633139241, 
        "103968"
      ], 
      [
        1633139256, 
        "19658"
      ], 
      [
        1633139271, 
        "86989"
      ], 
      [
        1633139286, 
        "101026"
      ], 
      [
        1633139301, 
        "26828"
      ], 
      [
        1633139316, 
        "33773"
      ]
    ]
  }, 
  "stat": {
    "dir_read_c": {
      "max": 158746.0, 
      "mean": 77534.09523809524, 
      "variance": 2197955207.6099772, 
      "pvalue": 4.0714022751807745e-05, 
      "min": 19658.0
    }, 
    "dir_reads": {
      "max": 3107160064.0, 
      "mean": 1530450017.5238094, 
      "variance": 8.509197147474461e+17, 
      "pvalue": 0.00034766503042409124, 
      "min": 451501056.0
    }, 
    "tcp_conn": {
      "max": 251.0, 
      "mean": 60.666666666666664, 
      "variance": 8072.888888888889, 
      "pvalue": 1.4349680252171924e-06, 
      "min": 5.0
    }, 
    "kvdb_bytes_read": {
      "max": 581692.8250000002, 
      "mean": 293520.138176, 
      "variance": 45032916328.341965, 
      "pvalue": 0.007759056245799762, 
      "min": 43396.920000000006
    }, 
    "tcp_sends": {
      "max": 998400.0, 
      "mean": 345429.3333333333, 
      "variance": 490806702014.9841, 
      "pvalue": 0.0034281285701749545, 
      "min": 22528.0
    }, 
    "dir_writes": {
      "max": 295358464.0, 
      "mean": 221232079.23809522, 
      "variance": 1793882885178867.0, 
      "pvalue": 0.20355790191405315, 
      "min": 169830400.0
    }, 
    "kvdb_bytes_write": {
      "max": 582681.6599999999, 
      "mean": 192461.13999999998, 
      "variance": 59928647666.8434, 
      "pvalue": 0.31089312389232276, 
      "min": 0.0
    }, 
    "dir_write_c": {
      "max": 537.0, 
      "mean": 2388.9523809523807, 
      "variance": 86993413.66439912, 
      "pvalue": 0.2311594788552999, 
      "min": 180.0
    }, 
    "peer_stats": {
      "max": 27.1, 
      "mean": 25.85, 
      "variance": 3.3275000000000006, 
      "pvalue": 0.03841438668978468, 
      "min": 22.85
    }, 
    "tcp_recvs": {
      "max": 6770688.0, 
      "mean": 2137526.8571428573, 
      "variance": 4271681675765.551, 
      "pvalue": 0.024446015773693694, 
      "min": 436224.0
    }
  }, 
  "dir_reads": {
    "metric": {
      "instance": "172.17.0.1:8000", 
      "hostname": "longz-experiment", 
      "pid": "642", 
      "directory": "/data/blockchain/eth-data", 
      "job": "syscall_monitoring", 
      "application_name": "openethereum"
    }, 
    "values": [
      [
        1633139016, 
        "925523968"
      ], 
      [
        1633139031, 
        "1942347776"
      ], 
      [
        1633139046, 
        "1267393536"
      ], 
      [
        1633139061, 
        "1574415360"
      ], 
      [
        1633139076, 
        "1252645888"
      ], 
      [
        1633139091, 
        "2975006720"
      ], 
      [
        1633139106, 
        "2105998336"
      ], 
      [
        1633139121, 
        "463326208"
      ], 
      [
        1633139136, 
        "381237248"
      ], 
      [
        1633139151, 
        "3310095360"
      ], 
      [
        1633139166, 
        "3107160064"
      ], 
      [
        1633139181, 
        "492678144"
      ], 
      [
        1633139196, 
        "2079617024"
      ], 
      [
        1633139211, 
        "2093903872"
      ], 
      [
        1633139226, 
        "499814400"
      ], 
      [
        1633139241, 
        "2197222400"
      ], 
      [
        1633139256, 
        "451501056"
      ], 
      [
        1633139271, 
        "1806077952"
      ], 
      [
        1633139286, 
        "2096123904"
      ], 
      [
        1633139301, 
        "518517760"
      ], 
      [
        1633139316, 
        "598843392"
      ]
    ]
  }, 
  "tcp_conn": {
    "metric": {}, 
    "values": [
      [
        1633139016, 
        "367"
      ], 
      [
        1633139031, 
        "78"
      ], 
      [
        1633139046, 
        "139"
      ], 
      [
        1633139061, 
        "124"
      ], 
      [
        1633139076, 
        "16"
      ], 
      [
        1633139091, 
        "3"
      ], 
      [
        1633139106, 
        "41"
      ], 
      [
        1633139121, 
        "27"
      ], 
      [
        1633139136, 
        "15"
      ], 
      [
        1633139151, 
        "8"
      ], 
      [
        1633139166, 
        "10"
      ], 
      [
        1633139181, 
        "251"
      ], 
      [
        1633139196, 
        "35"
      ], 
      [
        1633139211, 
        "17"
      ], 
      [
        1633139226, 
        "17"
      ], 
      [
        1633139241, 
        "17"
      ], 
      [
        1633139256, 
        "16"
      ], 
      [
        1633139271, 
        "5"
      ], 
      [
        1633139286, 
        "44"
      ], 
      [
        1633139301, 
        "24"
      ], 
      [
        1633139316, 
        "20"
      ]
    ]
  }, 
  "kvdb_bytes_read": {
    "metric": {
      "instance": "172.17.0.1:3033", 
      "job": "openethereum"
    }, 
    "values": [
      [
        1633139016, 
        "548623.3"
      ], 
      [
        1633139031, 
        "195908.4"
      ], 
      [
        1633139046, 
        "429583.3"
      ], 
      [
        1633139061, 
        "121159.4"
      ], 
      [
        1633139076, 
        "221637.56352"
      ], 
      [
        1633139091, 
        "245996.8"
      ], 
      [
        1633139106, 
        "43517.4"
      ], 
      [
        1633139121, 
        "41107.8"
      ], 
      [
        1633139136, 
        "507510.1"
      ], 
      [
        1633139151, 
        "769289.8"
      ], 
      [
        1633139166, 
        "99443.2"
      ], 
      [
        1633139181, 
        "476357.8"
      ], 
      [
        1633139196, 
        "543874.1"
      ], 
      [
        1633139211, 
        "92813"
      ], 
      [
        1633139226, 
        "197267.1"
      ], 
      [
        1633139241, 
        "274664.8"
      ], 
      [
        1633139271, 
        "363316.9"
      ], 
      [
        1633139286, 
        "62051.7"
      ], 
      [
        1633139301, 
        "64461"
      ], 
      [
        1633139316, 
        "571819.3"
      ]
    ]
  }, 
  "tcp_sends": {
    "metric": {},