{
  "dir_read_c": {
    "metric": {
      "instance": "172.17.0.1:8000", 
      "hostname": "longz-experiment", 
      "pid": "642", 
      "directory": "/data/blockchain/eth-data", 
      "job": "syscall_monitoring", 
      "application_name": "openethereum", 
      "__name__": "dir_reads_total"
    }, 
    "values": [
      [
        1633138716, 
        "58067"
      ], 
      [
        1633138731, 
        "121921"
      ], 
      [
        1633138746, 
        "119291"
      ], 
      [
        1633138761, 
        "79802"
      ], 
      [
        1633138776, 
        "64518"
      ], 
      [
        1633138791, 
        "71678"
      ], 
      [
        1633138806, 
        "24637"
      ], 
      [
        1633138821, 
        "42202"
      ], 
      [
        1633138836, 
        "104769"
      ], 
      [
        1633138851, 
        "179308"
      ], 
      [
        1633138866, 
        "89713"
      ], 
      [
        1633138881, 
        "62069"
      ], 
      [
        1633138896, 
        "69000"
      ], 
      [
        1633138911, 
        "110114"
      ], 
      [
        1633138926, 
        "109150"
      ], 
      [
        1633138941, 
        "106174"
      ], 
      [
        1633138956, 
        "123544"
      ], 
      [
        1633138971, 
        "149913"
      ], 
      [
        1633138986, 
        "159010"
      ], 
      [
        1633139001, 
        "104611"
      ], 
      [
        1633139016, 
        "53152"
      ]
    ]
  }, 
  "stat": {
    "dir_read_c": {
      "max": 159010.0, 
      "mean": 95363.95238095238, 
      "variance": 1496903745.9501133, 
      "pvalue": 5.714583086920568e-09, 
      "min": 42202.0
    }, 
    "dir_reads": {
      "max": 2993863680.0, 
      "mean": 1846291553.5238094, 
      "variance": 5.826440221286259e+17, 
      "pvalue": 3.354575524239455e-08, 
      "min": 801024000.0
    }, 
    "tcp_conn": {
      "max": 434.0, 
      "mean": 130.66666666666666, 
      "variance": 25397.174603174608, 
      "pvalue": 0.00024232392929346628, 
      "min": 2.0
    }, 
    "kvdb_bytes_read": {
      "max": 574654.2099999995, 
      "mean": 344412.58986526314, 
      "variance": 46238247686.22015, 
      "pvalue": 0.00029380650366631154, 
      "min": 40551.68201866667
    }, 
    "tcp_sends": {
      "max": 612352.0, 
      "mean": 204214.85714285713, 
      "variance": 40944952577.74149, 
      "pvalue": 0.0002597186211808676, 
      "min": 14336.0
    }, 
    "dir_writes": {
      "max": 263132160.0, 
      "mean": 213628732.95238096, 
      "variance": 1224820466496649.0, 
      "pvalue": 0.14823861513658584, 
      "min": 157896704.0
    }, 
    "kvdb_bytes_write": {
      "max": 723976.2799999956, 
      "mean": 285104.7174596491, 
      "variance": 319982162275.0348, 
      "pvalue": 0.18189204795718733, 
      "min": 0.0
    }, 
    "dir_write_c": {
      "max": 1803.0, 
      "mean": 2545.904761904762, 
      "variance": 86679651.99092972, 
      "pvalue": 0.7402511489886738, 
      "min": 159.0
    }, 
    "peer_stats": {
      "max": 22.15, 
      "mean": 18.555555555555557, 
      "variance": 8.580246913580241, 
      "pvalue": 2.160168830566724e-15, 
      "min": 12.0
    }, 
    "tcp_recvs": {
      "max": 10688512.0, 
      "mean": 3196489.1428571427, 
      "variance": 11056491185799.836, 
      "pvalue": 0.07234689379355658, 
      "min": 327680.0
    }
  }, 
  "dir_reads": {
    "metric": {
      "instance": "172.17.0.1:8000", 
      "hostname": "longz-experiment", 
      "pid": "642", 
      "directory": "/data/blockchain/eth-data", 
      "job": "syscall_monitoring", 
      "application_name": "openethereum"
    }, 
    "values": [
      [
        1633138716, 
        "1101171712"
      ], 
      [
        1633138731, 
        "2488820736"
      ], 
      [
        1633138746, 
        "2486372352"
      ], 
      [
        1633138761, 
        "1574599680"
      ], 
      [
        1633138776, 
        "1267418112"
      ], 
      [
        1633138791, 
        "1425958912"
      ], 
      [
        1633138806, 
        "467409920"
      ], 
      [
        1633138821, 
        "801024000"
      ], 
      [
        1633138836, 
        "2090234880"
      ], 
      [
        1633138851, 
        "3449201664"
      ], 
      [
        1633138866, 
        "1782134784"
      ], 
      [
        1633138881, 
        "1115854848"
      ], 
      [
        1633138896, 
        "1292660736"
      ], 
      [
        1633138911, 
        "2120925184"
      ], 
      [
        1633138926, 
        "2102931456"
      ], 
      [
        1633138941, 
        "2027496448"
      ], 
      [
        1633138956, 
        "2391591936"
      ], 
      [
        1633138971, 
        "2923127808"
      ], 
      [
        1633138986, 
        "2993863680"
      ], 
      [
        1633139001, 
        "1943799808"
      ], 
      [
        1633139016, 
        "925523968"
      ]
    ]
  }, 
  "tcp_conn": {
    "metric": {}, 
    "values": [
      [
        1633138716, 
        "1"
      ], 
      [
        1633138731, 
        "5"
      ], 
      [
        1633138746, 
        "14"
      ], 
      [
        1633138761, 
        "89"
      ], 
      [
        1633138776, 
        "303"
      ], 
      [
        1633138791, 
        "102"
      ], 
      [
        1633138806, 
        "428"
      ], 
      [
        1633138821, 
        "458"
      ], 
      [
        1633138836, 
        "196"
      ], 
      [
        1633138851, 
        "4"
      ], 
      [
        1633138866, 
        "124"
      ], 
      [
        1633138881, 
        "434"
      ], 
      [
        1633138896, 
        "3"
      ], 
      [
        1633138911, 
        "2"
      ], 
      [
        1633138926, 
        "51"
      ], 
      [
        1633138941, 
        "5"
      ], 
      [
        1633138956, 
        "22"
      ], 
      [
        1633138971, 
        "5"
      ], 
      [
        1633138986, 
        "64"
      ], 
      [
        1633139001, 
        "67"
      ], 
      [
        1633139016, 
        "367"
      ]
    ]
  }, 
  "kvdb_bytes_read": {
    "metric": {
      "instance": "172.17.0.1:3033", 
      "job": "openethereum"
    }, 
    "values": [
      [
        1633138716, 
        "394873.8"
      ], 
      [
        1633138731, 
        "451900"
      ], 
      [
        1633138746, 
        "468457.1"
      ], 
      [
        1633138761, 
        "20780.941546666665"
      ], 
      [
        1633138776, 
        "415449.8"
      ], 
      [
        1633138791, 
        "82164"
      ], 
      [
        1633138806, 
        "103119.8"
      ], 
      [
        1633138821, 
        "499709.9"
      ], 
      [
        1633138836, 
        "360688.1349333333"
      ], 
      [
        1633138851, 
        "528537.1"
      ], 
      [
        1633138866, 
        "133650.7"
      ], 
      [
        1633138896, 
        "111331"
      ], 
      [
        1633138911, 
        "456440"
      ], 
      [
        1633138941, 
        "42748.43096"
      ], 
      [
        1633138956, 
        "503288.4"
      ], 
      [
        1633138971, 
        "808932.4"
      ], 
      [
        1633138986, 
        "488355.8"
      ], 
      [
        1633139001, 
        "124788.6"
      ], 
      [
        1633139016, 
        "548623.3"
      ]
    ]
  }, 
  "tcp_sends": {
    "metric": {},