{
  "dir_read_c": {
    "metric": {
      "instance": "172.17.0.1:8000", 
      "hostname": "longz-experiment", 
      "pid": "642", 
      "directory": "/data/blockchain/eth-data", 
      "job": "syscall_monitoring", 
      "application_name": "openethereum", 
      "__name__": "dir_reads_total"
    }, 
    "values": [
      [
        1633139617, 
        "50459"
      ], 
      [
        1633139632, 
        "56437"
      ], 
      [
        1633139647, 
        "84979"
      ], 
      [
        1633139662, 
        "22699"
      ], 
      [
        1633139677, 
        "24112"
      ], 
      [
        1633139692, 
        "23681"
      ], 
      [
        1633139707, 
        "33719"
      ], 
      [
        1633139722, 
        "93693"
      ], 
      [
        1633139737, 
        "46095"
      ], 
      [
        1633139752, 
        "78514"
      ], 
      [
        1633139767, 
        "29046"
      ], 
      [
        1633139782, 
        "70560"
      ], 
      [
        1633139797, 
        "63877"
      ], 
      [
        1633139812, 
        "74637"
      ], 
      [
        1633139827, 
        "104645"
      ], 
      [
        1633139842, 
        "153874"
      ], 
      [
        1633139857, 
        "123394"
      ], 
      [
        1633139872, 
        "46616"
      ], 
      [
        1633139887, 
        "86780"
      ], 
      [
        1633139902, 
        "87701"
      ], 
      [
        1633139917, 
        "29851"
      ]
    ]
  }, 
  "stat": {
    "dir_read_c": {
      "max": 123394.0, 
      "mean": 65969.95238095238, 
      "variance": 1192165984.6167798, 
      "pvalue": 0.0005844185248148293, 
      "min": 23681.0
    }, 
    "dir_reads": {
      "max": 2585310208.0, 
      "mean": 1385507547.4285715, 
      "variance": 5.889650288057777e+17, 
      "pvalue": 0.0003282969536408719, 
      "min": 416996352.0
    }, 
    "tcp_conn": {
      "max": 470.0, 
      "mean": 169.33333333333334, 
      "variance": 29554.222222222215, 
      "pvalue": 4.85171182167972e-06, 
      "min": 1.0
    }, 
    "kvdb_bytes_read": {
      "max": 558870.7600000001, 
      "mean": 250036.09820799995, 
      "variance": 42166284694.25859, 
      "pvalue": 0.16583842316759956, 
      "min": 45261.315
    }, 
    "tcp_sends": {
      "max": 272384.0, 
      "mean": 108592.76190476191, 
      "variance": 7934472349.895694, 
      "pvalue": 3.9274485818794724e-07, 
      "min": 21504.0
    }, 
    "dir_writes": {
      "max": 268844032.0, 
      "mean": 220010837.33333334, 
      "variance": 1330564417774478.2, 
      "pvalue": 0.0030981209747898615, 
      "min": 150272000.0
    }, 
    "kvdb_bytes_write": {
      "max": 618566.0590360004, 
      "mean": 215039.46936, 
      "variance": 80983030119.39433, 
      "pvalue": 0.4588518575164166, 
      "min": 0.0
    }, 
    "dir_write_c": {
      "max": 494.0, 
      "mean": 2398.3809523809523, 
      "variance": 87697353.75963719, 
      "pvalue": 0.11234286778097823, 
      "min": 201.0
    }, 
    "peer_stats": {
      "max": 15.0, 
      "mean": 7.7894736842105265, 
      "variance": 20.271468144044317, 
      "pvalue": 8.858217782475821e-18, 
      "min": 2.0
    }, 
    "tcp_recvs": {
      "max": 21210112.0, 
      "mean": 7200768.0, 
      "variance": 63430920365982.48, 
      "pvalue": 0.008305563036621826, 
      "min": 72704.0
    }
  }, 
  "dir_reads": {
    "metric": {
      "instance": "172.17.0.1:8000", 
      "hostname": "longz-experiment", 
      "pid": "642", 
      "directory": "/data/blockchain/eth-data", 
      "job": "syscall_monitoring", 
      "application_name": "openethereum"
    }, 
    "values": [
      [
        1633139617, 
        "1030991872"
      ], 
      [
        1633139632, 
        "1162619904"
      ], 
      [
        1633139647, 
        "1662088192"
      ], 
      [
        1633139662, 
        "390010880"
      ], 
      [
        1633139677, 
        "429485056"
      ], 
      [
        1633139692, 
        "416996352"
      ], 
      [
        1633139707, 
        "604435456"
      ], 
      [
        1633139722, 
        "1787162624"
      ], 
      [
        1633139737, 
        "916215808"
      ], 
      [
        1633139752, 
        "1695911936"
      ], 
      [
        1633139767, 
        "664058880"
      ], 
      [
        1633139782, 
        "1565095936"
      ], 
      [
        1633139797, 
        "1423667200"
      ], 
      [
        1633139812, 
        "1666885632"
      ], 
      [
        1633139827, 
        "2378826752"
      ], 
      [
        1633139842, 
        "3342217216"
      ], 
      [
        1633139857, 
        "2585310208"
      ], 
      [
        1633139872, 
        "968074240"
      ], 
      [
        1633139887, 
        "1922888704"
      ], 
      [
        1633139902, 
        "1870856192"
      ], 
      [
        1633139917, 
        "611859456"
      ]
    ]
  }, 
  "tcp_conn": {
    "metric": {}, 
    "values": [
      [
        1633139617, 
        "3"
      ], 
      [
        1633139632, 
        "29"
      ], 
      [
        1633139647, 
        "37"
      ], 
      [
        1633139662, 
        "147"
      ], 
      [
        1633139677, 
        "100"
      ], 
      [
        1633139692, 
        "470"
      ], 
      [
        1633139707, 
        "590"
      ], 
      [
        1633139722, 
        "198"
      ], 
      [
        1633139737, 
        "1"
      ], 
      [
        1633139752, 
        "186"
      ], 
      [
        1633139767, 
        "255"
      ], 
      [
        1633139782, 
        "4"
      ], 
      [
        1633139797, 
        "70"
      ], 
      [
        1633139812, 
        "231"
      ], 
      [
        1633139827, 
        "63"
      ], 
      [
        1633139842, 
        "45"
      ], 
      [
        1633139857, 
        "1"
      ], 
      [
        1633139872, 
        "391"
      ], 
      [
        1633139887, 
        "301"
      ], 
      [
        1633139902, 
        "18"
      ], 
      [
        1633139917, 
        "416"
      ]
    ]
  }, 
  "kvdb_bytes_read": {
    "metric": {
      "instance": "172.17.0.1:3033", 
      "job": "openethereum"
    }, 
    "values": [
      [
        1633139632, 
        "97567"
      ], 
      [
        1633139647, 
        "222364"
      ], 
      [
        1633139662, 
        "49423.2"
      ], 
      [
        1633139677, 
        "49716.6"
      ], 
      [
        1633139692, 
        "45959"
      ], 
      [
        1633139707, 
        "659919.6"
      ], 
      [
        1633139722, 
        "306310.4"
      ], 
      [
        1633139737, 
        "473620.2"
      ], 
      [
        1633139752, 
        "32005.3"
      ], 
      [
        1633139767, 
        "117071.14632000001"
      ], 
      [
        1633139782, 
        "58392.9"
      ], 
      [
        1633139797, 
        "325700.2"
      ], 
      [
        1633139812, 
        "537307.7"
      ], 
      [
        1633139827, 
        "553552.4"
      ], 
      [
        1633139842, 
        "479809.01784000004"
      ], 
      [
        1633139857, 
        "48692.8"
      ], 
      [
        1633139872, 
        "495484.5"
      ], 
      [
        1633139887, 
        "229405.8"
      ], 
      [
        1633139902, 
        "100680"
      ], 
      [
        1633139917, 
        "117740.2"
      ]
    ]
  }, 
  "tcp_sends": {
    "metric": {},