{
  "dir_read_c": {
    "metric": {
      "instance": "172.17.0.1:8000", 
      "hostname": "longz-experiment", 
      "pid": "642", 
      "directory": "/data/blockchain/eth-data", 
      "job": "syscall_monitoring", 
      "application_name": "openethereum", 
      "__name__": "dir_reads_total"
    }, 
    "values": [
      [
        1633139921, 
        "29851"
      ], 
      [
        1633139936, 
        "37196"
      ], 
      [
        1633139951, 
        "141306"
      ], 
      [
        1633139966, 
        "77280"
      ], 
      [
        1633139981, 
        "46098"
      ], 
      [
        1633139996, 
        "85332"
      ], 
      [
        1633140011, 
        "115509"
      ], 
      [
        1633140026, 
        "138782"
      ], 
      [
        1633140041, 
        "71494"
      ], 
      [
        1633140056, 
        "70737"
      ], 
      [
        1633140071, 
        "112549"
      ], 
      [
        1633140086, 
        "110724"
      ], 
      [
        1633140101, 
        "202985"
      ], 
      [
        1633140116, 
        "152124"
      ], 
      [
        1633140131, 
        "130667"
      ], 
      [
        1633140146, 
        "206453"
      ], 
      [
        1633140161, 
        "146154"
      ], 
      [
        1633140176, 
        "179668"
      ], 
      [
        1633140191, 
        "137097"
      ], 
      [
        1633140206, 
        "115273"
      ], 
      [
        1633140221, 
        "135679"
      ]
    ]
  }, 
  "stat": {
    "dir_read_c": {
      "max": 202985.0, 
      "mean": 116331.33333333333, 
      "variance": 2345159288.984127, 
      "pvalue": 5.210961217970075e-11, 
      "min": 37196.0
    }, 
    "dir_reads": {
      "max": 3912792064.0, 
      "mean": 2273226069.3333335, 
      "variance": 8.536012114936922e+17, 
      "pvalue": 1.912872405853049e-10, 
      "min": 739684352.0
    }, 
    "tcp_conn": {
      "max": 269.0, 
      "mean": 99.76190476190476, 
      "variance": 15386.086167800457, 
      "pvalue": 1.9748118986787587e-05, 
      "min": 2.0
    }, 
    "kvdb_bytes_read": {
      "max": 726265.65, 
      "mean": 395362.9566648889, 
      "variance": 56303696516.745735, 
      "pvalue": 0.0008004671945263227, 
      "min": 87853.0
    }, 
    "tcp_sends": {
      "max": 550912.0, 
      "mean": 176128.0, 
      "variance": 31513803239.61905, 
      "pvalue": 0.00015193342911982475, 
      "min": 14336.0
    }, 
    "dir_writes": {
      "max": 255352832.0, 
      "mean": 215826919.6190476, 
      "variance": 1175617804097819.2, 
      "pvalue": 0.0243383540048258, 
      "min": 161405952.0
    }, 
    "kvdb_bytes_write": {
      "max": 2755332.1399999997, 
      "mean": 596187.1333333333, 
      "variance": 876181286139.3032, 
      "pvalue": 0.9910881159976767, 
      "min": 0.0
    }, 
    "dir_write_c": {
      "max": 3252.0, 
      "mean": 2775.1428571428573, 
      "variance": 87156890.02721088, 
      "pvalue": 0.6887174024163256, 
      "min": 207.0
    }, 
    "peer_stats": {
      "max": 13.599999999999998, 
      "mean": 8.352941176470589, 
      "variance": 24.11072664359861, 
      "pvalue": 4.793145621230278e-16, 
      "min": 1.0
    }, 
    "tcp_recvs": {
      "max": 27215872.0, 
      "mean": 7153956.571428572, 
      "variance": 104929622105944.83, 
      "pvalue": 0.21140900686591316, 
      "min": 278528.0
    }
  }, 
  "dir_reads": {
    "metric": {
      "instance": "172.17.0.1:8000", 
      "hostname": "longz-experiment", 
      "pid": "642", 
      "directory": "/data/blockchain/eth-data", 
      "job": "syscall_monitoring", 
      "application_name": "openethereum"
    }, 
    "values": [
      [
        1633139921, 
        "611859456"
      ], 
      [
        1633139936, 
        "739684352"
      ], 
      [
        1633139951, 
        "2781747200"
      ], 
      [
        1633139966, 
        "1539948544"
      ], 
      [
        1633139981, 
        "906585088"
      ], 
      [
        1633139996, 
        "1795795968"
      ], 
      [
        1633140011, 
        "2465108992"
      ], 
      [
        1633140026, 
        "2873375744"
      ], 
      [
        1633140041, 
        "1588228096"
      ], 
      [
        1633140056, 
        "1331830784"
      ], 
      [
        1633140071, 
        "2120208384"
      ], 
      [
        1633140086, 
        "2097927168"
      ], 
      [
        1633140101, 
        "3912792064"
      ], 
      [
        1633140116, 
        "2948789248"
      ], 
      [
        1633140131, 
        "2469318656"
      ], 
      [
        1633140146, 
        "3993709568"
      ], 
      [
        1633140161, 
        "2826808320"
      ], 
      [
        1633140176, 
        "3493340160"
      ], 
      [
        1633140191, 
        "2591423488"
      ], 
      [
        1633140206, 
        "2136930304"
      ], 
      [
        1633140221, 
        "2512335872"
      ]
    ]
  }, 
  "tcp_conn": {
    "metric": {}, 
    "values": [
      [
        1633139921, 
        "416"
      ], 
      [
        1633139936, 
        "234"
      ], 
      [
        1633139951, 
        "58"
      ], 
      [
        1633139966, 
        "116"
      ], 
      [
        1633139981, 
        "243"
      ], 
      [
        1633139996, 
        "269"
      ], 
      [
        1633140011, 
        "160"
      ], 
      [
        1633140026, 
        "2"
      ], 
      [
        1633140041, 
        "258"
      ], 
      [
        1633140056, 
        "249"
      ], 
      [
        1633140071, 
        "4"
      ], 
      [
        1633140086, 
        "0"
      ], 
      [
        1633140101, 
        "4"
      ], 
      [
        1633140116, 
        "3"
      ], 
      [
        1633140131, 
        "3"
      ], 
      [
        1633140146, 
        "39"
      ], 
      [
        1633140161, 
        "12"
      ], 
      [
        1633140176, 
        "10"
      ], 
      [
        1633140191, 
        "7"
      ], 
      [
        1633140206, 
        "3"
      ], 
      [
        1633140221, 
        "5"
      ]
    ]
  }, 
  "kvdb_bytes_read": {
    "metric": {
      "instance": "172.17.0.1:3033", 
      "job": "openethereum"
    }, 
    "values": [
      [
        1633139921, 
        "126929.4"
      ], 
      [
        1633139936, 
        "760120.8"
      ], 
      [
        1633139951, 
        "131503.8"
      ], 
      [
        1633139966, 
        "87755.7"
      ], 
      [
        1633139981, 
        "456354.6"
      ], 
      [
        1633139996, 
        "427989.4"
      ], 
      [
        1633140011, 
        "219457.24997333332"
      ], 
      [
        1633140026, 
        "128520.8"
      ], 
      [
        1633140041, 
        "87894.7"
      ], 
      [
        1633140086, 
        "402867.6"
      ], 
      [
        1633140101, 
        "565360.2"
      ], 
      [
        1633140131, 
        "711756.3"
      ], 
      [
        1633140161, 
        "538379.7"
      ], 
      [
        1633140176, 
        "612805.6"
      ], 
      [
        1633140206, 
        "672748.5"
      ]
    ]
  }, 
  "tcp_sends": {
    "metric": {},