{
  "stat": {
    "max": 43.599999999999994, 
    "mean": 41.8, 
    "variance": 1.3599999999999999, 
    "min": 41.00000000000001
  }, 
  "values": [
    [
      1627482525, 
      44
    ], 
    [
      1627482540, 
      41
    ], 
    [
      1627482555, 
      41.5
    ], 
    [
      1627482570, 
      41
    ], 
    [
      1627482585, 
      42
    ]
  ], 
  "name": "geth.p2p/peers.gauge", 
  "columns": [
    "time", 
    "median"
  ]
}