{
  "stat": {
    "max": 43.0, 
    "mean": 40.904761904761905, 
    "variance": 1.2290249433106584, 
    "min": 40.0
  }, 
  "values": [
    [
      1627482225, 
      42
    ], 
    [
      1627482240, 
      44
    ], 
    [
      1627482255, 
      40
    ], 
    [
      1627482270, 
      40
    ], 
    [
      1627482285, 
      41
    ], 
    [
      1627482300, 
      42
    ], 
    [
      1627482315, 
      41
    ], 
    [
      1627482330, 
      42
    ], 
    [
      1627482345, 
      40.5
    ], 
    [
      1627482360, 
      40
    ], 
    [
      1627482375, 
      40
    ], 
    [
      1627482390, 
      40
    ], 
    [
      1627482405, 
      41
    ], 
    [
      1627482420, 
      41
    ], 
    [
      1627482435, 
      40.5
    ], 
    [
      1627482450, 
      41
    ], 
    [
      1627482465, 
      40.5
    ], 
    [
      1627482480, 
      41
    ], 
    [
      1627482495, 
      40.5
    ], 
    [
      1627482510, 
      40
    ], 
    [
      1627482525, 
      43
    ]
  ], 
  "name": "geth.p2p/peers.gauge", 
  "columns": [
    "time", 
    "median"
  ]
}