{
  "stat": {
    "max": 43.0, 
    "mean": 41.61904761904762, 
    "variance": 0.7120181405895691, 
    "min": 41.0
  }, 
  "values": [
    [
      1627482585, 
      41
    ], 
    [
      1627482600, 
      43
    ], 
    [
      1627482615, 
      41
    ], 
    [
      1627482630, 
      42
    ], 
    [
      1627482645, 
      41.5
    ], 
    [
      1627482660, 
      44
    ], 
    [
      1627482675, 
      42.5
    ], 
    [
      1627482690, 
      43
    ], 
    [
      1627482705, 
      41
    ], 
    [
      1627482720, 
      41
    ], 
    [
      1627482735, 
      41.5
    ], 
    [
      1627482750, 
      41
    ], 
    [
      1627482765, 
      42
    ], 
    [
      1627482780, 
      41
    ], 
    [
      1627482795, 
      42
    ], 
    [
      1627482810, 
      42
    ], 
    [
      1627482825, 
      41.5
    ], 
    [
      1627482840, 
      41
    ], 
    [
      1627482855, 
      42.5
    ], 
    [
      1627482870, 
      41
    ], 
    [
      1627482885, 
      41
    ]
  ], 
  "name": "geth.p2p/peers.gauge", 
  "columns": [
    "time", 
    "median"
  ]
}