{
  "stat": {
    "max": 40.0, 
    "mean": 39.95238095238095, 
    "variance": 0.1405895691609978, 
    "min": 39.0
  }, 
  "values": [
    [
      1623165540, 
      39
    ], 
    [
      1623165555, 
      40
    ], 
    [
      1623165570, 
      39.5
    ], 
    [
      1623165585, 
      40
    ], 
    [
      1623165600, 
      40
    ], 
    [
      1623165615, 
      41
    ], 
    [
      1623165630, 
      40
    ], 
    [
      1623165645, 
      40
    ], 
    [
      1623165660, 
      40
    ], 
    [
      1623165675, 
      40
    ], 
    [
      1623165690, 
      40
    ], 
    [
      1623165705, 
      40
    ], 
    [
      1623165720, 
      40
    ], 
    [
      1623165735, 
      40
    ], 
    [
      1623165750, 
      40
    ], 
    [
      1623165765, 
      40
    ], 
    [
      1623165780, 
      40
    ], 
    [
      1623165795, 
      40
    ], 
    [
      1623165810, 
      40
    ], 
    [
      1623165825, 
      40
    ], 
    [
      1623165840, 
      40
    ]
  ], 
  "name": "geth.p2p/peers.gauge", 
  "columns": [
    "time", 
    "median"
  ]
}