{
  "dir_read_c": {
    "metric": {
      "instance": "172.17.0.1:8000", 
      "hostname": "longz-experiment", 
      "pid": "2331", 
      "directory": "/data/blockchain/eth-data", 
      "job": "syscall_monitoring", 
      "application_name": "openethereum", 
      "__name__": "dir_reads_total"
    }, 
    "values": [
      [
        1633143591, 
        "35224"
      ], 
      [
        1633143606, 
        "21624"
      ], 
      [
        1633143621, 
        "26333"
      ], 
      [
        1633143636, 
        "22718"
      ], 
      [
        1633143651, 
        "33814"
      ], 
      [
        1633143666, 
        "35495"
      ], 
      [
        1633143681, 
        "35419"
      ], 
      [
        1633143696, 
        "36325"
      ], 
      [
        1633143711, 
        "56212"
      ], 
      [
        1633143726, 
        "29407"
      ], 
      [
        1633143741, 
        "43764"
      ], 
      [
        1633143756, 
        "30013"
      ], 
      [
        1633143771, 
        "31672"
      ], 
      [
        1633143786, 
        "17832"
      ], 
      [
        1633143801, 
        "21330"
      ], 
      [
        1633143816, 
        "42761"
      ], 
      [
        1633143831, 
        "28974"
      ], 
      [
        1633143846, 
        "24403"
      ], 
      [
        1633143861, 
        "35692"
      ], 
      [
        1633143876, 
        "22295"
      ], 
      [
        1633143891, 
        "33977"
      ]
    ]
  }, 
  "stat": {
    "dir_read_c": {
      "max": 43764.0, 
      "mean": 31680.190476190477, 
      "variance": 77354701.01133788, 
      "pvalue": 0.04547456148958228, 
      "min": 21330.0
    }, 
    "dir_reads": {
      "max": 840860672.0, 
      "mean": 646057642.6666666, 
      "variance": 2.7908079971650348e+16, 
      "pvalue": 0.09219537253397367, 
      "min": 419278848.0
    }, 
    "tcp_conn": {
      "max": 42.0, 
      "mean": 22.476190476190474, 
      "variance": 169.29705215419503, 
      "pvalue": 1.5623320500736475e-10, 
      "min": 0.0
    }, 
    "kvdb_bytes_read": {
      "max": 232028.29999999984, 
      "mean": 117837.4105263158, 
      "variance": 3759393312.7451515, 
      "pvalue": 0.1538727980810866, 
      "min": 42979.59
    }, 
    "tcp_sends": {
      "max": 346112.0, 
      "mean": 476355.04761904763, 
      "variance": 2906146021951.855, 
      "pvalue": 2.4963554274548617e-05, 
      "min": 0.0
    }, 
    "dir_writes": {
      "max": 237476864.0, 
      "mean": 208112932.57142857, 
      "variance": 684948834024134.4, 
      "pvalue": 0.03016872151636251, 
      "min": 163388416.0
    }, 
    "kvdb_bytes_write": {
      "max": 623825.0399999997, 
      "mean": 158663.77368421052, 
      "variance": 49456685491.05457, 
      "pvalue": 0.016766934091806646, 
      "min": 0.0
    }, 
    "dir_write_c": {
      "max": 2447.0, 
      "mean": 2204.0, 
      "variance": 62002342.571428575, 
      "pvalue": 0.8164408640743875, 
      "min": 201.0
    }, 
    "peer_stats": {
      "max": 36.0, 
      "mean": 33.0, 
      "variance": 4.3, 
      "pvalue": 1.3774177809836505e-13, 
      "min": 29.85
    }, 
    "tcp_recvs": {
      "max": 4032512.0, 
      "mean": 1588467.8095238095, 
      "variance": 3785566569079.5835, 
      "pvalue": 0.49824435061696637, 
      "min": 0.0
    }
  }, 
  "dir_reads": {
    "metric": {
      "instance": "172.17.0.1:8000", 
      "hostname": "longz-experiment", 
      "pid": "2331", 
      "directory": "/data/blockchain/eth-data", 
      "job": "syscall_monitoring", 
      "application_name": "openethereum"
    }, 
    "values": [
      [
        1633143591, 
        "722306048"
      ], 
      [
        1633143606, 
        "456029184"
      ], 
      [
        1633143621, 
        "556824576"
      ], 
      [
        1633143636, 
        "479417344"
      ], 
      [
        1633143651, 
        "691836928"
      ], 
      [
        1633143666, 
        "729854976"
      ], 
      [
        1633143681, 
        "708980736"
      ], 
      [
        1633143696, 
        "739550208"
      ], 
      [
        1633143711, 
        "1108046848"
      ], 
      [
        1633143726, 
        "529937408"
      ], 
      [
        1633143741, 
        "822167552"
      ], 
      [
        1633143756, 
        "575080448"
      ], 
      [
        1633143771, 
        "599805952"
      ], 
      [
        1633143786, 
        "417140736"
      ], 
      [
        1633143801, 
        "419278848"
      ], 
      [
        1633143816, 
        "840860672"
      ], 
      [
        1633143831, 
        "712411136"
      ], 
      [
        1633143846, 
        "499438592"
      ], 
      [
        1633143861, 
        "749870080"
      ], 
      [
        1633143876, 
        "463610880"
      ], 
      [
        1633143891, 
        "744761344"
      ]
    ]
  }, 
  "tcp_conn": {
    "metric": {}, 
    "values": [
      [
        1633143591, 
        "19"
      ], 
      [
        1633143606, 
        "20"
      ], 
      [
        1633143621, 
        "18"
      ], 
      [
        1633143636, 
        "23"
      ], 
      [
        1633143651, 
        "21"
      ], 
      [
        1633143666, 
        "21"
      ], 
      [
        1633143681, 
        "20"
      ], 
      [
        1633143696, 
        "17"
      ], 
      [
        1633143711, 
        "29"
      ], 
      [
        1633143726, 
        "42"
      ], 
      [
        1633143741, 
        "19"
      ], 
      [
        1633143756, 
        "38"
      ], 
      [
        1633143771, 
        "34"
      ], 
      [
        1633143786, 
        "25"
      ], 
      [
        1633143801, 
        "15"
      ], 
      [
        1633143816, 
        "0"
      ], 
      [
        1633143831, 
        "0"
      ], 
      [
        1633143846, 
        "61"
      ], 
      [
        1633143861, 
        "19"
      ], 
      [
        1633143876, 
        "15"
      ], 
      [
        1633143891, 
        "16"
      ]
    ]
  }, 
  "kvdb_bytes_read": {
    "metric": {
      "instance": "172.17.0.1:3033", 
      "job": "openethereum"
    }, 
    "values": [
      [
        1633143591, 
        "58643.1"
      ], 
      [
        1633143606, 
        "131449.5"
      ], 
      [
        1633143621, 
        "92637.7"
      ], 
      [
        1633143636, 
        "164968.5"
      ], 
      [
        1633143651, 
        "161625.5"
      ], 
      [
        1633143666, 
        "82520.3"
      ], 
      [
        1633143681, 
        "130588.3"
      ], 
      [
        1633143696, 
        "304962.5"
      ], 
      [
        1633143711, 
        "80297.6"
      ], 
      [
        1633143726, 
        "97222.8"
      ], 
      [
        1633143741, 
        "113341.6"
      ], 
      [
        1633143756, 
        "111087.6"
      ], 
      [
        1633143771, 
        "43782.1"
      ], 
      [
        1633143786, 
        "93127.7"
      ], 
      [
        1633143831, 
        "104709.2"
      ], 
      [
        1633143846, 
        "105773.9"
      ], 
      [
        1633143861, 
        "102491.4"
      ], 
      [
        1633143876, 
        "223924.5"
      ], 
      [
        1633143891, 
        "35757"
      ]
    ]
  }, 
  "tcp_sends": {
    "metric": {},