{
  "dir_read_c": {
    "metric": {
      "instance": "172.17.0.1:8000", 
      "hostname": "longz-experiment", 
      "pid": "2331", 
      "directory": "/data/blockchain/eth-data", 
      "job": "syscall_monitoring", 
      "application_name": "openethereum", 
      "__name__": "dir_reads_total"
    }, 
    "values": [
      [
        1633143290, 
        "142625"
      ], 
      [
        1633143305, 
        "49591"
      ], 
      [
        1633143320, 
        "34163"
      ], 
      [
        1633143335, 
        "50884"
      ], 
      [
        1633143350, 
        "44057"
      ], 
      [
        1633143365, 
        "54807"
      ], 
      [
        1633143380, 
        "30558"
      ], 
      [
        1633143395, 
        "25924"
      ], 
      [
        1633143410, 
        "28634"
      ], 
      [
        1633143425, 
        "19239"
      ], 
      [
        1633143440, 
        "25334"
      ], 
      [
        1633143455, 
        "18326"
      ], 
      [
        1633143470, 
        "16125"
      ], 
      [
        1633143485, 
        "12630"
      ], 
      [
        1633143500, 
        "26895"
      ], 
      [
        1633143515, 
        "18961"
      ], 
      [
        1633143530, 
        "28936"
      ], 
      [
        1633143545, 
        "24378"
      ], 
      [
        1633143560, 
        "31524"
      ], 
      [
        1633143575, 
        "37811"
      ], 
      [
        1633143590, 
        "35224"
      ]
    ]
  }, 
  "stat": {
    "dir_read_c": {
      "max": 54807.0, 
      "mean": 36029.80952380953, 
      "variance": 695850778.1541952, 
      "pvalue": 0.36187833238682576, 
      "min": 16125.0
    }, 
    "dir_reads": {
      "max": 1196419072.0, 
      "mean": 715838951.6190476, 
      "variance": 2.808350323818396e+17, 
      "pvalue": 0.285195319926506, 
      "min": 331694080.0
    }, 
    "tcp_conn": {
      "max": 47.0, 
      "mean": 27.904761904761905, 
      "variance": 103.99092970521542, 
      "pvalue": 1.4349680252171924e-06, 
      "min": 16.0
    }, 
    "kvdb_bytes_read": {
      "max": 201438.3, 
      "mean": 124716.75238095237, 
      "variance": 13100897883.80154, 
      "pvalue": 0.09317533235647237, 
      "min": 33848.8
    }, 
    "tcp_sends": {
      "max": 2753536.0, 
      "mean": 388973.71428571426, 
      "variance": 607197734480.1088, 
      "pvalue": 0.0007559472004543355, 
      "min": 22528.0
    }, 
    "dir_writes": {
      "max": 549604352.0, 
      "mean": 250432658.2857143, 
      "variance": 1.6550334073296664e+16, 
      "pvalue": 0.01175788708734514, 
      "min": 158204928.0
    }, 
    "kvdb_bytes_write": {
      "max": 483415.1, 
      "mean": 511881.5380952382, 
      "variance": 2775464372930.9507, 
      "pvalue": 0.0670298278720857, 
      "min": 0.0
    }, 
    "dir_write_c": {
      "max": 9472.0, 
      "mean": 2774.6190476190477, 
      "variance": 58173771.378684804, 
      "pvalue": 0.2425528130724809, 
      "min": 198.0
    }, 
    "peer_stats": {
      "max": 34.0, 
      "mean": 31.333333333333332, 
      "variance": 5.365079365079364, 
      "pvalue": 6.630483988442622e-09, 
      "min": 28.0
    }, 
    "tcp_recvs": {
      "max": 30190592.0, 
      "mean": 7090809.904761905, 
      "variance": 112403551502298.83, 
      "pvalue": 0.00703385593373884, 
      "min": 811008.0
    }
  }, 
  "dir_reads": {
    "metric": {
      "instance": "172.17.0.1:8000", 
      "hostname": "longz-experiment", 
      "pid": "2331", 
      "directory": "/data/blockchain/eth-data", 
      "job": "syscall_monitoring", 
      "application_name": "openethereum"
    }, 
    "values": [
      [
        1633143290, 
        "2859282432"
      ], 
      [
        1633143305, 
        "954686464"
      ], 
      [
        1633143320, 
        "604979200"
      ], 
      [
        1633143335, 
        "978279424"
      ], 
      [
        1633143350, 
        "804995072"
      ], 
      [
        1633143365, 
        "1196419072"
      ], 
      [
        1633143380, 
        "556250112"
      ], 
      [
        1633143395, 
        "484358144"
      ], 
      [
        1633143410, 
        "541846528"
      ], 
      [
        1633143425, 
        "350538752"
      ], 
      [
        1633143440, 
        "504597504"
      ], 
      [
        1633143455, 
        "331694080"
      ], 
      [
        1633143470, 
        "354394112"
      ], 
      [
        1633143485, 
        "287224832"
      ], 
      [
        1633143500, 
        "572462080"
      ], 
      [
        1633143515, 
        "426877952"
      ], 
      [
        1633143530, 
        "600577024"
      ], 
      [
        1633143545, 
        "492745728"
      ], 
      [
        1633143560, 
        "635774976"
      ], 
      [
        1633143575, 
        "772328448"
      ], 
      [
        1633143590, 
        "722306048"
      ]
    ]
  }, 
  "tcp_conn": {
    "metric": {}, 
    "values": [
      [
        1633143290, 
        "47"
      ], 
      [
        1633143305, 
        "48"
      ], 
      [
        1633143320, 
        "36"
      ], 
      [
        1633143335, 
        "26"
      ], 
      [
        1633143350, 
        "19"
      ], 
      [
        1633143365, 
        "27"
      ], 
      [
        1633143380, 
        "41"
      ], 
      [
        1633143395, 
        "35"
      ], 
      [
        1633143410, 
        "37"
      ], 
      [
        1633143425, 
        "20"
      ], 
      [
        1633143440, 
        "35"
      ], 
      [
        1633143455, 
        "21"
      ], 
      [
        1633143470, 
        "19"
      ], 
      [
        1633143485, 
        "16"
      ], 
      [
        1633143500, 
        "21"
      ], 
      [
        1633143515, 
        "20"
      ], 
      [
        1633143530, 
        "20"
      ], 
      [
        1633143545, 
        "40"
      ], 
      [
        1633143560, 
        "15"
      ], 
      [
        1633143575, 
        "24"
      ], 
      [
        1633143590, 
        "19"
      ]
    ]
  }, 
  "kvdb_bytes_read": {
    "metric": {
      "instance": "172.17.0.1:3033", 
      "job": "openethereum"
    }, 
    "values": [
      [
        1633143290, 
        "187546"
      ], 
      [
        1633143305, 
        "173958.3"
      ], 
      [
        1633143320, 
        "189473.7"
      ], 
      [
        1633143335, 
        "171113.5"
      ], 
      [
        1633143350, 
        "571993.2"
      ], 
      [
        1633143365, 
        "103769.2"
      ], 
      [
        1633143380, 
        "78035.1"
      ], 
      [
        1633143395, 
        "85924.2"
      ], 
      [
        1633143410, 
        "33848.8"
      ], 
      [
        1633143425, 
        "64864.7"
      ], 
      [
        1633143440, 
        "44278.7"
      ], 
      [
        1633143455, 
        "43559.9"
      ], 
      [
        1633143470, 
        "26078.5"
      ], 
      [
        1633143485, 
        "78230.8"
      ], 
      [
        1633143500, 
        "45091.5"
      ], 
      [
        1633143515, 
        "74052"
      ], 
      [
        1633143530, 
        "160132.6"
      ], 
      [
        1633143545, 
        "137140.7"
      ], 
      [
        1633143560, 
        "65848.9"
      ], 
      [
        1633143575, 
        "201438.3"
      ], 
      [
        1633143590, 
        "82673.2"
      ]
    ]
  }, 
  "tcp_sends": {
    "metric": {},