{
  "dir_read_c": {
    "metric": {
      "instance": "172.17.0.1:8000", 
      "hostname": "longz-experiment", 
      "pid": "2331", 
      "directory": "/data/blockchain/eth-data", 
      "job": "syscall_monitoring", 
      "application_name": "openethereum", 
      "__name__": "dir_reads_total"
    }, 
    "values": [
      [
        1633144192, 
        "22349"
      ], 
      [
        1633144207, 
        "33741"
      ], 
      [
        1633144222, 
        "39209"
      ], 
      [
        1633144237, 
        "29830"
      ], 
      [
        1633144252, 
        "41756"
      ], 
      [
        1633144267, 
        "43592"
      ], 
      [
        1633144282, 
        "37165"
      ], 
      [
        1633144297, 
        "31727"
      ], 
      [
        1633144312, 
        "43839"
      ], 
      [
        1633144327, 
        "23792"
      ], 
      [
        1633144342, 
        "20689"
      ], 
      [
        1633144357, 
        "34542"
      ], 
      [
        1633144372, 
        "59214"
      ], 
      [
        1633144387, 
        "31182"
      ], 
      [
        1633144402, 
        "18834"
      ], 
      [
        1633144417, 
        "31475"
      ], 
      [
        1633144432, 
        "34703"
      ], 
      [
        1633144447, 
        "36397"
      ], 
      [
        1633144462, 
        "36529"
      ], 
      [
        1633144477, 
        "61926"
      ], 
      [
        1633144492, 
        "51230"
      ]
    ]
  }, 
  "stat": {
    "dir_read_c": {
      "max": 59214.0, 
      "mean": 36367.666666666664, 
      "variance": 122756393.74603173, 
      "pvalue": 0.35799171112071915, 
      "min": 20689.0
    }, 
    "dir_reads": {
      "max": 1118666752.0, 
      "mean": 716982954.6666666, 
      "variance": 3.3498640856803748e+16, 
      "pvalue": 0.22762808391085043, 
      "min": 500526080.0
    }, 
    "tcp_conn": {
      "max": 56.0, 
      "mean": 27.714285714285715, 
      "variance": 294.1088435374149, 
      "pvalue": 1.8617322116166045e-05, 
      "min": 3.0
    }, 
    "kvdb_bytes_read": {
      "max": 366447.17999999964, 
      "mean": 171501.58328, 
      "variance": 13531355565.741806, 
      "pvalue": 0.7347727175719965, 
      "min": 64766.168231999996
    }, 
    "tcp_sends": {
      "max": 1931264.0, 
      "mean": 596748.1904761905, 
      "variance": 1819333776576.726, 
      "pvalue": 0.00793501338851999, 
      "min": 14336.0
    }, 
    "dir_writes": {
      "max": 255345664.0, 
      "mean": 196189964.19047618, 
      "variance": 1966228806706173.8, 
      "pvalue": 0.8505848837514255, 
      "min": 127751168.0
    }, 
    "kvdb_bytes_write": {
      "max": 585360.8199999996, 
      "mean": 206867.61052631578, 
      "variance": 57887810110.862, 
      "pvalue": 0.26552380955067895, 
      "min": 0.0
    }, 
    "dir_write_c": {
      "max": 4395.0, 
      "mean": 2032.7142857142858, 
      "variance": 46321239.63265305, 
      "pvalue": 0.218637360711235, 
      "min": 133.0
    }, 
    "peer_stats": {
      "max": 37.1, 
      "mean": 32.68421052631579, 
      "variance": 4.952908587257613, 
      "pvalue": 5.320822224576117e-16, 
      "min": 30.900000000000002
    }, 
    "tcp_recvs": {
      "max": 27192320.0, 
      "mean": 7827846.095238095, 
      "variance": 144508438630948.03, 
      "pvalue": 0.005394053052435371, 
      "min": 236544.0
    }
  }, 
  "dir_reads": {
    "metric": {
      "instance": "172.17.0.1:8000", 
      "hostname": "longz-experiment", 
      "pid": "2331", 
      "directory": "/data/blockchain/eth-data", 
      "job": "syscall_monitoring", 
      "application_name": "openethereum"
    }, 
    "values": [
      [
        1633144192, 
        "466489344"
      ], 
      [
        1633144207, 
        "667968512"
      ], 
      [
        1633144222, 
        "789166080"
      ], 
      [
        1633144237, 
        "586203136"
      ], 
      [
        1633144252, 
        "772342784"
      ], 
      [
        1633144267, 
        "961043456"
      ], 
      [
        1633144282, 
        "656589824"
      ], 
      [
        1633144297, 
        "534105088"
      ], 
      [
        1633144312, 
        "790680576"
      ], 
      [
        1633144327, 
        "500526080"
      ], 
      [
        1633144342, 
        "509565952"
      ], 
      [
        1633144357, 
        "694872064"
      ], 
      [
        1633144372, 
        "1134543872"
      ], 
      [
        1633144387, 
        "565816320"
      ], 
      [
        1633144402, 
        "573704192"
      ], 
      [
        1633144417, 
        "634102784"
      ], 
      [
        1633144432, 
        "699341824"
      ], 
      [
        1633144447, 
        "757842944"
      ], 
      [
        1633144462, 
        "748421120"
      ], 
      [
        1633144477, 
        "1118666752"
      ], 
      [
        1633144492, 
        "894649344"
      ]
    ]
  }, 
  "tcp_conn": {
    "metric": {}, 
    "values": [
      [
        1633144192, 
        "42"
      ], 
      [
        1633144207, 
        "51"
      ], 
      [
        1633144222, 
        "32"
      ], 
      [
        1633144237, 
        "58"
      ], 
      [
        1633144252, 
        "12"
      ], 
      [
        1633144267, 
        "0"
      ], 
      [
        1633144282, 
        "7"
      ], 
      [
        1633144297, 
        "44"
      ], 
      [
        1633144312, 
        "39"
      ], 
      [
        1633144327, 
        "29"
      ], 
      [
        1633144342, 
        "30"
      ], 
      [
        1633144357, 
        "13"
      ], 
      [
        1633144372, 
        "3"
      ], 
      [
        1633144387, 
        "56"
      ], 
      [
        1633144402, 
        "23"
      ], 
      [
        1633144417, 
        "23"
      ], 
      [
        1633144432, 
        "12"
      ], 
      [
        1633144447, 
        "23"
      ], 
      [
        1633144462, 
        "19"
      ], 
      [
        1633144477, 
        "16"
      ], 
      [
        1633144492, 
        "50"
      ]
    ]
  }, 
  "kvdb_bytes_read": {
    "metric": {
      "instance": "172.17.0.1:3033", 
      "job": "openethereum"
    }, 
    "values": [
      [
        1633144192, 
        "162328.3"
      ], 
      [
        1633144207, 
        "101727"
      ], 
      [
        1633144222, 
        "90023.7"
      ], 
      [
        1633144237, 
        "47128.58232000001"
      ], 
      [
        1633144282, 
        "103794.7"
      ], 
      [
        1633144297, 
        "159237.4"
      ], 
      [
        1633144312, 
        "69913.9"
      ], 
      [
        1633144327, 
        "66725.9"
      ], 
      [
        1633144342, 
        "86664.9"
      ], 
      [
        1633144357, 
        "307830.2"
      ], 
      [
        1633144372, 
        "347672.5"
      ], 
      [
        1633144387, 
        "82210"
      ], 
      [
        1633144402, 
        "535419.3"
      ], 
      [
        1633144417, 
        "212252.4"
      ], 
      [
        1633144432, 
        "180708.9"
      ], 
      [
        1633144447, 
        "186040.4"
      ], 
      [
        1633144462, 
        "179833.5"
      ], 
      [
        1633144477, 
        "218197.1"
      ], 
      [
        1633144492, 
        "120821.4"
      ]
    ]
  }, 
  "tcp_sends": {
    "metric": {},