{
  "dir_read_c": {
    "metric": {
      "instance": "172.17.0.1:8000", 
      "hostname": "longz-experiment", 
      "pid": "2331", 
      "directory": "/data/blockchain/eth-data", 
      "job": "syscall_monitoring", 
      "application_name": "openethereum", 
      "__name__": "dir_reads_total"
    }, 
    "values": [
      [
        1633144495, 
        "51230"
      ], 
      [
        1633144510, 
        "31299"
      ], 
      [
        1633144525, 
        "43197"
      ], 
      [
        1633144540, 
        "29442"
      ], 
      [
        1633144555, 
        "43130"
      ], 
      [
        1633144570, 
        "42327"
      ], 
      [
        1633144585, 
        "36542"
      ], 
      [
        1633144600, 
        "38934"
      ], 
      [
        1633144615, 
        "41402"
      ], 
      [
        1633144630, 
        "41343"
      ], 
      [
        1633144645, 
        "45502"
      ], 
      [
        1633144660, 
        "46748"
      ], 
      [
        1633144675, 
        "43881"
      ], 
      [
        1633144690, 
        "34572"
      ], 
      [
        1633144705, 
        "28124"
      ], 
      [
        1633144720, 
        "43166"
      ], 
      [
        1633144735, 
        "39783"
      ], 
      [
        1633144750, 
        "50492"
      ], 
      [
        1633144765, 
        "37859"
      ], 
      [
        1633144780, 
        "37106"
      ], 
      [
        1633144795, 
        "34851"
      ]
    ]
  }, 
  "stat": {
    "dir_read_c": {
      "max": 50492.0, 
      "mean": 40044.28571428572, 
      "variance": 36978226.01360544, 
      "pvalue": 0.0055761093380101365, 
      "min": 29442.0
    }, 
    "dir_reads": {
      "max": 894649344.0, 
      "mean": 714205964.1904762, 
      "variance": 1.2592563972101312e+16, 
      "pvalue": 0.029909891393822472, 
      "min": 525042688.0
    }, 
    "tcp_conn": {
      "max": 50.0, 
      "mean": 27.19047619047619, 
      "variance": 130.53514739229024, 
      "pvalue": 4.63475080161647e-08, 
      "min": 16.0
    }, 
    "kvdb_bytes_read": {
      "max": 363245.6, 
      "mean": 180987.24761904762, 
      "variance": 12757102706.60154, 
      "pvalue": 0.0028025842226788366, 
      "min": 108100.0
    }, 
    "tcp_sends": {
      "max": 234496.0, 
      "mean": 157159.61904761905, 
      "variance": 161831389662.3311, 
      "pvalue": 2.5802796536912724e-07, 
      "min": 22528.0
    }, 
    "dir_writes": {
      "max": 246492160.0, 
      "mean": 211549866.66666666, 
      "variance": 392924003274296.9, 
      "pvalue": 0.010010625033354906, 
      "min": 188019712.0
    }, 
    "kvdb_bytes_write": {
      "max": 499336.8, 
      "mean": 260008.2666666667, 
      "variance": 39479210001.147934, 
      "pvalue": 0.1075399078589565, 
      "min": 0.0
    }, 
    "dir_write_c": {
      "max": 450.0, 
      "mean": 1751.8095238095239, 
      "variance": 39363859.297052175, 
      "pvalue": 0.07602623286632079, 
      "min": 252.0
    }, 
    "peer_stats": {
      "max": 38.0, 
      "mean": 35.23809523809524, 
      "variance": 3.0385487528344672, 
      "pvalue": 1.6679739911498908e-19, 
      "min": 33.0
    }, 
    "tcp_recvs": {
      "max": 7988224.0, 
      "mean": 2894945.523809524, 
      "variance": 18489651847409.492, 
      "pvalue": 0.17639565447144545, 
      "min": 228352.0
    }
  }, 
  "dir_reads": {
    "metric": {
      "instance": "172.17.0.1:8000", 
      "hostname": "longz-experiment", 
      "pid": "2331", 
      "directory": "/data/blockchain/eth-data", 
      "job": "syscall_monitoring", 
      "application_name": "openethereum"
    }, 
    "values": [
      [
        1633144495, 
        "894649344"
      ], 
      [
        1633144510, 
        "525042688"
      ], 
      [
        1633144525, 
        "742990848"
      ], 
      [
        1633144540, 
        "478504960"
      ], 
      [
        1633144555, 
        "739975168"
      ], 
      [
        1633144570, 
        "721104896"
      ], 
      [
        1633144585, 
        "678175744"
      ], 
      [
        1633144600, 
        "680531968"
      ], 
      [
        1633144615, 
        "721592320"
      ], 
      [
        1633144630, 
        "726640640"
      ], 
      [
        1633144645, 
        "813993984"
      ], 
      [
        1633144660, 
        "857497600"
      ], 
      [
        1633144675, 
        "801413120"
      ], 
      [
        1633144690, 
        "631569408"
      ], 
      [
        1633144705, 
        "525790208"
      ], 
      [
        1633144720, 
        "794831872"
      ], 
      [
        1633144735, 
        "659671040"
      ], 
      [
        1633144750, 
        "922122240"
      ], 
      [
        1633144765, 
        "700296192"
      ], 
      [
        1633144780, 
        "722292736"
      ], 
      [
        1633144795, 
        "659638272"
      ]
    ]
  }, 
  "tcp_conn": {
    "metric": {}, 
    "values": [
      [
        1633144495, 
        "50"
      ], 
      [
        1633144510, 
        "38"
      ], 
      [
        1633144525, 
        "1"
      ], 
      [
        1633144540, 
        "52"
      ], 
      [
        1633144555, 
        "16"
      ], 
      [
        1633144570, 
        "22"
      ], 
      [
        1633144585, 
        "22"
      ], 
      [
        1633144600, 
        "17"
      ], 
      [
        1633144615, 
        "21"
      ], 
      [
        1633144630, 
        "25"
      ], 
      [
        1633144645, 
        "33"
      ], 
      [
        1633144660, 
        "25"
      ], 
      [
        1633144675, 
        "18"
      ], 
      [
        1633144690, 
        "37"
      ], 
      [
        1633144705, 
        "25"
      ], 
      [
        1633144720, 
        "29"
      ], 
      [
        1633144735, 
        "25"
      ], 
      [
        1633144750, 
        "25"
      ], 
      [
        1633144765, 
        "24"
      ], 
      [
        1633144780, 
        "42"
      ], 
      [
        1633144795, 
        "24"
      ]
    ]
  }, 
  "kvdb_bytes_read": {
    "metric": {
      "instance": "172.17.0.1:3033", 
      "job": "openethereum"
    }, 
    "values": [
      [
        1633144495, 
        "120821.4"
      ], 
      [
        1633144510, 
        "146578.3"
      ], 
      [
        1633144525, 
        "91844.5"
      ], 
      [
        1633144540, 
        "177517.7"
      ], 
      [
        1633144555, 
        "174567.9"
      ], 
      [
        1633144570, 
        "141027.3"
      ], 
      [
        1633144585, 
        "173413.3"
      ], 
      [
        1633144600, 
        "156747.5"
      ], 
      [
        1633144615, 
        "174574.7"
      ], 
      [
        1633144630, 
        "125947"
      ], 
      [
        1633144645, 
        "132022.6"
      ], 
      [
        1633144660, 
        "147301.1"
      ], 
      [
        1633144675, 
        "110465.8"
      ], 
      [
        1633144690, 
        "108100"
      ], 
      [
        1633144705, 
        "216384.3"
      ], 
      [
        1633144720, 
        "157012.2"
      ], 
      [
        1633144735, 
        "363245.6"
      ], 
      [
        1633144750, 
        "150993.4"
      ], 
      [
        1633144765, 
        "157367.1"
      ], 
      [
        1633144780, 
        "148392.8"
      ], 
      [
        1633144795, 
        "626407.7"
      ]
    ]
  }, 
  "tcp_sends": {
    "metric": {},