{
  "stat": {
    "max": 41.0, 
    "mean": 40.142857142857146, 
    "variance": 0.12244897959183675, 
    "min": 40.0
  }, 
  "values": [
    [
      1623164880, 
      40
    ], 
    [
      1623164895, 
      40
    ], 
    [
      1623164910, 
      40
    ], 
    [
      1623164925, 
      40
    ], 
    [
      1623164940, 
      40
    ], 
    [
      1623164955, 
      40
    ], 
    [
      1623164970, 
      40
    ], 
    [
      1623164985, 
      40
    ], 
    [
      1623165000, 
      40
    ], 
    [
      1623165015, 
      40
    ], 
    [
      1623165030, 
      40
    ], 
    [
      1623165045, 
      40
    ], 
    [
      1623165060, 
      40
    ], 
    [
      1623165075, 
      41
    ], 
    [
      1623165090, 
      40
    ], 
    [
      1623165105, 
      40
    ], 
    [
      1623165120, 
      40
    ], 
    [
      1623165135, 
      40
    ], 
    [
      1623165150, 
      40
    ], 
    [
      1623165165, 
      41
    ], 
    [
      1623165180, 
      41
    ]
  ], 
  "name": "geth.p2p/peers.gauge", 
  "columns": [
    "time", 
    "median"
  ]
}