{
  "stat": {
    "max": 40.0, 
    "mean": 39.285714285714285, 
    "variance": 0.20408163265306106, 
    "min": 39.0
  }, 
  "values": [
    [
      1623165240, 
      40
    ], 
    [
      1623165255, 
      40
    ], 
    [
      1623165270, 
      40
    ], 
    [
      1623165285, 
      40
    ], 
    [
      1623165300, 
      40
    ], 
    [
      1623165315, 
      40
    ], 
    [
      1623165330, 
      39
    ], 
    [
      1623165345, 
      39
    ], 
    [
      1623165360, 
      39
    ], 
    [
      1623165375, 
      39
    ], 
    [
      1623165390, 
      39
    ], 
    [
      1623165405, 
      39
    ], 
    [
      1623165420, 
      39
    ], 
    [
      1623165435, 
      39
    ], 
    [
      1623165450, 
      39
    ], 
    [
      1623165465, 
      39
    ], 
    [
      1623165480, 
      39
    ], 
    [
      1623165495, 
      39
    ], 
    [
      1623165510, 
      39
    ], 
    [
      1623165525, 
      39
    ], 
    [
      1623165540, 
      39
    ]
  ], 
  "name": "geth.p2p/peers.gauge", 
  "columns": [
    "time", 
    "median"
  ]
}