{
  "dir_read_c": {
    "metric": {
      "instance": "172.17.0.1:8000", 
      "hostname": "longz-experiment", 
      "pid": "25518", 
      "directory": "/data/blockchain/eth-data", 
      "job": "syscall_monitoring", 
      "application_name": "openethereum", 
      "__name__": "dir_reads_total"
    }, 
    "values": [
      [
        1633118497, 
        "29466"
      ], 
      [
        1633118512, 
        "33307"
      ], 
      [
        1633118527, 
        "28810"
      ], 
      [
        1633118542, 
        "25138"
      ], 
      [
        1633118557, 
        "34071"
      ], 
      [
        1633118572, 
        "26097"
      ], 
      [
        1633118587, 
        "37403"
      ], 
      [
        1633118602, 
        "27060"
      ], 
      [
        1633118617, 
        "35283"
      ], 
      [
        1633118632, 
        "43227"
      ], 
      [
        1633118647, 
        "47597"
      ], 
      [
        1633118662, 
        "26891"
      ], 
      [
        1633118677, 
        "25914"
      ], 
      [
        1633118692, 
        "31108"
      ], 
      [
        1633118707, 
        "27706"
      ], 
      [
        1633118722, 
        "44613"
      ], 
      [
        1633118737, 
        "78407"
      ], 
      [
        1633118752, 
        "85551"
      ], 
      [
        1633118767, 
        "107575"
      ], 
      [
        1633118782, 
        "70655"
      ], 
      [
        1633118797, 
        "67864"
      ]
    ]
  }, 
  "stat": {
    "dir_read_c": {
      "max": 85551.0, 
      "mean": 44463.95238095238, 
      "variance": 525269489.9501134, 
      "pvalue": 0.1515314493589343, 
      "min": 25914.0
    }, 
    "dir_reads": {
      "max": 1650581504.0, 
      "mean": 863334790.0952381, 
      "variance": 2.012833289038264e+17, 
      "pvalue": 0.7070678951828187, 
      "min": 479333376.0
    }, 
    "tcp_conn": {
      "max": 67.0, 
      "mean": 51.095238095238095, 
      "variance": 4266.8480725623585, 
      "pvalue": 0.1272132649587503, 
      "min": 10.0
    }, 
    "kvdb_bytes_read": {
      "max": 280293.7945213332, 
      "mean": 144714.790538536, 
      "variance": 6281827512.949932, 
      "pvalue": 0.5271311785493706, 
      "min": 59825.11156799999
    }, 
    "tcp_sends": {
      "max": 1320960.0, 
      "mean": 457386.6666666667, 
      "variance": 265640085536.50787, 
      "pvalue": 0.07131405977986148, 
      "min": 44032.0
    }, 
    "dir_writes": {
      "max": 259244032.0, 
      "mean": 216896902.0952381, 
      "variance": 854638004495468.9, 
      "pvalue": 0.02571480543442972, 
      "min": 177743872.0
    }, 
    "kvdb_bytes_write": {
      "max": 470273.2736573323, 
      "mean": 199362.60667407408, 
      "variance": 64819326026.70006, 
      "pvalue": 0.011474206667401973, 
      "min": 0.0
    }, 
    "dir_write_c": {
      "max": 1006.0, 
      "mean": 1991.8095238095239, 
      "variance": 53606699.48752831, 
      "pvalue": 0.26500843155354187, 
      "min": 198.0
    }, 
    "peer_stats": {
      "max": 32.74999999999999, 
      "mean": 27.555555555555557, 
      "variance": 21.358024691358022, 
      "pvalue": 0.10684021387948436, 
      "min": 19.849999999999998
    }, 
    "tcp_recvs": {
      "max": 26353664.0, 
      "mean": 6173013.333333333, 
      "variance": 82635449529815.33, 
      "pvalue": 0.0036625900971254273, 
      "min": 150528.0
    }
  }, 
  "dir_reads": {
    "metric": {
      "instance": "172.17.0.1:8000", 
      "hostname": "longz-experiment", 
      "pid": "25518", 
      "directory": "/data/blockchain/eth-data", 
      "job": "syscall_monitoring", 
      "application_name": "openethereum"
    }, 
    "values": [
      [
        1633118497, 
        "565316608"
      ], 
      [
        1633118512, 
        "646367232"
      ], 
      [
        1633118527, 
        "630918144"
      ], 
      [
        1633118542, 
        "531565568"
      ], 
      [
        1633118557, 
        "698482688"
      ], 
      [
        1633118572, 
        "516289536"
      ], 
      [
        1633118587, 
        "741481472"
      ], 
      [
        1633118602, 
        "551806976"
      ], 
      [
        1633118617, 
        "699750400"
      ], 
      [
        1633118632, 
        "850927616"
      ], 
      [
        1633118647, 
        "903255040"
      ], 
      [
        1633118662, 
        "479333376"
      ], 
      [
        1633118677, 
        "452795392"
      ], 
      [
        1633118692, 
        "561340416"
      ], 
      [
        1633118707, 
        "489968640"
      ], 
      [
        1633118722, 
        "827423744"
      ], 
      [
        1633118737, 
        "1553457152"
      ], 
      [
        1633118752, 
        "1650581504"
      ], 
      [
        1633118767, 
        "2107125760"
      ], 
      [
        1633118782, 
        "1361795072"
      ], 
      [
        1633118797, 
        "1310048256"
      ]
    ]
  }, 
  "tcp_conn": {
    "metric": {}, 
    "values": [
      [
        1633118497, 
        "55"
      ], 
      [
        1633118512, 
        "31"
      ], 
      [
        1633118527, 
        "33"
      ], 
      [
        1633118542, 
        "44"
      ], 
      [
        1633118557, 
        "26"
      ], 
      [
        1633118572, 
        "49"
      ], 
      [
        1633118587, 
        "37"
      ], 
      [
        1633118602, 
        "42"
      ], 
      [
        1633118617, 
        "36"
      ], 
      [
        1633118632, 
        "32"
      ], 
      [
        1633118647, 
        "29"
      ], 
      [
        1633118662, 
        "67"
      ], 
      [
        1633118677, 
        "58"
      ], 
      [
        1633118692, 
        "39"
      ], 
      [
        1633118707, 
        "31"
      ], 
      [
        1633118722, 
        "0"
      ], 
      [
        1633118737, 
        "10"
      ], 
      [
        1633118752, 
        "42"
      ], 
      [
        1633118767, 
        "64"
      ], 
      [
        1633118782, 
        "14"
      ], 
      [
        1633118797, 
        "334"
      ]
    ]
  }, 
  "kvdb_bytes_read": {
    "metric": {
      "instance": "172.17.0.1:3033", 
      "job": "openethereum"
    }, 
    "values": [
      [
        1633118497, 
        "145141.8"
      ], 
      [
        1633118512, 
        "93206.8"
      ], 
      [
        1633118527, 
        "67816.6"
      ], 
      [
        1633118542, 
        "162671.3"
      ], 
      [
        1633118557, 
        "152794.8"
      ], 
      [
        1633118572, 
        "219258"
      ], 
      [
        1633118587, 
        "132386.4"
      ], 
      [
        1633118602, 
        "165087.3"
      ], 
      [
        1633118617, 
        "90757.99200000001"
      ], 
      [
        1633118647, 
        "90713.8"
      ], 
      [
        1633118662, 
        "60741.6"
      ], 
      [
        1633118677, 
        "122879.4"
      ], 
      [
        1633118692, 
        "54631.67712000001"
      ], 
      [
        1633118722, 
        "88944.13412031479"
      ], 
      [
        1633118737, 
        "376884.7"
      ], 
      [
        1633118752, 
        "263248.34061333333"
      ], 
      [
        1633118782, 
        "209155.3"
      ], 
      [
        1633118797, 
        "108546.28584000001"
      ]
    ]
  }, 
  "tcp_sends": {
    "metric": {},