{
  "dir_read_c": {
    "metric": {
      "instance": "172.17.0.1:8000", 
      "hostname": "longz-experiment", 
      "pid": "25518", 
      "directory": "/data/blockchain/eth-data", 
      "job": "syscall_monitoring", 
      "application_name": "openethereum", 
      "__name__": "dir_reads_total"
    }, 
    "values": [
      [
        1633118196, 
        "30999"
      ], 
      [
        1633118211, 
        "44043"
      ], 
      [
        1633118226, 
        "62955"
      ], 
      [
        1633118241, 
        "73742"
      ], 
      [
        1633118256, 
        "55788"
      ], 
      [
        1633118271, 
        "50120"
      ], 
      [
        1633118286, 
        "86908"
      ], 
      [
        1633118301, 
        "86237"
      ], 
      [
        1633118316, 
        "57776"
      ], 
      [
        1633118331, 
        "72481"
      ], 
      [
        1633118346, 
        "70677"
      ], 
      [
        1633118361, 
        "77585"
      ], 
      [
        1633118376, 
        "127758"
      ], 
      [
        1633118391, 
        "73082"
      ], 
      [
        1633118406, 
        "126214"
      ], 
      [
        1633118421, 
        "14794"
      ], 
      [
        1633118436, 
        "27102"
      ], 
      [
        1633118451, 
        "36085"
      ], 
      [
        1633118466, 
        "39862"
      ], 
      [
        1633118481, 
        "17796"
      ], 
      [
        1633118496, 
        "29466"
      ]
    ]
  }, 
  "stat": {
    "dir_read_c": {
      "max": 126214.0, 
      "mean": 60070.0, 
      "variance": 922299646.2857143, 
      "pvalue": 0.005421702835301164, 
      "min": 17796.0
    }, 
    "dir_reads": {
      "max": 2603858944.0, 
      "mean": 1267156748.1904762, 
      "variance": 3.952238741121393e+17, 
      "pvalue": 0.0005662844039538, 
      "min": 538262528.0
    }, 
    "tcp_conn": {
      "max": 53.0, 
      "mean": 41.523809523809526, 
      "variance": 72.05895691609977, 
      "pvalue": 0.6715264434461676, 
      "min": 26.0
    }, 
    "kvdb_bytes_read": {
      "max": 481542.8, 
      "mean": 318921.60476190486, 
      "variance": 49910728151.763306, 
      "pvalue": 0.0015422569275629272, 
      "min": 29178.5
    }, 
    "tcp_sends": {
      "max": 3106816.0, 
      "mean": 1322959.238095238, 
      "variance": 5115465780235.61, 
      "pvalue": 0.08039148891578576, 
      "min": 168960.0
    }, 
    "dir_writes": {
      "max": 852825088.0, 
      "mean": 265359262.47619048, 
      "variance": 9.263027580039816e+16, 
      "pvalue": 0.1080070340225484, 
      "min": 34565120.0
    }, 
    "kvdb_bytes_write": {
      "max": 6413639.6, 
      "mean": 1908462.4000000004, 
      "variance": 15964365488582.885, 
      "pvalue": 4.7762100695298475e-05, 
      "min": 206354.4
    }, 
    "dir_write_c": {
      "max": 15801.0, 
      "mean": 3845.190476190476, 
      "variance": 72483857.01133788, 
      "pvalue": 0.0008136913572521437, 
      "min": 289.0
    }, 
    "peer_stats": {
      "max": 38.0, 
      "mean": 34.714285714285715, 
      "variance": 6.775510204081634, 
      "pvalue": 1.9227487024864292e-14, 
      "min": 30.0
    }, 
    "tcp_recvs": {
      "max": 31966208.0, 
      "mean": 7031612.952380952, 
      "variance": 86057126410913.38, 
      "pvalue": 0.000577446953648013, 
      "min": 491520.0
    }
  }, 
  "dir_reads": {
    "metric": {
      "instance": "172.17.0.1:8000", 
      "hostname": "longz-experiment", 
      "pid": "25518", 
      "directory": "/data/blockchain/eth-data", 
      "job": "syscall_monitoring", 
      "application_name": "openethereum"
    }, 
    "values": [
      [
        1633118196, 
        "572132352"
      ], 
      [
        1633118211, 
        "892941312"
      ], 
      [
        1633118226, 
        "1261829120"
      ], 
      [
        1633118241, 
        "1768179712"
      ], 
      [
        1633118256, 
        "1085549568"
      ], 
      [
        1633118271, 
        "1010701312"
      ], 
      [
        1633118286, 
        "1753654272"
      ], 
      [
        1633118301, 
        "1770179584"
      ], 
      [
        1633118316, 
        "1366525952"
      ], 
      [
        1633118331, 
        "1560069120"
      ], 
      [
        1633118346, 
        "1419495424"
      ], 
      [
        1633118361, 
        "1654361088"
      ], 
      [
        1633118376, 
        "2669148160"
      ], 
      [
        1633118391, 
        "1507524608"
      ], 
      [
        1633118406, 
        "2603858944"
      ], 
      [
        1633118421, 
        "311305216"
      ], 
      [
        1633118436, 
        "538262528"
      ], 
      [
        1633118451, 
        "718138368"
      ], 
      [
        1633118466, 
        "970732544"
      ], 
      [
        1633118481, 
        "610385920"
      ], 
      [
        1633118496, 
        "565316608"
      ]
    ]
  }, 
  "tcp_conn": {
    "metric": {}, 
    "values": [
      [
        1633118196, 
        "44"
      ], 
      [
        1633118211, 
        "30"
      ], 
      [
        1633118226, 
        "48"
      ], 
      [
        1633118241, 
        "46"
      ], 
      [
        1633118256, 
        "47"
      ], 
      [
        1633118271, 
        "26"
      ], 
      [
        1633118286, 
        "36"
      ], 
      [
        1633118301, 
        "42"
      ], 
      [
        1633118316, 
        "43"
      ], 
      [
        1633118331, 
        "46"
      ], 
      [
        1633118346, 
        "32"
      ], 
      [
        1633118361, 
        "47"
      ], 
      [
        1633118376, 
        "53"
      ], 
      [
        1633118391, 
        "47"
      ], 
      [
        1633118406, 
        "40"
      ], 
      [
        1633118421, 
        "53"
      ], 
      [
        1633118436, 
        "42"
      ], 
      [
        1633118451, 
        "25"
      ], 
      [
        1633118466, 
        "39"
      ], 
      [
        1633118481, 
        "31"
      ], 
      [
        1633118496, 
        "55"
      ]
    ]
  }, 
  "kvdb_bytes_read": {
    "metric": {
      "instance": "172.17.0.1:3033", 
      "job": "openethereum"
    }, 
    "values": [
      [
        1633118196, 
        "308380.3"
      ], 
      [
        1633118211, 
        "445293.7"
      ], 
      [
        1633118226, 
        "481542.8"
      ], 
      [
        1633118241, 
        "405631.2"
      ], 
      [
        1633118256, 
        "410961.3"
      ], 
      [
        1633118271, 
        "1009456.2"
      ], 
      [
        1633118286, 
        "459569.8"
      ], 
      [
        1633118301, 
        "413533.1"
      ], 
      [
        1633118316, 
        "428945.9"
      ], 
      [
        1633118331, 
        "427970"
      ], 
      [
        1633118346, 
        "433504.9"
      ], 
      [
        1633118361, 
        "356559.2"
      ], 
      [
        1633118376, 
        "20955.2"
      ], 
      [
        1633118391, 
        "377485.9"
      ], 
      [
        1633118406, 
        "31724.4"
      ], 
      [
        1633118421, 
        "58763.9"
      ], 
      [
        1633118436, 
        "139793.2"
      ], 
      [
        1633118451, 
        "201787.9"
      ], 
      [
        1633118466, 
        "29178.5"
      ], 
      [
        1633118481, 
        "111174.5"
      ], 
      [
        1633118496, 
        "145141.8"
      ]
    ]
  }, 
  "tcp_sends": {
    "metric": {},