{
  "dir_read_c": {
    "metric": {
      "instance": "172.17.0.1:8000", 
      "hostname": "longz-experiment", 
      "pid": "25518", 
      "directory": "/data/blockchain/eth-data", 
      "job": "syscall_monitoring", 
      "application_name": "openethereum", 
      "__name__": "dir_reads_total"
    }, 
    "values": [
      [
        1633119402, 
        "90028"
      ], 
      [
        1633119417, 
        "46123"
      ], 
      [
        1633119432, 
        "77616"
      ], 
      [
        1633119447, 
        "52712"
      ], 
      [
        1633119462, 
        "73194"
      ], 
      [
        1633119477, 
        "99577"
      ], 
      [
        1633119492, 
        "126475"
      ], 
      [
        1633119507, 
        "163711"
      ], 
      [
        1633119522, 
        "133985"
      ], 
      [
        1633119537, 
        "48961"
      ], 
      [
        1633119552, 
        "99263"
      ], 
      [
        1633119567, 
        "239970"
      ], 
      [
        1633119582, 
        "266129"
      ], 
      [
        1633119597, 
        "208518"
      ], 
      [
        1633119612, 
        "179389"
      ], 
      [
        1633119627, 
        "216133"
      ], 
      [
        1633119642, 
        "212929"
      ], 
      [
        1633119657, 
        "242438"
      ], 
      [
        1633119672, 
        "231036"
      ], 
      [
        1633119687, 
        "241021"
      ], 
      [
        1633119702, 
        "249711"
      ]
    ]
  }, 
  "stat": {
    "dir_read_c": {
      "max": 249711.0, 
      "mean": 157091.38095238095, 
      "variance": 5609479076.045351, 
      "pvalue": 2.162035455996574e-11, 
      "min": 48961.0
    }, 
    "dir_reads": {
      "max": 4889008128.0, 
      "mean": 3063721788.952381, 
      "variance": 2.2236122644312845e+18, 
      "pvalue": 8.488814092995915e-11, 
      "min": 908063744.0
    }, 
    "tcp_conn": {
      "max": 173.0, 
      "mean": 33.76190476190476, 
      "variance": 5208.1814058956925, 
      "pvalue": 4.716456308041289e-10, 
      "min": 3.0
    }, 
    "kvdb_bytes_read": {
      "max": 1175814.3099999996, 
      "mean": 705473.1769440001, 
      "variance": 156468608098.94492, 
      "pvalue": 1.3019593549728066e-08, 
      "min": 12267.672712
    }, 
    "tcp_sends": {
      "max": 53248.0, 
      "mean": 30622.47619047619, 
      "variance": 333337792.72562367, 
      "pvalue": 1.8371058938194954e-10, 
      "min": 12288.0
    }, 
    "dir_writes": {
      "max": 256181248.0, 
      "mean": 213977916.95238096, 
      "variance": 1004372424042584.2, 
      "pvalue": 0.11796347523226239, 
      "min": 174249984.0
    }, 
    "kvdb_bytes_write": {
      "max": 1960088.9899999967, 
      "mean": 447910.36682666664, 
      "variance": 1013511425770.0178, 
      "pvalue": 0.1087388722069475, 
      "min": 0.0
    }, 
    "dir_write_c": {
      "max": 4499.0, 
      "mean": 2828.1428571428573, 
      "variance": 86729750.21768706, 
      "pvalue": 0.20975450988685237, 
      "min": 240.0
    }, 
    "peer_stats": {
      "max": 23.9, 
      "mean": 10.25, 
      "variance": 85.85416666666667, 
      "pvalue": 6.292381717994709e-09, 
      "min": 1.0
    }, 
    "tcp_recvs": {
      "max": 1239040.0, 
      "mean": 429982.4761904762, 
      "variance": 151957427392.72565, 
      "pvalue": 1.0377255672111013e-06, 
      "min": 15360.0
    }
  }, 
  "dir_reads": {
    "metric": {
      "instance": "172.17.0.1:8000", 
      "hostname": "longz-experiment", 
      "pid": "25518", 
      "directory": "/data/blockchain/eth-data", 
      "job": "syscall_monitoring", 
      "application_name": "openethereum"
    }, 
    "values": [
      [
        1633119402, 
        "1694800896"
      ], 
      [
        1633119417, 
        "815974400"
      ], 
      [
        1633119432, 
        "1441232896"
      ], 
      [
        1633119447, 
        "967124992"
      ], 
      [
        1633119462, 
        "1404947456"
      ], 
      [
        1633119477, 
        "1917165568"
      ], 
      [
        1633119492, 
        "2501560320"
      ], 
      [
        1633119507, 
        "3362129920"
      ], 
      [
        1633119522, 
        "2635898880"
      ], 
      [
        1633119537, 
        "908063744"
      ], 
      [
        1633119552, 
        "1891280896"
      ], 
      [
        1633119567, 
        "4657002496"
      ], 
      [
        1633119582, 
        "5219606528"
      ], 
      [
        1633119597, 
        "4239960064"
      ], 
      [
        1633119612, 
        "3520804864"
      ], 
      [
        1633119627, 
        "4281131008"
      ], 
      [
        1633119642, 
        "4090511360"
      ], 
      [
        1633119657, 
        "4709822464"
      ], 
      [
        1633119672, 
        "4497395712"
      ], 
      [
        1633119687, 
        "4692734976"
      ], 
      [
        1633119702, 
        "4889008128"
      ]
    ]
  }, 
  "tcp_conn": {
    "metric": {}, 
    "values": [
      [
        1633119402, 
        "40"
      ], 
      [
        1633119417, 
        "313"
      ], 
      [
        1633119432, 
        "5"
      ], 
      [
        1633119447, 
        "173"
      ], 
      [
        1633119462, 
        "27"
      ], 
      [
        1633119477, 
        "3"
      ], 
      [
        1633119492, 
        "3"
      ], 
      [
        1633119507, 
        "3"
      ], 
      [
        1633119522, 
        "10"
      ], 
      [
        1633119537, 
        "0"
      ], 
      [
        1633119552, 
        "3"
      ], 
      [
        1633119567, 
        "8"
      ], 
      [
        1633119582, 
        "4"
      ], 
      [
        1633119597, 
        "10"
      ], 
      [
        1633119612, 
        "5"
      ], 
      [
        1633119627, 
        "35"
      ], 
      [
        1633119642, 
        "33"
      ], 
      [
        1633119657, 
        "4"
      ], 
      [
        1633119672, 
        "11"
      ], 
      [
        1633119687, 
        "3"
      ], 
      [
        1633119702, 
        "16"
      ]
    ]
  }, 
  "kvdb_bytes_read": {
    "metric": {
      "instance": "172.17.0.1:3033", 
      "job": "openethereum"
    }, 
    "values": [
      [
        1633119402, 
        "88525.3"
      ], 
      [
        1633119417, 
        "13355.69248"
      ], 
      [
        1633119477, 
        "777164.5"
      ], 
      [
        1633119492, 
        "560894.99136"
      ], 
      [
        1633119507, 
        "9728.959920000001"
      ], 
      [
        1633119552, 
        "752530.0447200001"
      ], 
      [
        1633119567, 
        "969579.5"
      ], 
      [
        1633119582, 
        "700246.2"
      ], 
      [
        1633119597, 
        "785656.2"
      ], 
      [
        1633119612, 
        "1011849.4"
      ], 
      [
        1633119627, 
        "894860.1"
      ], 
      [
        1633119657, 
        "779437.2"
      ], 
      [
        1633119672, 
        "1558399.1"
      ], 
      [
        1633119687, 
        "841513.7656800001"
      ], 
      [
        1633119702, 
        "838356.7"
      ]
    ]
  }, 
  "tcp_sends": {
    "metric": {},