{
  "dir_read_c": {
    "metric": {
      "instance": "172.17.0.1:8000", 
      "hostname": "longz-experiment", 
      "pid": "25518", 
      "directory": "/data/blockchain/eth-data", 
      "job": "syscall_monitoring", 
      "application_name": "openethereum", 
      "__name__": "dir_reads_total"
    }, 
    "values": [
      [
        1633119097, 
        "26289"
      ], 
      [
        1633119112, 
        "58173"
      ], 
      [
        1633119127, 
        "87057"
      ], 
      [
        1633119142, 
        "79687"
      ], 
      [
        1633119157, 
        "98391"
      ], 
      [
        1633119172, 
        "120461"
      ], 
      [
        1633119187, 
        "174637"
      ], 
      [
        1633119202, 
        "88048"
      ], 
      [
        1633119217, 
        "129982"
      ], 
      [
        1633119232, 
        "96578"
      ], 
      [
        1633119247, 
        "130213"
      ], 
      [
        1633119262, 
        "91522"
      ], 
      [
        1633119277, 
        "64665"
      ], 
      [
        1633119292, 
        "77526"
      ], 
      [
        1633119307, 
        "68351"
      ], 
      [
        1633119322, 
        "105232"
      ], 
      [
        1633119337, 
        "78080"
      ], 
      [
        1633119352, 
        "78260"
      ], 
      [
        1633119367, 
        "75253"
      ], 
      [
        1633119382, 
        "140097"
      ], 
      [
        1633119397, 
        "90028"
      ]
    ]
  }, 
  "stat": {
    "dir_read_c": {
      "max": 140097.0, 
      "mean": 93263.33333333333, 
      "variance": 995020585.650794, 
      "pvalue": 4.883423392945689e-11, 
      "min": 58173.0
    }, 
    "dir_reads": {
      "max": 2641736704.0, 
      "mean": 1770661936.7619047, 
      "variance": 3.2140110014819366e+17, 
      "pvalue": 5.691159646803535e-11, 
      "min": 1175367680.0
    }, 
    "tcp_conn": {
      "max": 220.0, 
      "mean": 70.61904761904762, 
      "variance": 5613.18820861678, 
      "pvalue": 0.000269274046310603, 
      "min": 2.0
    }, 
    "kvdb_bytes_read": {
      "max": 526460.1858327505, 
      "mean": 275770.5308200044, 
      "variance": 29505312254.97512, 
      "pvalue": 0.007231031831394041, 
      "min": 37597.2516
    }, 
    "tcp_sends": {
      "max": 454656.0, 
      "mean": 120636.95238095238, 
      "variance": 28014417423.09297, 
      "pvalue": 3.277080102962629e-05, 
      "min": 20480.0
    }, 
    "dir_writes": {
      "max": 290459648.0, 
      "mean": 227032356.57142857, 
      "variance": 1889088533307224.8, 
      "pvalue": 0.00780843290100241, 
      "min": 162829312.0
    }, 
    "kvdb_bytes_write": {
      "max": 593779.2787200001, 
      "mean": 214636.86225904763, 
      "variance": 60336752620.7053, 
      "pvalue": 0.3911021366479246, 
      "min": 0.0
    }, 
    "dir_write_c": {
      "max": 600.0, 
      "mean": 2457.2380952380954, 
      "variance": 88360064.27664398, 
      "pvalue": 0.4545590218126798, 
      "min": 207.0
    }, 
    "peer_stats": {
      "max": 27.0, 
      "mean": 23.470588235294116, 
      "variance": 4.131487889273355, 
      "pvalue": 2.382007255525501e-06, 
      "min": 22.0
    }, 
    "tcp_recvs": {
      "max": 2475008.0, 
      "mean": 1179745.5238095238, 
      "variance": 505389954630.82086, 
      "pvalue": 0.2837473804116173, 
      "min": 374784.0
    }
  }, 
  "dir_reads": {
    "metric": {
      "instance": "172.17.0.1:8000", 
      "hostname": "longz-experiment", 
      "pid": "25518", 
      "directory": "/data/blockchain/eth-data", 
      "job": "syscall_monitoring", 
      "application_name": "openethereum"
    }, 
    "values": [
      [
        1633119097, 
        "542662656"
      ], 
      [
        1633119112, 
        "1175367680"
      ], 
      [
        1633119127, 
        "1716329472"
      ], 
      [
        1633119142, 
        "1561403392"
      ], 
      [
        1633119157, 
        "1891230720"
      ], 
      [
        1633119172, 
        "2207326208"
      ], 
      [
        1633119187, 
        "3258188800"
      ], 
      [
        1633119202, 
        "1589955584"
      ], 
      [
        1633119217, 
        "2374092800"
      ], 
      [
        1633119232, 
        "1741717504"
      ], 
      [
        1633119247, 
        "2413605888"
      ], 
      [
        1633119262, 
        "1835553792"
      ], 
      [
        1633119277, 
        "1351240704"
      ], 
      [
        1633119292, 
        "1479209984"
      ], 
      [
        1633119307, 
        "1292991488"
      ], 
      [
        1633119322, 
        "2028579840"
      ], 
      [
        1633119337, 
        "1490004992"
      ], 
      [
        1633119352, 
        "1474707456"
      ], 
      [
        1633119367, 
        "1423194112"
      ], 
      [
        1633119382, 
        "2641736704"
      ], 
      [
        1633119397, 
        "1694800896"
      ]
    ]
  }, 
  "tcp_conn": {
    "metric": {}, 
    "values": [
      [
        1633119097, 
        "67"
      ], 
      [
        1633119112, 
        "18"
      ], 
      [
        1633119127, 
        "2"
      ], 
      [
        1633119142, 
        "65"
      ], 
      [
        1633119157, 
        "5"
      ], 
      [
        1633119172, 
        "2"
      ], 
      [
        1633119187, 
        "17"
      ], 
      [
        1633119202, 
        "23"
      ], 
      [
        1633119217, 
        "23"
      ], 
      [
        1633119232, 
        "200"
      ], 
      [
        1633119247, 
        "91"
      ], 
      [
        1633119262, 
        "100"
      ], 
      [
        1633119277, 
        "133"
      ], 
      [
        1633119292, 
        "3"
      ], 
      [
        1633119307, 
        "59"
      ], 
      [
        1633119322, 
        "11"
      ], 
      [
        1633119337, 
        "231"
      ], 
      [
        1633119352, 
        "171"
      ], 
      [
        1633119367, 
        "220"
      ], 
      [
        1633119382, 
        "2"
      ], 
      [
        1633119397, 
        "40"
      ]
    ]
  }, 
  "kvdb_bytes_read": {
    "metric": {
      "instance": "172.17.0.1:3033", 
      "job": "openethereum"
    }, 
    "values": [
      [
        1633119097, 
        "179753.8"
      ], 
      [
        1633119112, 
        "102647.83237333334"
      ], 
      [
        1633119127, 
        "418930.8"
      ], 
      [
        1633119142, 
        "389660.2"
      ], 
      [
        1633119157, 
        "195320.49221333335"
      ], 
      [
        1633119172, 
        "566350.7688000001"
      ], 
      [
        1633119187, 
        "65531.4"
      ], 
      [
        1633119202, 
        "526460.1858327505"
      ], 
      [
        1633119217, 
        "424064.8"
      ], 
      [
        1633119232, 
        "363106.62792000006"
      ], 
      [
        1633119247, 
        "37597.2516"
      ], 
      [
        1633119262, 
        "9300.233280000002"
      ], 
      [
        1633119277, 
        "98938.57074666666"
      ], 
      [
        1633119292, 
        "391039.2"
      ], 
      [
        1633119307, 
        "418247.8"
      ], 
      [
        1633119322, 
        "468537.4"
      ], 
      [
        1633119337, 
        "422058.6"
      ], 
      [
        1633119352, 
        "298301.3"
      ], 
      [
        1633119367, 
        "205626.82618666667"
      ], 
      [
        1633119382, 
        "58055.55826734348"
      ], 
      [
        1633119397, 
        "151651.5"
      ]
    ]
  }, 
  "tcp_sends": {
    "metric": {},