{
  "stat": {
    "max": 39.05, 
    "mean": 36.7, 
    "variance": 2.0100000000000007, 
    "min": 34.949999999999996
  }, 
  "values": [
    [
      1623188280, 
      34.5
    ], 
    [
      1623188295, 
      35
    ], 
    [
      1623188310, 
      36.5
    ], 
    [
      1623188325, 
      35
    ], 
    [
      1623188340, 
      35
    ], 
    [
      1623188355, 
      35
    ], 
    [
      1623188370, 
      38
    ], 
    [
      1623188385, 
      37
    ], 
    [
      1623188400, 
      36
    ], 
    [
      1623188415, 
      37
    ], 
    [
      1623188430, 
      37
    ], 
    [
      1623188445, 
      37
    ], 
    [
      1623188460, 
      37
    ], 
    [
      1623188475, 
      37
    ], 
    [
      1623188490, 
      37
    ], 
    [
      1623188505, 
      37
    ], 
    [
      1623188520, 
      37
    ], 
    [
      1623188535, 
      38
    ], 
    [
      1623188550, 
      39.5
    ], 
    [
      1623188565, 
      40
    ]
  ], 
  "name": "geth.p2p/peers.gauge", 
  "columns": [
    "time", 
    "median"
  ]
}