{
  "stat": {
    "max": 41.0, 
    "mean": 39.285714285714285, 
    "variance": 0.585034013605442, 
    "min": 38.0
  }, 
  "values": [
    [
      1623188640, 
      39
    ], 
    [
      1623188655, 
      39
    ], 
    [
      1623188670, 
      39
    ], 
    [
      1623188685, 
      39
    ], 
    [
      1623188700, 
      39.5
    ], 
    [
      1623188715, 
      40
    ], 
    [
      1623188730, 
      39.5
    ], 
    [
      1623188745, 
      40
    ], 
    [
      1623188760, 
      40
    ], 
    [
      1623188775, 
      39
    ], 
    [
      1623188790, 
      39
    ], 
    [
      1623188805, 
      41
    ], 
    [
      1623188820, 
      39.5
    ], 
    [
      1623188835, 
      39
    ], 
    [
      1623188850, 
      38
    ], 
    [
      1623188865, 
      39
    ], 
    [
      1623188880, 
      39
    ], 
    [
      1623188895, 
      39
    ], 
    [
      1623188910, 
      40
    ], 
    [
      1623188925, 
      41
    ], 
    [
      1623188940, 
      38
    ]
  ], 
  "name": "geth.p2p/peers.gauge", 
  "columns": [
    "time", 
    "median"
  ]
}