{
  "dir_read_c": {
    "metric": {
      "instance": "172.17.0.1:8000", 
      "hostname": "longz-experiment", 
      "pid": "27446", 
      "directory": "/data/blockchain/eth-data", 
      "job": "syscall_monitoring", 
      "application_name": "openethereum", 
      "__name__": "dir_reads_total"
    }, 
    "values": [
      [
        1633124002, 
        "147117"
      ], 
      [
        1633124017, 
        "103739"
      ], 
      [
        1633124032, 
        "105991"
      ], 
      [
        1633124047, 
        "21423"
      ], 
      [
        1633124062, 
        "91728"
      ], 
      [
        1633124077, 
        "86433"
      ], 
      [
        1633124092, 
        "27888"
      ], 
      [
        1633124107, 
        "81206"
      ], 
      [
        1633124122, 
        "60742"
      ], 
      [
        1633124137, 
        "133788"
      ], 
      [
        1633124152, 
        "48539"
      ], 
      [
        1633124167, 
        "60082"
      ], 
      [
        1633124182, 
        "40966"
      ], 
      [
        1633124197, 
        "16057"
      ], 
      [
        1633124212, 
        "18488"
      ], 
      [
        1633124227, 
        "21379"
      ], 
      [
        1633124242, 
        "19758"
      ], 
      [
        1633124257, 
        "14063"
      ], 
      [
        1633124272, 
        "17035"
      ], 
      [
        1633124287, 
        "14875"
      ], 
      [
        1633124302, 
        "12688"
      ]
    ]
  }, 
  "stat": {
    "dir_read_c": {
      "max": 133788.0, 
      "mean": 54475.47619047619, 
      "variance": 1742197300.6303856, 
      "pvalue": 0.037156750931532236, 
      "min": 14063.0
    }, 
    "dir_reads": {
      "max": 2822805504.0, 
      "mean": 1076251648.0, 
      "variance": 7.49465276822086e+17, 
      "pvalue": 0.006025517904728379, 
      "min": 239760384.0
    }, 
    "tcp_conn": {
      "max": 261.0, 
      "mean": 194.1904761904762, 
      "variance": 3411.2970521541947, 
      "pvalue": 1.4995923613698248e-16, 
      "min": 76.0
    }, 
    "kvdb_bytes_read": {
      "max": 535771.0, 
      "mean": 170097.1729638095, 
      "variance": 43759212343.08396, 
      "pvalue": 0.0006260435845353969, 
      "min": 0.0
    }, 
    "tcp_sends": {
      "max": 56320.0, 
      "mean": 28330.666666666668, 
      "variance": 160215755.1746033, 
      "pvalue": 5.632490847478308e-11, 
      "min": 22528.0
    }, 
    "dir_writes": {
      "max": 384818176.0, 
      "mean": 266054022.0952381, 
      "variance": 3887053864233605.5, 
      "pvalue": 7.026997435054877e-05, 
      "min": 201857024.0
    }, 
    "kvdb_bytes_write": {
      "max": 6803144.5, 
      "mean": 1801270.9020952384, 
      "variance": 6502682293999.639, 
      "pvalue": 0.13317716768643556, 
      "min": 0.0
    }, 
    "dir_write_c": {
      "max": 5703.0, 
      "mean": 3758.7619047619046, 
      "variance": 72084541.8956916, 
      "pvalue": 0.0056620170180818425, 
      "min": 295.0
    }, 
    "peer_stats": {
      "max": 2.2500000000000036, 
      "mean": 0.7, 
      "variance": 2.410000000000002, 
      "pvalue": 1.2127697463551752e-18, 
      "min": 0.0
    }, 
    "tcp_recvs": {
      "max": 1641472.0, 
      "mean": 204214.85714285713, 
      "variance": 370596974508.4085, 
      "pvalue": 2.4520585891462645e-14, 
      "min": 0.0
    }
  }, 
  "dir_reads": {
    "metric": {
      "instance": "172.17.0.1:8000", 
      "hostname": "longz-experiment", 
      "pid": "27446", 
      "directory": "/data/blockchain/eth-data", 
      "job": "syscall_monitoring", 
      "application_name": "openethereum"
    }, 
    "values": [
      [
        1633124002, 
        "2972929024"
      ], 
      [
        1633124017, 
        "2039902208"
      ], 
      [
        1633124032, 
        "2092740608"
      ], 
      [
        1633124047, 
        "435646464"
      ], 
      [
        1633124062, 
        "1807252480"
      ], 
      [
        1633124077, 
        "1708909568"
      ], 
      [
        1633124092, 
        "567519232"
      ], 
      [
        1633124107, 
        "1593790464"
      ], 
      [
        1633124122, 
        "1249390592"
      ], 
      [
        1633124137, 
        "2822805504"
      ], 
      [
        1633124152, 
        "1136353280"
      ], 
      [
        1633124167, 
        "1168667648"
      ], 
      [
        1633124182, 
        "799750144"
      ], 
      [
        1633124197, 
        "239760384"
      ], 
      [
        1633124212, 
        "233392128"
      ], 
      [
        1633124227, 
        "269701120"
      ], 
      [
        1633124242, 
        "247947264"
      ], 
      [
        1633124257, 
        "319156224"
      ], 
      [
        1633124272, 
        "337753088"
      ], 
      [
        1633124287, 
        "311852032"
      ], 
      [
        1633124302, 
        "246065152"
      ]
    ]
  }, 
  "tcp_conn": {
    "metric": {}, 
    "values": [
      [
        1633124002, 
        "62"
      ], 
      [
        1633124017, 
        "76"
      ], 
      [
        1633124032, 
        "78"
      ], 
      [
        1633124047, 
        "301"
      ], 
      [
        1633124062, 
        "182"
      ], 
      [
        1633124077, 
        "216"
      ], 
      [
        1633124092, 
        "245"
      ], 
      [
        1633124107, 
        "198"
      ], 
      [
        1633124122, 
        "181"
      ], 
      [
        1633124137, 
        "196"
      ], 
      [
        1633124152, 
        "261"
      ], 
      [
        1633124167, 
        "244"
      ], 
      [
        1633124182, 
        "252"
      ], 
      [
        1633124197, 
        "210"
      ], 
      [
        1633124212, 
        "222"
      ], 
      [
        1633124227, 
        "209"
      ], 
      [
        1633124242, 
        "187"
      ], 
      [
        1633124257, 
        "196"
      ], 
      [
        1633124272, 
        "188"
      ], 
      [
        1633124287, 
        "196"
      ], 
      [
        1633124302, 
        "178"
      ]
    ]
  }, 
  "kvdb_bytes_read": {
    "metric": {
      "instance": "172.17.0.1:3033", 
      "job": "openethereum"
    }, 
    "values": [
      [
        1633124002, 
        "419991.73224000004"
      ], 
      [
        1633124017, 
        "479032.6"
      ], 
      [
        1633124032, 
        "57807.4"
      ], 
      [
        1633124047, 
        "535771"
      ], 
      [
        1633124062, 
        "484498.4"
      ], 
      [
        1633124077, 
        "98491.3"
      ], 
      [
        1633124092, 
        "404785.7"
      ], 
      [
        1633124107, 
        "89949.9"
      ], 
      [
        1633124122, 
        "594919.1"
      ], 
      [
        1633124137, 
        "187638.2"
      ], 
      [
        1633124152, 
        "129395.8"
      ], 
      [
        1633124167, 
        "89544"
      ], 
      [
        1633124182, 
        "0"
      ], 
      [
        1633124197, 
        "0"
      ], 
      [
        1633124212, 
        "0"
      ], 
      [
        1633124227, 
        "0"
      ], 
      [
        1633124242, 
        "51.8"
      ], 
      [
        1633124257, 
        "51.8"
      ], 
      [
        1633124272, 
        "60.1"
      ], 
      [
        1633124287, 
        "51.8"
      ], 
      [
        1633124302, 
        "0"
      ]
    ]
  }, 
  "tcp_sends": {
    "metric": {},