{
  "dir_read_c": {
    "metric": {
      "instance": "172.17.0.1:8000", 
      "hostname": "longz-experiment", 
      "pid": "27446", 
      "directory": "/data/blockchain/eth-data", 
      "job": "syscall_monitoring", 
      "application_name": "openethereum", 
      "__name__": "dir_reads_total"
    }, 
    "values": [
      [
        1633123699, 
        "150829"
      ], 
      [
        1633123714, 
        "37713"
      ], 
      [
        1633123729, 
        "80310"
      ], 
      [
        1633123744, 
        "55042"
      ], 
      [
        1633123759, 
        "61956"
      ], 
      [
        1633123774, 
        "116272"
      ], 
      [
        1633123789, 
        "136597"
      ], 
      [
        1633123804, 
        "206927"
      ], 
      [
        1633123819, 
        "111076"
      ], 
      [
        1633123834, 
        "101503"
      ], 
      [
        1633123849, 
        "83339"
      ], 
      [
        1633123864, 
        "77601"
      ], 
      [
        1633123879, 
        "34249"
      ], 
      [
        1633123894, 
        "46653"
      ], 
      [
        1633123909, 
        "143489"
      ], 
      [
        1633123924, 
        "127002"
      ], 
      [
        1633123939, 
        "122636"
      ], 
      [
        1633123954, 
        "39155"
      ], 
      [
        1633123969, 
        "147103"
      ], 
      [
        1633123984, 
        "121860"
      ], 
      [
        1633123999, 
        "147117"
      ]
    ]
  }, 
  "stat": {
    "dir_read_c": {
      "max": 150829.0, 
      "mean": 102306.14285714286, 
      "variance": 2050959228.5986392, 
      "pvalue": 3.1659398921409554e-08, 
      "min": 37713.0
    }, 
    "dir_reads": {
      "max": 3114700800.0, 
      "mean": 2048509074.2857144, 
      "variance": 8.205055394446898e+17, 
      "pvalue": 7.97193368013953e-08, 
      "min": 716713984.0
    }, 
    "tcp_conn": {
      "max": 478.0, 
      "mean": 169.28571428571428, 
      "variance": 23978.87074829932, 
      "pvalue": 4.386094236519344e-08, 
      "min": 24.0
    }, 
    "kvdb_bytes_read": {
      "max": 680032.1, 
      "mean": 364589.7567961905, 
      "variance": 37265868225.799644, 
      "pvalue": 1.687612092494072e-06, 
      "min": 103079.0
    }, 
    "tcp_sends": {
      "max": 269312.0, 
      "mean": 195437.7142857143, 
      "variance": 118366083615.34694, 
      "pvalue": 1.6702507258947525e-06, 
      "min": 21504.0
    }, 
    "dir_writes": {
      "max": 277678080.0, 
      "mean": 226680246.85714287, 
      "variance": 1828067159941621.8, 
      "pvalue": 0.0013075304451239033, 
      "min": 158818304.0
    }, 
    "kvdb_bytes_write": {
      "max": 1294880.6841600002, 
      "mean": 380698.5087695238, 
      "variance": 232204418451.97174, 
      "pvalue": 0.9571510778239433, 
      "min": 0.0
    }, 
    "dir_write_c": {
      "max": 1579.0, 
      "mean": 2539.809523809524, 
      "variance": 87306100.72562358, 
      "pvalue": 0.5413089311904744, 
      "min": 198.0
    }, 
    "peer_stats": {
      "max": 20.099999999999998, 
      "mean": 16.473684210526315, 
      "variance": 6.986149584487534, 
      "pvalue": 4.6972688856202875e-17, 
      "min": 12.9
    }, 
    "tcp_recvs": {
      "max": 23986176.0, 
      "mean": 6215826.285714285, 
      "variance": 68015069771929.266, 
      "pvalue": 0.2549320121411808, 
      "min": 253952.0
    }
  }, 
  "dir_reads": {
    "metric": {
      "instance": "172.17.0.1:8000", 
      "hostname": "longz-experiment", 
      "pid": "27446", 
      "directory": "/data/blockchain/eth-data", 
      "job": "syscall_monitoring", 
      "application_name": "openethereum"
    }, 
    "values": [
      [
        1633123699, 
        "2873014272"
      ], 
      [
        1633123714, 
        "689203200"
      ], 
      [
        1633123729, 
        "1519597568"
      ], 
      [
        1633123744, 
        "1113122816"
      ], 
      [
        1633123759, 
        "1240571904"
      ], 
      [
        1633123774, 
        "2199399424"
      ], 
      [
        1633123789, 
        "2682663936"
      ], 
      [
        1633123804, 
        "4133423104"
      ], 
      [
        1633123819, 
        "2181883904"
      ], 
      [
        1633123834, 
        "2030779392"
      ], 
      [
        1633123849, 
        "1697140736"
      ], 
      [
        1633123864, 
        "1587256320"
      ], 
      [
        1633123879, 
        "716713984"
      ], 
      [
        1633123894, 
        "1023628288"
      ], 
      [
        1633123909, 
        "2878686208"
      ], 
      [
        1633123924, 
        "2541881344"
      ], 
      [
        1633123939, 
        "2437016576"
      ], 
      [
        1633123954, 
        "793322496"
      ], 
      [
        1633123969, 
        "3114700800"
      ], 
      [
        1633123984, 
        "2591755264"
      ], 
      [
        1633123999, 
        "2972929024"
      ]
    ]
  }, 
  "tcp_conn": {
    "metric": {}, 
    "values": [
      [
        1633123699, 
        "42"
      ], 
      [
        1633123714, 
        "274"
      ], 
      [
        1633123729, 
        "36"
      ], 
      [
        1633123744, 
        "244"
      ], 
      [
        1633123759, 
        "283"
      ], 
      [
        1633123774, 
        "67"
      ], 
      [
        1633123789, 
        "36"
      ], 
      [
        1633123804, 
        "62"
      ], 
      [
        1633123819, 
        "24"
      ], 
      [
        1633123834, 
        "73"
      ], 
      [
        1633123849, 
        "248"
      ], 
      [
        1633123864, 
        "353"
      ], 
      [
        1633123879, 
        "478"
      ], 
      [
        1633123894, 
        "425"
      ], 
      [
        1633123909, 
        "54"
      ], 
      [
        1633123924, 
        "85"
      ], 
      [
        1633123939, 
        "93"
      ], 
      [
        1633123954, 
        "494"
      ], 
      [
        1633123969, 
        "24"
      ], 
      [
        1633123984, 
        "98"
      ], 
      [
        1633123999, 
        "62"
      ]
    ]
  }, 
  "kvdb_bytes_read": {
    "metric": {
      "instance": "172.17.0.1:3033", 
      "job": "openethereum"
    }, 
    "values": [
      [
        1633123699, 
        "189273.5"
      ], 
      [
        1633123714, 
        "200001.8"
      ], 
      [
        1633123729, 
        "103079"
      ], 
      [
        1633123744, 
        "413890.6"
      ], 
      [
        1633123759, 
        "216294.5"
      ], 
      [
        1633123774, 
        "490253.5"
      ], 
      [
        1633123789, 
        "680032.1"
      ], 
      [
        1633123804, 
        "676039.2"
      ], 
      [
        1633123819, 
        "285006.12504"
      ], 
      [
        1633123834, 
        "288653.5"
      ], 
      [
        1633123849, 
        "122838.6"
      ], 
      [
        1633123864, 
        "209294.7"
      ], 
      [
        1633123879, 
        "76755"
      ], 
      [
        1633123894, 
        "595904.5"
      ], 
      [
        1633123909, 
        "416979.9"
      ], 
      [
        1633123924, 
        "432329.4"
      ], 
      [
        1633123939, 
        "214182.6"
      ], 
      [
        1633123954, 
        "329391.86768"
      ], 
      [
        1633123969, 
        "470751.1"
      ], 
      [
        1633123984, 
        "703069.2"
      ], 
      [
        1633123999, 
        "542364.2"
      ]
    ]
  }, 
  "tcp_sends": {
    "metric": {},