{
  "dir_read_c": {
    "metric": {
      "instance": "172.17.0.1:8000", 
      "hostname": "longz-experiment", 
      "pid": "27446", 
      "directory": "/data/blockchain/eth-data", 
      "job": "syscall_monitoring", 
      "application_name": "openethereum", 
      "__name__": "dir_reads_total"
    }, 
    "values": [
      [
        1633124603, 
        "34986"
      ], 
      [
        1633124618, 
        "16167"
      ], 
      [
        1633124633, 
        "28467"
      ], 
      [
        1633124648, 
        "86231"
      ], 
      [
        1633124663, 
        "119509"
      ], 
      [
        1633124678, 
        "122461"
      ], 
      [
        1633124693, 
        "115898"
      ], 
      [
        1633124708, 
        "113233"
      ], 
      [
        1633124723, 
        "15984"
      ], 
      [
        1633124738, 
        "80286"
      ], 
      [
        1633124753, 
        "22078"
      ], 
      [
        1633124768, 
        "93757"
      ], 
      [
        1633124783, 
        "19322"
      ], 
      [
        1633124798, 
        "22901"
      ], 
      [
        1633124813, 
        "74487"
      ], 
      [
        1633124828, 
        "131748"
      ], 
      [
        1633124843, 
        "145884"
      ], 
      [
        1633124858, 
        "86472"
      ], 
      [
        1633124873, 
        "98714"
      ], 
      [
        1633124888, 
        "95134"
      ], 
      [
        1633124903, 
        "62081"
      ]
    ]
  }, 
  "stat": {
    "dir_read_c": {
      "max": 131748.0, 
      "mean": 75514.28571428571, 
      "variance": 1747879401.9183674, 
      "pvalue": 1.020104188712668e-05, 
      "min": 16167.0
    }, 
    "dir_reads": {
      "max": 2785857536.0, 
      "mean": 1536626151.6190476, 
      "variance": 6.99357258297913e+17, 
      "pvalue": 4.137429033139763e-06, 
      "min": 363969536.0
    }, 
    "tcp_conn": {
      "max": 382.0, 
      "mean": 150.76190476190476, 
      "variance": 19910.657596371882, 
      "pvalue": 7.327290193294766e-07, 
      "min": 4.0
    }, 
    "kvdb_bytes_read": {
      "max": 623420.26, 
      "mean": 256823.75017543853, 
      "variance": 45520732036.90318, 
      "pvalue": 0.049737501383099576, 
      "min": 0.0
    }, 
    "tcp_sends": {
      "max": 599040.0, 
      "mean": 186026.66666666666, 
      "variance": 81036083720.12695, 
      "pvalue": 1.604054267780829e-05, 
      "min": 21504.0
    }, 
    "dir_writes": {
      "max": 417480704.0, 
      "mean": 261987425.52380952, 
      "variance": 6990665581745344.0, 
      "pvalue": 0.00019463322899130714, 
      "min": 142775296.0
    }, 
    "kvdb_bytes_write": {
      "max": 1336806.4799999874, 
      "mean": 526814.2529796491, 
      "variance": 2126745370260.6953, 
      "pvalue": 0.368547228361948, 
      "min": 0.0
    }, 
    "dir_write_c": {
      "max": 5404.0, 
      "mean": 2994.809523809524, 
      "variance": 87087291.86848071, 
      "pvalue": 0.17154734499694976, 
      "min": 142.0
    }, 
    "peer_stats": {
      "max": 23.0, 
      "mean": 11.31578947368421, 
      "variance": 34.00554016620498, 
      "pvalue": 3.53810275875366e-16, 
      "min": 6.0
    }, 
    "tcp_recvs": {
      "max": 11096064.0, 
      "mean": 5265505.523809524, 
      "variance": 15571914728445.678, 
      "pvalue": 0.0008975568650676883, 
      "min": 369664.0
    }
  }, 
  "dir_reads": {
    "metric": {
      "instance": "172.17.0.1:8000", 
      "hostname": "longz-experiment", 
      "pid": "27446", 
      "directory": "/data/blockchain/eth-data", 
      "job": "syscall_monitoring", 
      "application_name": "openethereum"
    }, 
    "values": [
      [
        1633124603, 
        "740801536"
      ], 
      [
        1633124618, 
        "363969536"
      ], 
      [
        1633124633, 
        "593565696"
      ], 
      [
        1633124648, 
        "1648466944"
      ], 
      [
        1633124663, 
        "2267289600"
      ], 
      [
        1633124678, 
        "2320455680"
      ], 
      [
        1633124693, 
        "2257174528"
      ], 
      [
        1633124708, 
        "2269752320"
      ], 
      [
        1633124723, 
        "356530176"
      ], 
      [
        1633124738, 
        "1598620672"
      ], 
      [
        1633124753, 
        "458850304"
      ], 
      [
        1633124768, 
        "1879578624"
      ], 
      [
        1633124783, 
        "400217088"
      ], 
      [
        1633124798, 
        "482706432"
      ], 
      [
        1633124813, 
        "1611773952"
      ], 
      [
        1633124828, 
        "2785857536"
      ], 
      [
        1633124843, 
        "3061027840"
      ], 
      [
        1633124858, 
        "1863536640"
      ], 
      [
        1633124873, 
        "2026743808"
      ], 
      [
        1633124888, 
        "1983490048"
      ], 
      [
        1633124903, 
        "1298740224"
      ]
    ]
  }, 
  "tcp_conn": {
    "metric": {}, 
    "values": [
      [
        1633124603, 
        "15"
      ], 
      [
        1633124618, 
        "243"
      ], 
      [
        1633124633, 
        "282"
      ], 
      [
        1633124648, 
        "58"
      ], 
      [
        1633124663, 
        "2"
      ], 
      [
        1633124678, 
        "25"
      ], 
      [
        1633124693, 
        "84"
      ], 
      [
        1633124708, 
        "164"
      ], 
      [
        1633124723, 
        "474"
      ], 
      [
        1633124738, 
        "256"
      ], 
      [
        1633124753, 
        "382"
      ], 
      [
        1633124768, 
        "267"
      ], 
      [
        1633124783, 
        "359"
      ], 
      [
        1633124798, 
        "211"
      ], 
      [
        1633124813, 
        "104"
      ], 
      [
        1633124828, 
        "4"
      ], 
      [
        1633124843, 
        "5"
      ], 
      [
        1633124858, 
        "79"
      ], 
      [
        1633124873, 
        "4"
      ], 
      [
        1633124888, 
        "4"
      ], 
      [
        1633124903, 
        "144"
      ]
    ]
  }, 
  "kvdb_bytes_read": {
    "metric": {
      "instance": "172.17.0.1:3033", 
      "job": "openethereum"
    }, 
    "values": [
      [
        1633124603, 
        "34410.8"
      ], 
      [
        1633124618, 
        "73179.3"
      ], 
      [
        1633124633, 
        "428738.7"
      ], 
      [
        1633124648, 
        "174491.55853333333"
      ], 
      [
        1633124663, 
        "489835.6"
      ], 
      [
        1633124678, 
        "348769.1"
      ], 
      [
        1633124693, 
        "621991.3"
      ], 
      [
        1633124708, 
        "31779.3"
      ], 
      [
        1633124723, 
        "391343.2"
      ], 
      [
        1633124738, 
        "116967.6"
      ], 
      [
        1633124753, 
        "394694.9"
      ], 
      [
        1633124768, 
        "46118.7"
      ], 
      [
        1633124783, 
        "145902.8"
      ], 
      [
        1633124813, 
        "0"
      ], 
      [
        1633124828, 
        "636280.9"
      ], 
      [
        1633124843, 
        "393714.5"
      ], 
      [
        1633124873, 
        "0"
      ], 
      [
        1633124888, 
        "63695.69479999999"
      ], 
      [
        1633124903, 
        "487737.3"
      ]
    ]
  }, 
  "tcp_sends": {
    "metric": {},