{
  "dir_read_c": {
    "metric": {
      "instance": "172.17.0.1:8000", 
      "hostname": "longz-experiment", 
      "pid": "27446", 
      "directory": "/data/blockchain/eth-data", 
      "job": "syscall_monitoring", 
      "application_name": "openethereum", 
      "__name__": "dir_reads_total"
    }, 
    "values": [
      [
        1633124906, 
        "62081"
      ], 
      [
        1633124921, 
        "96844"
      ], 
      [
        1633124936, 
        "83351"
      ], 
      [
        1633124951, 
        "125593"
      ], 
      [
        1633124966, 
        "138664"
      ], 
      [
        1633124981, 
        "133717"
      ], 
      [
        1633124996, 
        "150534"
      ], 
      [
        1633125011, 
        "103559"
      ], 
      [
        1633125026, 
        "111505"
      ], 
      [
        1633125041, 
        "156160"
      ], 
      [
        1633125056, 
        "147662"
      ], 
      [
        1633125071, 
        "121853"
      ], 
      [
        1633125086, 
        "98096"
      ], 
      [
        1633125101, 
        "189932"
      ], 
      [
        1633125116, 
        "115190"
      ], 
      [
        1633125131, 
        "115655"
      ], 
      [
        1633125146, 
        "93213"
      ], 
      [
        1633125161, 
        "74787"
      ], 
      [
        1633125176, 
        "111503"
      ], 
      [
        1633125191, 
        "114075"
      ], 
      [
        1633125206, 
        "151727"
      ]
    ]
  }, 
  "stat": {
    "dir_read_c": {
      "max": 156160.0, 
      "mean": 118842.90476190476, 
      "variance": 876787593.133787, 
      "pvalue": 1.2777276027853748e-14, 
      "min": 74787.0
    }, 
    "dir_reads": {
      "max": 3275900928.0, 
      "mean": 2404864487.6190476, 
      "variance": 3.405922439790212e+17, 
      "pvalue": 2.1381249241632755e-14, 
      "min": 1465230336.0
    }, 
    "tcp_conn": {
      "max": 206.0, 
      "mean": 91.47619047619048, 
      "variance": 6854.820861678005, 
      "pvalue": 6.57977511633358e-05, 
      "min": 9.0
    }, 
    "kvdb_bytes_read": {
      "max": 642932.1999999998, 
      "mean": 274323.7219706414, 
      "variance": 56380272851.303955, 
      "pvalue": 0.05557284939704618, 
      "min": 1553.2517840000003
    }, 
    "tcp_sends": {
      "max": 180224.0, 
      "mean": 183100.95238095237, 
      "variance": 311819201380.4263, 
      "pvalue": 5.798923227180515e-08, 
      "min": 20480.0
    }, 
    "dir_writes": {
      "max": 283573248.0, 
      "mean": 218150912.0, 
      "variance": 1227414720254537.2, 
      "pvalue": 0.044690069782168274, 
      "min": 170324992.0
    }, 
    "kvdb_bytes_write": {
      "max": 745879.6027029187, 
      "mean": 194218.4294895375, 
      "variance": 75259370367.64384, 
      "pvalue": 0.30309073263745945, 
      "min": 0.0
    }, 
    "dir_write_c": {
      "max": 513.0, 
      "mean": 2443.5714285714284, 
      "variance": 87218276.14965989, 
      "pvalue": 0.05812036411242778, 
      "min": 279.0
    }, 
    "peer_stats": {
      "max": 8.0, 
      "mean": 4.3076923076923075, 
      "variance": 8.67455621301775, 
      "pvalue": 1.4913028337199194e-12, 
      "min": 1.0
    }, 
    "tcp_recvs": {
      "max": 4411392.0, 
      "mean": 942421.3333333334, 
      "variance": 1827720330223.7458, 
      "pvalue": 0.0002748207452094303, 
      "min": 0.0
    }
  }, 
  "dir_reads": {
    "metric": {
      "instance": "172.17.0.1:8000", 
      "hostname": "longz-experiment", 
      "pid": "27446", 
      "directory": "/data/blockchain/eth-data", 
      "job": "syscall_monitoring", 
      "application_name": "openethereum"
    }, 
    "values": [
      [
        1633124906, 
        "1298740224"
      ], 
      [
        1633124921, 
        "2013771776"
      ], 
      [
        1633124936, 
        "1752046592"
      ], 
      [
        1633124951, 
        "2652773376"
      ], 
      [
        1633124966, 
        "2851650560"
      ], 
      [
        1633124981, 
        "2788543488"
      ], 
      [
        1633124996, 
        "3152827392"
      ], 
      [
        1633125011, 
        "2208114688"
      ], 
      [
        1633125026, 
        "2371826688"
      ], 
      [
        1633125041, 
        "3275900928"
      ], 
      [
        1633125056, 
        "2912927744"
      ], 
      [
        1633125071, 
        "2387661824"
      ], 
      [
        1633125086, 
        "1931098112"
      ], 
      [
        1633125101, 
        "3639712768"
      ], 
      [
        1633125116, 
        "2225934336"
      ], 
      [
        1633125131, 
        "2235636736"
      ], 
      [
        1633125146, 
        "1941204992"
      ], 
      [
        1633125161, 
        "1465230336"
      ], 
      [
        1633125176, 
        "2180981760"
      ], 
      [
        1633125191, 
        "2230420480"
      ], 
      [
        1633125206, 
        "2985149440"
      ]
    ]
  }, 
  "tcp_conn": {
    "metric": {}, 
    "values": [
      [
        1633124906, 
        "144"
      ], 
      [
        1633124921, 
        "108"
      ], 
      [
        1633124936, 
        "116"
      ], 
      [
        1633124951, 
        "78"
      ], 
      [
        1633124966, 
        "37"
      ], 
      [
        1633124981, 
        "24"
      ], 
      [
        1633124996, 
        "12"
      ], 
      [
        1633125011, 
        "35"
      ], 
      [
        1633125026, 
        "37"
      ], 
      [
        1633125041, 
        "9"
      ], 
      [
        1633125056, 
        "11"
      ], 
      [
        1633125071, 
        "88"
      ], 
      [
        1633125086, 
        "128"
      ], 
      [
        1633125101, 
        "4"
      ], 
      [
        1633125116, 
        "59"
      ], 
      [
        1633125131, 
        "206"
      ], 
      [
        1633125146, 
        "184"
      ], 
      [
        1633125161, 
        "351"
      ], 
      [
        1633125176, 
        "117"
      ], 
      [
        1633125191, 
        "146"
      ], 
      [
        1633125206, 
        "27"
      ]
    ]
  }, 
  "kvdb_bytes_read": {
    "metric": {
      "instance": "172.17.0.1:3033", 
      "job": "openethereum"
    }, 
    "values": [
      [
        1633124921, 
        "91783.1"
      ], 
      [
        1633124951, 
        "0"
      ], 
      [
        1633124966, 
        "773157.4"
      ], 
      [
        1633124996, 
        "58913.09504"
      ], 
      [
        1633125011, 
        "32066.035786666667"
      ], 
      [
        1633125041, 
        "295168"
      ], 
      [
        1633125056, 
        "239184.7"
      ], 
      [
        1633125071, 
        "101635.8"
      ], 
      [
        1633125086, 
        "325752.8"
      ], 
      [
        1633125101, 
        "2218.93112"
      ], 
      [
        1633125116, 
        "564830.9676129547"
      ], 
      [
        1633125131, 
        "249093.8"
      ], 
      [
        1633125146, 
        "220793.8"
      ], 
      [
        1633125161, 
        "573136"
      ], 
      [
        1633125176, 
        "587121.4"
      ]
    ]
  }, 
  "tcp_sends": {
    "metric": {},