{
  "dir_read_c": {
    "metric": {
      "instance": "172.17.0.1:8000", 
      "hostname": "longz-experiment", 
      "pid": "28935", 
      "directory": "/data/blockchain/eth-data", 
      "job": "syscall_monitoring", 
      "application_name": "openethereum", 
      "__name__": "dir_reads_total"
    }, 
    "values": [
      [
        1633128284, 
        "136052"
      ], 
      [
        1633128299, 
        "71369"
      ], 
      [
        1633128314, 
        "94128"
      ], 
      [
        1633128329, 
        "127559"
      ], 
      [
        1633128344, 
        "158658"
      ], 
      [
        1633128359, 
        "132902"
      ], 
      [
        1633128374, 
        "229528"
      ], 
      [
        1633128389, 
        "165053"
      ], 
      [
        1633128404, 
        "187352"
      ], 
      [
        1633128419, 
        "198044"
      ], 
      [
        1633128434, 
        "226420"
      ], 
      [
        1633128449, 
        "263443"
      ], 
      [
        1633128464, 
        "220613"
      ], 
      [
        1633128479, 
        "62187"
      ], 
      [
        1633128494, 
        "28220"
      ], 
      [
        1633128509, 
        "73458"
      ], 
      [
        1633128524, 
        "68016"
      ], 
      [
        1633128539, 
        "48584"
      ], 
      [
        1633128554, 
        "44717"
      ], 
      [
        1633128569, 
        "32090"
      ], 
      [
        1633128584, 
        "45456"
      ]
    ]
  }, 
  "stat": {
    "dir_read_c": {
      "max": 229528.0, 
      "mean": 124469.0, 
      "variance": 5331199406.571428, 
      "pvalue": 1.7327962094997868e-07, 
      "min": 32090.0
    }, 
    "dir_reads": {
      "max": 5232304128.0, 
      "mean": 2861788013.714286, 
      "variance": 5.237848621080246e+18, 
      "pvalue": 4.864855962059236e-08, 
      "min": 680557568.0
    }, 
    "tcp_conn": {
      "max": 350.0, 
      "mean": 93.57142857142857, 
      "variance": 12489.578231292518, 
      "pvalue": 0.024853516838904344, 
      "min": 0.0
    }, 
    "kvdb_bytes_read": {
      "max": 932746.5999999999, 
      "mean": 383831.1692444445, 
      "variance": 118064901602.59917, 
      "pvalue": 0.04839904404673303, 
      "min": 21705.863069333336
    }, 
    "tcp_sends": {
      "max": 122880.0, 
      "mean": 52760.380952380954, 
      "variance": 5637306261.188206, 
      "pvalue": 1.5622390219526685e-08, 
      "min": 0.0
    }, 
    "dir_writes": {
      "max": 360393728.0, 
      "mean": 266677052.95238096, 
      "variance": 3002707052218066.5, 
      "pvalue": 6.071647347388469e-08, 
      "min": 216039424.0
    }, 
    "kvdb_bytes_write": {
      "max": 5751478.09, 
      "mean": 1061375.7189191112, 
      "variance": 4323889921754.613, 
      "pvalue": 0.2455942233744059, 
      "min": 0.0
    }, 
    "dir_write_c": {
      "max": 5485.0, 
      "mean": 3581.9523809523807, 
      "variance": 107120365.75963718, 
      "pvalue": 0.18975053013296797, 
      "min": 221.0
    }, 
    "peer_stats": {
      "max": 3.5999999999999943, 
      "mean": 1.2307692307692308, 
      "variance": 2.485207100591716, 
      "pvalue": 1.4913028337199194e-12, 
      "min": 0.0
    }, 
    "tcp_recvs": {
      "max": 3481600.0, 
      "mean": 352304.7619047619, 
      "variance": 1104707419342.6562, 
      "pvalue": 2.3034806536714618e-14, 
      "min": 0.0
    }
  }, 
  "dir_reads": {
    "metric": {
      "instance": "172.17.0.1:8000", 
      "hostname": "longz-experiment", 
      "pid": "28935", 
      "directory": "/data/blockchain/eth-data", 
      "job": "syscall_monitoring", 
      "application_name": "openethereum"
    }, 
    "values": [
      [
        1633128284, 
        "10919228416"
      ], 
      [
        1633128299, 
        "1678834688"
      ], 
      [
        1633128314, 
        "1961854976"
      ], 
      [
        1633128329, 
        "2451459072"
      ], 
      [
        1633128344, 
        "3048871936"
      ], 
      [
        1633128359, 
        "2587853824"
      ], 
      [
        1633128374, 
        "4489759744"
      ], 
      [
        1633128389, 
        "3248099328"
      ], 
      [
        1633128404, 
        "3637625856"
      ], 
      [
        1633128419, 
        "3847994368"
      ], 
      [
        1633128434, 
        "4436592640"
      ], 
      [
        1633128449, 
        "5232304128"
      ], 
      [
        1633128464, 
        "4382990336"
      ], 
      [
        1633128479, 
        "1246947328"
      ], 
      [
        1633128494, 
        "584013824"
      ], 
      [
        1633128509, 
        "1482660864"
      ], 
      [
        1633128524, 
        "1362082816"
      ], 
      [
        1633128539, 
        "992798720"
      ], 
      [
        1633128554, 
        "912887808"
      ], 
      [
        1633128569, 
        "680557568"
      ], 
      [
        1633128584, 
        "912130048"
      ]
    ]
  }, 
  "tcp_conn": {
    "metric": {}, 
    "values": [
      [
        1633128284, 
        "66"
      ], 
      [
        1633128299, 
        "19"
      ], 
      [
        1633128314, 
        "79"
      ], 
      [
        1633128329, 
        "28"
      ], 
      [
        1633128344, 
        "3"
      ], 
      [
        1633128359, 
        "49"
      ], 
      [
        1633128374, 
        "45"
      ], 
      [
        1633128389, 
        "26"
      ], 
      [
        1633128404, 
        "16"
      ], 
      [
        1633128419, 
        "38"
      ], 
      [
        1633128434, 
        "39"
      ], 
      [
        1633128449, 
        "0"
      ], 
      [
        1633128464, 
        "43"
      ], 
      [
        1633128479, 
        "166"
      ], 
      [
        1633128494, 
        "205"
      ], 
      [
        1633128509, 
        "168"
      ], 
      [
        1633128524, 
        "350"
      ], 
      [
        1633128539, 
        "392"
      ], 
      [
        1633128554, 
        "224"
      ], 
      [
        1633128569, 
        "0"
      ], 
      [
        1633128584, 
        "9"
      ]
    ]
  }, 
  "kvdb_bytes_read": {
    "metric": {
      "instance": "172.17.0.1:3033", 
      "job": "openethereum"
    }, 
    "values": [
      [
        1633128299, 
        "384763.6"
      ], 
      [
        1633128314, 
        "443837.4"
      ], 
      [
        1633128329, 
        "776416.2"
      ], 
      [
        1633128359, 
        "708850.7077066668"
      ], 
      [
        1633128374, 
        "257278.72170666666"
      ], 
      [
        1633128389, 
        "1069551.8"
      ], 
      [
        1633128404, 
        "709855.9561600001"
      ], 
      [
        1633128419, 
        "874115.8"
      ], 
      [
        1633128449, 
        "0"
      ], 
      [
        1633128464, 
        "92298.63357333333"
      ], 
      [
        1633128479, 
        "104548.2"
      ], 
      [
        1633128494, 
        "75486.74370666668"
      ], 
      [
        1633128509, 
        "115618.9"
      ], 
      [
        1633128524, 
        "31008.375813333332"
      ], 
      [
        1633128539, 
        "113836.5"
      ]
    ]
  }, 
  "tcp_sends": {
    "metric": {},