{
  "dir_read_c": {
    "metric": {
      "instance": "172.17.0.1:8000", 
      "hostname": "longz-experiment", 
      "pid": "28935", 
      "directory": "/data/blockchain/eth-data", 
      "job": "syscall_monitoring", 
      "application_name": "openethereum", 
      "__name__": "dir_reads_total"
    }, 
    "values": [
      [
        1633127984, 
        "22727"
      ], 
      [
        1633127999, 
        "20119"
      ], 
      [
        1633128014, 
        "22949"
      ], 
      [
        1633128029, 
        "15597"
      ], 
      [
        1633128044, 
        "71761"
      ], 
      [
        1633128059, 
        "34236"
      ], 
      [
        1633128074, 
        "28299"
      ], 
      [
        1633128089, 
        "27155"
      ], 
      [
        1633128104, 
        "51270"
      ], 
      [
        1633128119, 
        "87536"
      ], 
      [
        1633128134, 
        "102305"
      ], 
      [
        1633128149, 
        "69968"
      ], 
      [
        1633128164, 
        "128874"
      ], 
      [
        1633128179, 
        "98907"
      ], 
      [
        1633128194, 
        "106963"
      ], 
      [
        1633128209, 
        "144040"
      ], 
      [
        1633128224, 
        "123859"
      ], 
      [
        1633128239, 
        "146104"
      ], 
      [
        1633128254, 
        "140662"
      ], 
      [
        1633128269, 
        "207311"
      ], 
      [
        1633128284, 
        "136052"
      ]
    ]
  }, 
  "stat": {
    "dir_read_c": {
      "max": 146104.0, 
      "mean": 85080.66666666667, 
      "variance": 2844381018.984127, 
      "pvalue": 2.8239488219043723e-05, 
      "min": 20119.0
    }, 
    "dir_reads": {
      "max": 9277291520.0, 
      "mean": 2332070668.1904764, 
      "variance": 7.149780383598519e+18, 
      "pvalue": 3.6505280440145434e-05, 
      "min": 498540544.0
    }, 
    "tcp_conn": {
      "max": 459.0, 
      "mean": 195.14285714285714, 
      "variance": 25246.693877551017, 
      "pvalue": 1.275148866126355e-07, 
      "min": 2.0
    }, 
    "kvdb_bytes_read": {
      "max": 706747.9600000001, 
      "mean": 316344.3674063158, 
      "variance": 44644884092.88581, 
      "pvalue": 0.004400074938965449, 
      "min": 75113.40167466667
    }, 
    "tcp_sends": {
      "max": 1006592.0, 
      "mean": 309443.04761904763, 
      "variance": 96159673968.6168, 
      "pvalue": 0.005204090705012722, 
      "min": 22528.0
    }, 
    "dir_writes": {
      "max": 272955392.0, 
      "mean": 201830107.42857143, 
      "variance": 1762525238440353.5, 
      "pvalue": 0.694016507346874, 
      "min": 136719360.0
    }, 
    "kvdb_bytes_write": {
      "max": 1142416.7172586569, 
      "mean": 487751.3744982458, 
      "variance": 1379363170747.2954, 
      "pvalue": 0.8592277456677972, 
      "min": 0.0
    }, 
    "dir_write_c": {
      "max": 4896.0, 
      "mean": 2767.714285714286, 
      "variance": 87699790.29931973, 
      "pvalue": 0.40560894490961236, 
      "min": 173.0
    }, 
    "peer_stats": {
      "max": 21.099999999999998, 
      "mean": 14.947368421052632, 
      "variance": 13.628808864265926, 
      "pvalue": 1.0330418982380094e-16, 
      "min": 9.9
    }, 
    "tcp_recvs": {
      "max": 19344384.0, 
      "mean": 5547544.380952381, 
      "variance": 53601897357887.85, 
      "pvalue": 0.009938196326262552, 
      "min": 282624.0
    }
  }, 
  "dir_reads": {
    "metric": {
      "instance": "172.17.0.1:8000", 
      "hostname": "longz-experiment", 
      "pid": "28935", 
      "directory": "/data/blockchain/eth-data", 
      "job": "syscall_monitoring", 
      "application_name": "openethereum"
    }, 
    "values": [
      [
        1633127984, 
        "534124544"
      ], 
      [
        1633127999, 
        "498540544"
      ], 
      [
        1633128014, 
        "517632000"
      ], 
      [
        1633128029, 
        "326464512"
      ], 
      [
        1633128044, 
        "1579314176"
      ], 
      [
        1633128059, 
        "632757248"
      ], 
      [
        1633128074, 
        "507059200"
      ], 
      [
        1633128089, 
        "510481408"
      ], 
      [
        1633128104, 
        "1006745600"
      ], 
      [
        1633128119, 
        "1761329152"
      ], 
      [
        1633128134, 
        "2081043456"
      ], 
      [
        1633128149, 
        "1402303488"
      ], 
      [
        1633128164, 
        "2483808256"
      ], 
      [
        1633128179, 
        "1866363904"
      ], 
      [
        1633128194, 
        "2076528640"
      ], 
      [
        1633128209, 
        "2857907200"
      ], 
      [
        1633128224, 
        "2414679040"
      ], 
      [
        1633128239, 
        "2893278208"
      ], 
      [
        1633128254, 
        "2826603520"
      ], 
      [
        1633128269, 
        "9277291520"
      ], 
      [
        1633128284, 
        "10919228416"
      ]
    ]
  }, 
  "tcp_conn": {
    "metric": {}, 
    "values": [
      [
        1633127984, 
        "277"
      ], 
      [
        1633127999, 
        "474"
      ], 
      [
        1633128014, 
        "459"
      ], 
      [
        1633128029, 
        "261"
      ], 
      [
        1633128044, 
        "257"
      ], 
      [
        1633128059, 
        "341"
      ], 
      [
        1633128074, 
        "435"
      ], 
      [
        1633128089, 
        "299"
      ], 
      [
        1633128104, 
        "174"
      ], 
      [
        1633128119, 
        "2"
      ], 
      [
        1633128134, 
        "2"
      ], 
      [
        1633128149, 
        "290"
      ], 
      [
        1633128164, 
        "34"
      ], 
      [
        1633128179, 
        "348"
      ], 
      [
        1633128194, 
        "171"
      ], 
      [
        1633128209, 
        "2"
      ], 
      [
        1633128224, 
        "127"
      ], 
      [
        1633128239, 
        "17"
      ], 
      [
        1633128254, 
        "39"
      ], 
      [
        1633128269, 
        "23"
      ], 
      [
        1633128284, 
        "66"
      ]
    ]
  }, 
  "kvdb_bytes_read": {
    "metric": {
      "instance": "172.17.0.1:3033", 
      "job": "openethereum"
    }, 
    "values": [
      [
        1633127984, 
        "92164"
      ], 
      [
        1633127999, 
        "76181.5"
      ], 
      [
        1633128014, 
        "178204.4"
      ], 
      [
        1633128029, 
        "625869.8"
      ], 
      [
        1633128044, 
        "126529.5"
      ], 
      [
        1633128059, 
        "174204.1"
      ], 
      [
        1633128074, 
        "148686.5"
      ], 
      [
        1633128089, 
        "271347.8"
      ], 
      [
        1633128104, 
        "266085.33144000004"
      ], 
      [
        1633128119, 
        "428092.4"
      ], 
      [
        1633128134, 
        "157370.5"
      ], 
      [
        1633128149, 
        "714772.9"
      ], 
      [
        1633128164, 
        "339235.4"
      ], 
      [
        1633128179, 
        "473127.7"
      ], 
      [
        1633128194, 
        "207229.39570666666"
      ], 
      [
        1633128209, 
        "65500.51674666667"
      ], 
      [
        1633128239, 
        "611918.8"
      ], 
      [
        1633128254, 
        "705856.3"
      ], 
      [
        1633128269, 
        "348166.1368266667"
      ]
    ]
  }, 
  "tcp_sends": {
    "metric": {},