{
  "dir_read_c": {
    "metric": {
      "instance": "172.17.0.1:8000", 
      "hostname": "longz-experiment", 
      "pid": "28935", 
      "directory": "/data/blockchain/eth-data", 
      "job": "syscall_monitoring", 
      "application_name": "openethereum", 
      "__name__": "dir_reads_total"
    }, 
    "values": [
      [
        1633129189, 
        "48691"
      ], 
      [
        1633129204, 
        "38361"
      ], 
      [
        1633129219, 
        "96389"
      ], 
      [
        1633129234, 
        "35974"
      ], 
      [
        1633129249, 
        "71987"
      ], 
      [
        1633129264, 
        "45075"
      ], 
      [
        1633129279, 
        "24554"
      ], 
      [
        1633129294, 
        "114277"
      ], 
      [
        1633129309, 
        "59714"
      ], 
      [
        1633129324, 
        "105919"
      ], 
      [
        1633129339, 
        "118848"
      ], 
      [
        1633129354, 
        "119898"
      ], 
      [
        1633129369, 
        "115773"
      ], 
      [
        1633129384, 
        "93718"
      ], 
      [
        1633129399, 
        "203224"
      ], 
      [
        1633129414, 
        "140512"
      ], 
      [
        1633129429, 
        "182382"
      ], 
      [
        1633129444, 
        "250262"
      ], 
      [
        1633129459, 
        "117914"
      ], 
      [
        1633129474, 
        "159418"
      ], 
      [
        1633129489, 
        "96166"
      ]
    ]
  }, 
  "stat": {
    "dir_read_c": {
      "max": 203224.0, 
      "mean": 106621.71428571429, 
      "variance": 3216494648.489796, 
      "pvalue": 2.410017828781979e-08, 
      "min": 35974.0
    }, 
    "dir_reads": {
      "max": 4094372864.0, 
      "mean": 2159493851.428571, 
      "variance": 1.292157143088817e+18, 
      "pvalue": 6.698647265630681e-08, 
      "min": 734996480.0
    }, 
    "tcp_conn": {
      "max": 287.0, 
      "mean": 109.23809523809524, 
      "variance": 9425.32426303855, 
      "pvalue": 6.815362109878142e-06, 
      "min": 9.0
    }, 
    "kvdb_bytes_read": {
      "max": 960275.5, 
      "mean": 389974.53224507935, 
      "variance": 94141571880.0993, 
      "pvalue": 0.0020383689456928847, 
      "min": 6429.4
    }, 
    "tcp_sends": {
      "max": 293888.0, 
      "mean": 99913.14285714286, 
      "variance": 6761374977.741496, 
      "pvalue": 9.000602513310764e-07, 
      "min": 22528.0
    }, 
    "dir_writes": {
      "max": 464483328.0, 
      "mean": 251566811.42857143, 
      "variance": 4.22576636811161e+16, 
      "pvalue": 0.6580550415971768, 
      "min": 29760512.0
    }, 
    "kvdb_bytes_write": {
      "max": 9044279.9, 
      "mean": 1614684.233551746, 
      "variance": 13901480910846.908, 
      "pvalue": 0.8237665509668782, 
      "min": 0.0
    }, 
    "dir_write_c": {
      "max": 14378.0, 
      "mean": 3776.714285714286, 
      "variance": 110159214.48979594, 
      "pvalue": 0.21592605517769847, 
      "min": 193.0
    }, 
    "peer_stats": {
      "max": 8.0, 
      "mean": 5.705882352941177, 
      "variance": 3.6193771626297577, 
      "pvalue": 4.793145621230278e-16, 
      "min": 2.6000000000000005
    }, 
    "tcp_recvs": {
      "max": 22048768.0, 
      "mean": 6420480.0, 
      "variance": 72289249269857.53, 
      "pvalue": 0.12219463021305248, 
      "min": 121856.0
    }
  }, 
  "dir_reads": {
    "metric": {
      "instance": "172.17.0.1:8000", 
      "hostname": "longz-experiment", 
      "pid": "28935", 
      "directory": "/data/blockchain/eth-data", 
      "job": "syscall_monitoring", 
      "application_name": "openethereum"
    }, 
    "values": [
      [
        1633129189, 
        "972150784"
      ], 
      [
        1633129204, 
        "768580608"
      ], 
      [
        1633129219, 
        "2073365504"
      ], 
      [
        1633129234, 
        "734996480"
      ], 
      [
        1633129249, 
        "1472906240"
      ], 
      [
        1633129264, 
        "934777856"
      ], 
      [
        1633129279, 
        "506974208"
      ], 
      [
        1633129294, 
        "2296264704"
      ], 
      [
        1633129309, 
        "1221934080"
      ], 
      [
        1633129324, 
        "2136675328"
      ], 
      [
        1633129339, 
        "2348589056"
      ], 
      [
        1633129354, 
        "2380650496"
      ], 
      [
        1633129369, 
        "2308292608"
      ], 
      [
        1633129384, 
        "1882420224"
      ], 
      [
        1633129399, 
        "4094372864"
      ], 
      [
        1633129414, 
        "2875482112"
      ], 
      [
        1633129429, 
        "3612390400"
      ], 
      [
        1633129444, 
        "4999612416"
      ], 
      [
        1633129459, 
        "2624333824"
      ], 
      [
        1633129474, 
        "3263651840"
      ], 
      [
        1633129489, 
        "1840949248"
      ]
    ]
  }, 
  "tcp_conn": {
    "metric": {}, 
    "values": [
      [
        1633129189, 
        "11"
      ], 
      [
        1633129204, 
        "208"
      ], 
      [
        1633129219, 
        "133"
      ], 
      [
        1633129234, 
        "355"
      ], 
      [
        1633129249, 
        "9"
      ], 
      [
        1633129264, 
        "188"
      ], 
      [
        1633129279, 
        "287"
      ], 
      [
        1633129294, 
        "56"
      ], 
      [
        1633129309, 
        "53"
      ], 
      [
        1633129324, 
        "42"
      ], 
      [
        1633129339, 
        "55"
      ], 
      [
        1633129354, 
        "58"
      ], 
      [
        1633129369, 
        "54"
      ], 
      [
        1633129384, 
        "205"
      ], 
      [
        1633129399, 
        "49"
      ], 
      [
        1633129414, 
        "224"
      ], 
      [
        1633129429, 
        "68"
      ], 
      [
        1633129444, 
        "27"
      ], 
      [
        1633129459, 
        "153"
      ], 
      [
        1633129474, 
        "2"
      ], 
      [
        1633129489, 
        "57"
      ]
    ]
  }, 
  "kvdb_bytes_read": {
    "metric": {
      "instance": "172.17.0.1:3033", 
      "job": "openethereum"
    }, 
    "values": [
      [
        1633129189, 
        "71.8"
      ], 
      [
        1633129204, 
        "382180.7"
      ], 
      [
        1633129219, 
        "124426.1"
      ], 
      [
        1633129234, 
        "334083.4"
      ], 
      [
        1633129249, 
        "148176.5"
      ], 
      [
        1633129264, 
        "70537.3"
      ], 
      [
        1633129279, 
        "529365.8394666667"
      ], 
      [
        1633129294, 
        "93292.6"
      ], 
      [
        1633129309, 
        "473028"
      ], 
      [
        1633129324, 
        "318057.9"
      ], 
      [
        1633129339, 
        "440200.69432"
      ], 
      [
        1633129354, 
        "162002.32712"
      ], 
      [
        1633129369, 
        "74877"
      ], 
      [
        1633129384, 
        "960275.5"
      ], 
      [
        1633129399, 
        "620075"
      ], 
      [
        1633129414, 
        "1000470.1"
      ], 
      [
        1633129429, 
        "948481.5"
      ], 
      [
        1633129444, 
        "539897.6"
      ], 
      [
        1633129459, 
        "666404.5162400001"
      ], 
      [
        1633129474, 
        "297131.4"
      ], 
      [
        1633129489, 
        "6429.4"
      ]
    ]
  }, 
  "tcp_sends": {
    "metric": {},