{
  "dir_read_c": {
    "metric": {
      "instance": "172.17.0.1:8000", 
      "hostname": "longz-experiment", 
      "pid": "28935", 
      "directory": "/data/blockchain/eth-data", 
      "job": "syscall_monitoring", 
      "application_name": "openethereum", 
      "__name__": "dir_reads_total"
    }, 
    "values": [
      [
        1633128886, 
        "104010"
      ], 
      [
        1633128901, 
        "166375"
      ], 
      [
        1633128916, 
        "122639"
      ], 
      [
        1633128931, 
        "113900"
      ], 
      [
        1633128946, 
        "170626"
      ], 
      [
        1633128961, 
        "108440"
      ], 
      [
        1633128976, 
        "117925"
      ], 
      [
        1633128991, 
        "51866"
      ], 
      [
        1633129006, 
        "117383"
      ], 
      [
        1633129021, 
        "241527"
      ], 
      [
        1633129036, 
        "158459"
      ], 
      [
        1633129051, 
        "181637"
      ], 
      [
        1633129066, 
        "175342"
      ], 
      [
        1633129081, 
        "167815"
      ], 
      [
        1633129096, 
        "151795"
      ], 
      [
        1633129111, 
        "129456"
      ], 
      [
        1633129126, 
        "140875"
      ], 
      [
        1633129141, 
        "120555"
      ], 
      [
        1633129156, 
        "64427"
      ], 
      [
        1633129171, 
        "45251"
      ], 
      [
        1633129186, 
        "48691"
      ]
    ]
  }, 
  "stat": {
    "dir_read_c": {
      "max": 181637.0, 
      "mean": 128523.52380952382, 
      "variance": 2331811950.5351477, 
      "pvalue": 1.4219518656934573e-12, 
      "min": 48691.0
    }, 
    "dir_reads": {
      "max": 3639302144.0, 
      "mean": 2581000192.0, 
      "variance": 9.235312416142506e+17, 
      "pvalue": 4.780892738862843e-12, 
      "min": 972150784.0
    }, 
    "tcp_conn": {
      "max": 379.0, 
      "mean": 87.42857142857143, 
      "variance": 12942.054421768707, 
      "pvalue": 0.006156531709274404, 
      "min": 3.0
    }, 
    "kvdb_bytes_read": {
      "max": 1089863.0, 
      "mean": 480489.3267105882, 
      "variance": 137857208788.10834, 
      "pvalue": 0.0002647392474363457, 
      "min": 57.44
    }, 
    "tcp_sends": {
      "max": 176128.0, 
      "mean": 64609.52380952381, 
      "variance": 3124347511.5827665, 
      "pvalue": 3.295399533544913e-08, 
      "min": 14336.0
    }, 
    "dir_writes": {
      "max": 481179648.0, 
      "mean": 260145542.0952381, 
      "variance": 2.68495374990556e+16, 
      "pvalue": 0.05383776888154672, 
      "min": 40208384.0
    }, 
    "kvdb_bytes_write": {
      "max": 4815347.54, 
      "mean": 992885.6091825804, 
      "variance": 2115295343852.7786, 
      "pvalue": 0.0171080140247108, 
      "min": 0.0
    }, 
    "dir_write_c": {
      "max": 6250.0, 
      "mean": 3383.8571428571427, 
      "variance": 86238119.17006801, 
      "pvalue": 0.00031825581785991665, 
      "min": 351.0
    }, 
    "peer_stats": {
      "max": 7.25, 
      "mean": 3.125, 
      "variance": 7.359375, 
      "pvalue": 3.5517678645213883e-15, 
      "min": 0.0
    }, 
    "tcp_recvs": {
      "max": 1990656.0, 
      "mean": 560810.6666666666, 
      "variance": 462616984559.7461, 
      "pvalue": 1.3461211731605991e-05, 
      "min": 0.0
    }
  }, 
  "dir_reads": {
    "metric": {
      "instance": "172.17.0.1:8000", 
      "hostname": "longz-experiment", 
      "pid": "28935", 
      "directory": "/data/blockchain/eth-data", 
      "job": "syscall_monitoring", 
      "application_name": "openethereum"
    }, 
    "values": [
      [
        1633128886, 
        "1901638656"
      ], 
      [
        1633128901, 
        "3120336896"
      ], 
      [
        1633128916, 
        "2383736832"
      ], 
      [
        1633128931, 
        "2471830528"
      ], 
      [
        1633128946, 
        "3491264512"
      ], 
      [
        1633128961, 
        "2195714048"
      ], 
      [
        1633128976, 
        "2361783296"
      ], 
      [
        1633128991, 
        "1174593536"
      ], 
      [
        1633129006, 
        "2512218112"
      ], 
      [
        1633129021, 
        "4817369088"
      ], 
      [
        1633129036, 
        "3258118144"
      ], 
      [
        1633129051, 
        "3639302144"
      ], 
      [
        1633129066, 
        "3601447936"
      ], 
      [
        1633129081, 
        "3413448704"
      ], 
      [
        1633129096, 
        "2980715520"
      ], 
      [
        1633129111, 
        "2609286144"
      ], 
      [
        1633129126, 
        "2695585792"
      ], 
      [
        1633129141, 
        "2401451008"
      ], 
      [
        1633129156, 
        "1305671680"
      ], 
      [
        1633129171, 
        "893340672"
      ], 
      [
        1633129186, 
        "972150784"
      ]
    ]
  }, 
  "tcp_conn": {
    "metric": {}, 
    "values": [
      [
        1633128886, 
        "35"
      ], 
      [
        1633128901, 
        "7"
      ], 
      [
        1633128916, 
        "19"
      ], 
      [
        1633128931, 
        "39"
      ], 
      [
        1633128946, 
        "19"
      ], 
      [
        1633128961, 
        "88"
      ], 
      [
        1633128976, 
        "186"
      ], 
      [
        1633128991, 
        "418"
      ], 
      [
        1633129006, 
        "102"
      ], 
      [
        1633129021, 
        "31"
      ], 
      [
        1633129036, 
        "32"
      ], 
      [
        1633129051, 
        "9"
      ], 
      [
        1633129066, 
        "3"
      ], 
      [
        1633129081, 
        "33"
      ], 
      [
        1633129096, 
        "66"
      ], 
      [
        1633129111, 
        "65"
      ], 
      [
        1633129126, 
        "379"
      ], 
      [
        1633129141, 
        "111"
      ], 
      [
        1633129156, 
        "183"
      ], 
      [
        1633129171, 
        "0"
      ], 
      [
        1633129186, 
        "11"
      ]
    ]
  }, 
  "kvdb_bytes_read": {
    "metric": {
      "instance": "172.17.0.1:3033", 
      "job": "openethereum"
    }, 
    "values": [
      [
        1633128886, 
        "784221.1"
      ], 
      [
        1633128901, 
        "618481.4"
      ], 
      [
        1633128916, 
        "14129.75232"
      ], 
      [
        1633128931, 
        "240050.80968"
      ], 
      [
        1633128946, 
        "60636.41698666666"
      ], 
      [
        1633128961, 
        "231818.5"
      ], 
      [
        1633128976, 
        "80985.3"
      ], 
      [
        1633129006, 
        "1085822.5"
      ], 
      [
        1633129021, 
        "804767.3"
      ], 
      [
        1633129036, 
        "1106025"
      ], 
      [
        1633129051, 
        "771264.8"
      ], 
      [
        1633129081, 
        "744651.4"
      ], 
      [
        1633129096, 
        "573546.3"
      ], 
      [
        1633129111, 
        "709755"
      ], 
      [
        1633129126, 
        "342091.1750933333"
      ], 
      [
        1633129171, 
        "0"
      ], 
      [
        1633129186, 
        "71.8"
      ]
    ]
  }, 
  "tcp_sends": {
    "metric": {},